files_modified_per_sec,files_created,files_deleted,rename_operations,read_operations,write_operations,entropy,cpu_usage,memory_usage,disk_io,extension_changes,directories_accessed,encryption_ratio,label
0.1549941941964351,2.0,0.0,0.0,55.0,4.0,3.2166080230416654,26.365710776701782,50.507156526290096,507.8734188777584,0.0,7.0,0.06847927628440276,0
7.707084742091531,33.0,19.0,21.0,193.0,183.0,6.899438557434792,66.39084065582117,78.3986258548797,82880.41085542705,11.0,56.0,0.9822325675496621,1
0.09581666764501837,3.0,0.0,0.0,46.0,8.0,4.07459589045071,13.179530271862092,22.86139124921439,598.0591083695407,0.0,2.0,0.01697018528551788,0
7.356561707091217,27.0,25.0,15.0,175.0,160.0,7.494428015116948,71.41367232431023,79.52363380381081,102626.6268685269,18.0,53.0,0.9322580907594553,1
2.980894655694612,32.0,27.0,16.0,206.0,173.0,6.04867874710217,76.0282334991761,54.737991709904804,19474.591180018095,17.0,50.0,0.6646836350389235,1
0.4438451328724534,1.0,0.0,1.0,54.0,2.0,6.452232219795327,0.0,48.96582158428037,3304.3027567491586,0.0,6.0,0.02198142451902664,0
0.96250426505737,1.0,3.0,0.0,41.0,2.0,4.640137803610038,21.070605895544368,37.18938786648531,5206.884087410756,0.0,7.0,0.030795067906857668,0
0.35319458599644377,1.0,2.0,3.0,64.0,6.0,3.870850744972038,24.72545517552411,40.3888822753482,6364.416236649454,0.0,6.0,0.0064533474129538195,0
0.3883396289181354,1.0,3.0,1.0,62.0,7.0,3.654852747256494,15.913097856510426,53.65940552029443,2014.8816915710524,0.0,4.0,0.08228754615519253,0
0.2799662571102045,1.0,1.0,0.0,52.0,5.0,4.710362284748914,12.403878939523842,36.954724255468065,3102.705725892119,0.0,5.0,0.029011292665285224,0
11.394237596408244,33.0,25.0,17.0,214.0,193.0,6.8573007442061185,77.64677850608182,61.94427456039904,47556.79182956118,20.0,47.0,0.678788074783804,1
8.87960237429166,31.0,17.0,21.0,200.0,184.0,7.009845794213956,82.07392364739263,78.17455106964192,7495.175394317588,16.0,44.0,0.8978468622598306,1
0.4789950401258197,1.0,2.0,0.0,54.0,3.0,5.792320135105257,18.72474645461829,0.0,3586.0345296543182,0.0,4.0,0.05005787089045124,0
0.14330710343396996,2.0,1.0,0.0,44.0,1.0,4.6456161387651775,16.110718680604975,41.59411301408271,2943.7883538547535,0.0,6.0,0.0119865743517855,0
6.559793994334203,25.0,26.0,18.0,195.0,173.0,7.462974876806091,57.835585701290356,89.1639097407365,127280.76623561783,24.0,54.0,0.73956799614306,1
0.2436874179259546,34.0,24.0,16.0,200.0,194.0,7.586410352214461,71.9287204205519,73.3440889910361,122540.14837848902,14.0,57.0,0.9283991266594639,1
0.8304761780516305,2.0,2.0,1.0,48.0,5.0,5.056923016508367,23.814487009637027,25.14756479188815,1937.1568630468487,0.0,5.0,0.001995460290480551,0
1.0507580768638445,2.0,1.0,1.0,43.0,10.0,3.1130533786645653,14.523453977127527,63.76614613730398,411.60514035077944,0.0,7.0,0.042034567489861355,0
0.6812922375385073,4.0,1.0,0.0,43.0,2.0,5.468616510063169,3.306250577456648,40.79525470141097,1646.0649545486033,0.0,6.0,0.0033440354010606486,0
0.37615478633303273,4.0,1.0,3.0,52.0,5.0,3.390301998151017,26.65481051591574,24.116442775285027,1481.551302074855,0.0,7.0,0.30362342447693524,0
0.03907016399493502,4.0,2.0,0.0,45.0,3.0,3.8517445337955323,20.113474769757996,57.290762087440086,351.8483040661359,1.0,1.0,0.025031323848460154,0
0.4682378080692783,2.0,0.0,1.0,48.0,4.0,4.571495342457528,11.165891917969397,48.7781571098495,761.9905158927958,0.0,8.0,0.0379495943626607,0
4.628616220100049,30.0,28.0,20.0,215.0,166.0,7.086160822623189,83.06257368569737,66.94603043135403,82380.29057452742,19.0,48.0,0.9098999254467737,1
0.21165209243318991,2.0,4.0,1.0,63.0,2.0,2.2269910831076234,3.7944571945000227,46.691720212893586,4060.7781717473035,0.0,4.0,0.04521524363844862,0
5.078861874358886,33.0,29.0,32.0,171.0,191.0,6.9920486255697485,87.82343435587018,90.6030145947432,51173.8679156138,18.0,58.0,0.7482671930234973,1
0.0027718816832983228,2.0,2.0,0.0,60.0,8.0,2.726154066260424,29.241743496437152,29.583508065526843,3037.053362599164,0.0,7.0,0.0037215147038811344,0
6.930084330995761,40.0,29.0,19.0,207.0,202.0,7.723010468617373,83.53511671281261,76.49384166163296,30822.252554985924,11.0,56.0,0.590720134871965,1
10.688107148594561,27.0,34.0,20.0,180.0,172.0,7.305118029559503,96.6978187370602,83.90793292076407,17690.814044767634,14.0,54.0,0.7267516056760872,1
2.833030563378705,34.0,28.0,29.0,197.0,180.0,7.11991567552703,81.01709254276861,90.56816903273227,2686.6812988694883,18.0,54.0,0.6138966257439139,1
0.16879671597725707,2.0,0.0,0.0,42.0,4.0,2.4571290940790638,20.375701503289083,35.463727048048,1416.6648245411066,0.0,1.0,0.07674430865201426,0
0.6301150339787386,31.0,25.0,13.0,205.0,180.0,7.263772668831285,47.89878231000762,74.56377598618143,2658.1363363643977,13.0,60.0,0.9051061727793107,1
0.15204729090274188,2.0,1.0,1.0,45.0,3.0,5.09583729404092,8.521615578326339,60.75468732965838,91.88899396456823,0.0,5.0,0.03839458633316974,0
7.696478039487262,26.0,31.0,19.0,184.0,184.0,7.746981798161915,66.48211727583862,58.67628471603192,7302.889067753031,17.0,50.0,0.8849930744314448,1
4.55374970171381,30.0,23.0,27.0,193.0,175.0,7.252993181735598,67.26986204995481,65.45886976027963,42975.081608360924,15.0,64.0,0.9446594461838764,1
52.458341209627804,34.0,28.0,19.0,199.0,177.0,7.004287108599216,61.110657769228766,81.152814898314,53581.77221625095,16.0,61.0,0.9659285108323936,1
0.0979877763031108,1.0,1.0,0.0,47.0,5.0,5.7290461589740325,17.983689597814106,34.075526821997094,3784.986705262486,0.0,5.0,0.0553906408662357,0
0.8762735127794056,1.0,1.0,1.0,63.0,1.0,5.912414531218332,0.0,42.74293175812393,3690.5125099575084,0.0,6.0,0.07077108943081999,0
0.6184339299346778,0.0,0.0,0.0,48.0,5.0,5.968106268066198,16.319109382529245,12.330486926035675,1616.8358435674008,0.0,5.0,0.0869112890710555,0
7.150976424628755,31.0,26.0,16.0,207.0,183.0,7.169513471097392,63.54143939048575,75.93943639068908,78408.92051137821,20.0,42.0,0.8551714957110452,1
5.818981046173671,27.0,26.0,17.0,203.0,183.0,8.0,73.47991062661916,75.14362836893864,93396.09289910123,17.0,52.0,0.6797597195088991,1
7.264044313336827,28.0,24.0,28.0,223.0,196.0,7.334020335352853,96.77528035105942,55.68188471849692,71169.57423822244,19.0,42.0,0.8837548607741715,1
0.3535661508424596,1.0,0.0,0.0,57.0,8.0,3.3333064608100034,13.818477317181705,12.634964465891748,3509.9435514567986,0.0,2.0,0.014430586308619533,0
7.208680877274982,19.0,34.0,28.0,199.0,171.0,6.951215600813038,95.53947866231078,66.85821179689354,61324.04239820095,16.0,58.0,0.6139396768490433,1
1.3803603934185973,3.0,2.0,1.0,43.0,7.0,4.753976158856161,29.71154379851911,19.234730828707548,2128.8532661144413,0.0,10.0,0.028053686205689803,0
2.9846524405674333,34.0,23.0,21.0,198.0,186.0,7.269009087340261,57.61882881321875,60.93166683908753,45751.30597897706,12.0,53.0,0.7162310144401406,1
0.23437747832147193,36.0,23.0,23.0,189.0,180.0,7.17648571500413,71.3106500800951,76.56630858394287,48963.235280880726,14.0,54.0,0.8810493842870626,1
0.20582832437905502,1.0,0.0,0.0,40.0,8.0,6.254389360272837,12.60473440339415,54.008449363718356,1298.3431862215696,0.0,3.0,0.018956066327811747,0
0.04438332403178368,3.0,0.0,0.0,53.0,7.0,4.301597013615461,37.05970978277782,59.3511657871864,1368.6484799272123,0.0,8.0,0.010783642110826618,0
0.024031283565052908,2.0,1.0,1.0,42.0,4.0,5.811212728758083,24.397855131384425,28.713006535433166,2153.698875323873,0.0,6.0,0.12374934406487242,0
36.8007323769178,28.0,27.0,21.0,193.0,158.0,7.178513077146221,53.24278372607627,43.64690574116443,44992.289627891965,13.0,57.0,0.776481510858962,1
0.12956358505448512,3.0,0.0,1.0,49.0,6.0,3.3623720086595545,31.3381339009708,12.036951008002717,251.77654877023625,0.0,0.0,0.020773280042748095,0
6.644110802786288,31.0,25.0,25.0,184.0,173.0,7.149292379094636,71.4929810197821,80.25639886214691,194.653081526121,22.0,39.0,0.8132838723426674,1
0.5423302926345187,4.0,3.0,0.0,48.0,5.0,7.882242876235164,13.176772214316863,37.32343079648779,794.6104660002306,0.0,2.0,0.07834978943228321,0
0.28636368854384414,2.0,1.0,0.0,57.0,3.0,4.387080227825328,11.117427609870386,48.33718878224814,8587.37566479058,0.0,11.0,0.12457334769557211,0
0.17259586884852937,3.0,0.0,0.0,62.0,6.0,3.514632655911929,23.25265204176175,24.32532715271396,2920.5084782747135,0.0,6.0,0.06530913470976722,0
0.0752978921600115,2.0,1.0,0.0,47.0,2.0,4.871067331669543,32.352537377949076,21.625410197712476,4184.008273158977,0.0,7.0,0.010072120961753687,0
1.3220748372154978,28.0,26.0,24.0,192.0,183.0,8.0,73.80885863460259,85.14026247105997,56006.315985062916,12.0,63.0,0.9343156850378362,1
0.035607906417085375,2.0,2.0,0.0,50.0,7.0,2.363417114995816,21.28609036161885,30.76995876004181,4261.64359579346,0.0,1.0,0.030902680904179775,0
8.951495228767334,34.0,29.0,26.0,218.0,193.0,7.2936037341972995,51.448886072859196,79.1404634785062,43773.15318080749,15.0,51.0,0.8192296018023397,1
1.4084477766376429,25.0,23.0,22.0,197.0,192.0,7.443372834901009,44.92818313088081,68.8973810164638,10108.301750440445,19.0,60.0,0.6494319375925458,1
4.939989573330928,30.0,20.0,21.0,227.0,185.0,7.9756848329499155,45.92838751620373,73.65011141545257,49573.16919399884,14.0,48.0,0.9017544468736813,1
0.08947640397868166,0.0,2.0,0.0,56.0,7.0,2.702360192763245,4.443671461696786,47.075311921367955,3324.509262244122,0.0,6.0,0.06230989931883455,0
13.678994122156332,33.0,18.0,22.0,216.0,189.0,6.893026110704488,84.58429708140662,70.483058522523,65495.65264689291,17.0,49.0,0.6466001769123078,1
1.4476235345048332,30.0,17.0,17.0,202.0,185.0,7.280797106151686,72.80192120608923,75.0278416066024,34944.75390735934,17.0,46.0,0.8785969083162186,1
3.58114555067882,36.0,27.0,22.0,210.0,154.0,6.921871857646593,53.5924328949299,66.75487285023776,28544.895927700447,15.0,52.0,0.9398877277422183,1
0.0077929661826043415,5.0,0.0,0.0,44.0,4.0,2.847832846576918,18.206608805666303,43.21319135074545,1142.9693768338436,0.0,3.0,0.09514621739435938,0
0.7964234971320396,33.0,25.0,18.0,191.0,171.0,6.93499238824166,65.79402640270045,78.39202152581385,25226.49425318107,14.0,58.0,0.8991489283560201,1
0.18528880300961373,2.0,0.0,1.0,59.0,7.0,4.70810674590511,7.915255047483786,38.80369409610801,270.1720007388713,1.0,3.0,0.1103730775773632,0
0.17226315124233937,4.0,0.0,0.0,56.0,5.0,5.469036033175824,28.871342791547473,10.635677919917239,5288.032435350738,0.0,1.0,0.13280892049198437,0
0.06020369662489901,1.0,3.0,0.0,40.0,1.0,4.675893751958647,18.515711235493523,24.49938536835975,4083.529134770297,0.0,3.0,0.02070933412949801,0
0.47919218700958854,4.0,0.0,1.0,53.0,1.0,4.729593369282579,36.64435555508354,38.33821628330647,2201.0847865643946,0.0,3.0,0.008321678324986315,0
1.4398853007933796,26.0,24.0,22.0,198.0,162.0,7.16473041980212,67.04234382665342,67.26900271328252,144945.60890312458,18.0,50.0,0.7178738683991012,1
10.143355402823492,29.0,26.0,17.0,214.0,174.0,7.017251090478887,78.96322966936977,70.98435710397415,37130.24176846807,9.0,44.0,0.9427527394545175,1
0.27572464608817937,4.0,1.0,0.0,41.0,5.0,4.013794877562465,19.05079760569144,31.744348605740875,41.07471058240539,1.0,8.0,0.023024231595924052,0
0.08358585492343418,2.0,1.0,0.0,50.0,2.0,5.0148421928734495,21.70483169196242,25.387286504187774,4363.334978233411,0.0,4.0,0.04133029683341372,0
6.529737164259323,34.0,29.0,26.0,198.0,174.0,8.0,77.86509308740419,67.25129626357169,64842.87022290787,12.0,59.0,0.8171707780070253,1
27.895051407527333,19.0,26.0,25.0,160.0,171.0,8.0,53.75876498361008,58.55847384083255,1168.1186605399623,15.0,45.0,0.6698305223933574,1
0.6078094866580549,0.0,0.0,1.0,50.0,1.0,3.3196952433627716,16.131829770069643,25.59913143662677,70.21777921125565,0.0,3.0,0.15459190412236248,0
0.4493863510030761,5.0,2.0,0.0,46.0,7.0,6.111235757925508,3.8050764768280736,24.178391037403276,1684.4246450947633,1.0,5.0,0.04693835267556729,0
0.27077281426179656,2.0,2.0,1.0,44.0,5.0,4.537483430441514,17.494597403056407,64.86398855553406,3865.3431393800015,1.0,4.0,0.026546914304065843,0
2.540377573225896,37.0,28.0,15.0,189.0,190.0,7.1059423232225605,61.743219611709065,77.7401705695003,40429.86287001441,18.0,41.0,0.9694804443490774,1
0.17964804821995933,2.0,1.0,0.0,54.0,5.0,5.89992212702094,12.55122756262605,18.239400095434995,1340.3215389350607,0.0,4.0,0.037193658054285934,0
0.35669295060934325,4.0,1.0,0.0,50.0,5.0,4.935320380353004,26.171836136035296,14.746749090797053,996.909633017966,0.0,5.0,0.10045328573203191,0
0.7793628639162352,0.0,2.0,0.0,57.0,5.0,4.801297078306563,26.1029677833779,24.8287669942721,1480.0544919607455,0.0,4.0,0.0050737626933989866,0
4.836348983308881,29.0,27.0,18.0,208.0,188.0,6.9346783623447275,91.82878706197546,79.1840075297277,47768.875975012415,13.0,47.0,0.9238794768978448,1
0.35786122215778743,4.0,1.0,0.0,52.0,6.0,6.108283158597084,19.54574085213455,43.81820454931025,3036.79422876905,0.0,3.0,0.03381770970915731,0
8.036254758540183,41.0,29.0,20.0,226.0,189.0,7.653782288512151,73.24858862500672,66.71046215082931,27470.001241532864,18.0,52.0,0.8932540507598479,1
1.031296500851203,0.0,3.0,0.0,49.0,7.0,4.434546379720779,14.896999650766972,42.89775000629329,5938.661254077422,0.0,7.0,0.0545212174758338,0
7.990929913927825,28.0,27.0,16.0,182.0,194.0,7.408409673168947,82.50923476887364,85.98831927598125,39861.536713299014,13.0,45.0,0.7720282116427047,1
28.886002645666434,25.0,23.0,16.0,195.0,176.0,7.246008908370047,74.58805994414273,85.92458745866107,160788.22296060162,8.0,65.0,0.7849047932664237,1
1.2944253253600135,4.0,1.0,0.0,48.0,4.0,4.589986439726926,15.018391172241936,11.658506345990748,3406.0017025008938,0.0,4.0,0.029553469607574913,0
29.27352609659332,34.0,31.0,23.0,200.0,164.0,6.886713504674181,58.222421712328156,56.82607669574359,5122.753388775976,17.0,73.0,0.8093080128368648,1
0.1252565699993108,23.0,20.0,18.0,193.0,174.0,6.6269993702248335,75.26828676963517,63.6247788147187,64218.60957250169,22.0,43.0,0.8695804764162722,1
0.15367369784370669,1.0,0.0,2.0,51.0,2.0,4.08008567768476,29.99108745371015,45.477534746688754,413.63051101067686,0.0,4.0,0.0076583361748332164,0
0.28265580387505407,0.0,1.0,0.0,51.0,4.0,4.327183621366655,26.83667861228558,11.826499356280806,335.64121206571883,0.0,7.0,0.0020969179798517616,0
0.02878377089130412,2.0,1.0,2.0,40.0,5.0,4.504687247371701,22.285634161140422,52.69645072697851,1184.5099163574012,0.0,3.0,0.027699721561797022,0
0.08514814726197491,4.0,3.0,2.0,47.0,6.0,5.396699489257067,36.56199105651475,42.490629057873335,578.2813569050741,1.0,8.0,0.002038814238863942,0
6.578790280323243,35.0,26.0,14.0,192.0,155.0,7.009335614169409,57.32022709747616,62.72297834281658,83010.2859769697,9.0,44.0,0.9296051253537745,1
0.5130906644123188,1.0,2.0,0.0,58.0,4.0,3.3922941012229213,35.82384028391577,45.279912563024006,1868.7832395789276,0.0,1.0,0.09406796002477644,0
0.020179179263791272,2.0,1.0,0.0,57.0,6.0,4.143237060651498,22.417496755471614,35.181818346381746,52.10672591021002,0.0,1.0,0.07357615594712337,0
0.26266613316086057,0.0,2.0,0.0,52.0,2.0,3.4788402443664657,32.717090927207664,67.71617868236183,1165.8104028663217,0.0,4.0,0.03548834343671113,0
17.908241600410232,27.0,22.0,18.0,207.0,195.0,7.2071791558487845,59.154123570883,72.9801756472869,53079.56586768085,16.0,45.0,0.7651432842036998,1
11.261719765810305,33.0,26.0,22.0,192.0,180.0,7.363903276338819,68.99323460158811,61.97600327074856,42340.59193064081,11.0,45.0,0.5944340029624499,1
0.11604308810021897,3.0,1.0,1.0,42.0,7.0,4.391259636976064,21.254445192762578,39.60946326907941,882.4287268888637,0.0,5.0,0.03685187289602481,0
2.336451342921453,29.0,31.0,24.0,199.0,170.0,7.701342049171837,74.8336649020846,74.06600193722491,48307.09329315948,16.0,55.0,0.7858116537460645,1
0.2997690241171574,1.0,0.0,0.0,42.0,7.0,4.129931347760225,24.493423099519994,62.23779235528016,6638.110340895749,0.0,5.0,0.19364128974458808,0
0.8921063380520792,3.0,1.0,1.0,53.0,7.0,3.8833290885979634,18.145187542684564,33.712244224468975,1769.7310742883255,0.0,5.0,0.004845528203562815,0
0.08949821101844667,4.0,0.0,1.0,41.0,7.0,6.28868966624978,28.171261395614117,18.755052382920166,409.17591054982205,0.0,3.0,0.029047117542448212,0
1.322869766185064,22.0,29.0,25.0,192.0,166.0,7.042308958088308,70.97233302712841,78.8930141056204,47898.16274055301,18.0,43.0,0.8693343061621964,1
3.0352052101848614,29.0,30.0,22.0,172.0,171.0,8.0,87.38579637758335,53.521782712720395,57142.13297419597,15.0,51.0,0.8120911094990573,1
10.221591803458628,25.0,15.0,17.0,198.0,196.0,7.268491714865233,57.53241118953212,73.54755717722632,138203.7190629666,10.0,45.0,0.9100244777167422,1
0.2735591341376283,3.0,2.0,0.0,52.0,6.0,5.305783830224868,12.906378426868327,26.409119796609343,3040.87489995774,0.0,1.0,0.05391669148182454,0
4.933187873396123,24.0,33.0,17.0,195.0,169.0,6.5792393036985946,69.77141849781012,66.5789933114387,45220.29263794624,13.0,49.0,0.8544795805390558,1
0.018608053044965264,2.0,1.0,1.0,60.0,8.0,3.9615524047532737,5.674276762934467,17.51308612974958,1521.539238546743,0.0,3.0,0.01266083438754028,0
0.44210761316701086,0.0,2.0,0.0,50.0,6.0,3.985411018943558,42.47742907516432,54.36051913306032,2253.3369616470773,0.0,8.0,0.008354254216532948,0
13.272366965472157,37.0,22.0,24.0,209.0,175.0,6.986104336303495,83.87661519079994,57.892661913394406,62356.96745991296,21.0,43.0,0.888753358907359,1
0.0599867429102393,5.0,0.0,0.0,58.0,4.0,5.3641486658962165,21.574313431865402,37.528926289326115,18.73852148349721,0.0,3.0,0.02480813991030425,0
0.3015412583824651,0.0,1.0,0.0,54.0,4.0,3.5513337761566,26.008946882910976,48.773091897799205,1811.7490113073234,0.0,2.0,0.0048422237872272665,0
0.0571207300988661,4.0,0.0,1.0,55.0,3.0,6.2860363190992725,25.10482759827689,60.29879315547623,811.2962345233597,1.0,3.0,0.1243704892757022,0
4.220273424377745,28.0,24.0,19.0,214.0,165.0,7.21154301800965,75.72324910435373,62.88977326793869,57781.17285949845,13.0,48.0,0.7971939096056162,1
0.00581365183993389,1.0,2.0,0.0,47.0,8.0,4.560397345910972,25.969809306267067,40.35180714608314,1659.4195654347363,0.0,1.0,0.05768989557548125,0
10.36931830102022,31.0,23.0,16.0,189.0,179.0,6.968862179178787,78.79701625082139,67.0180198739678,6264.056646427799,15.0,42.0,0.8635566168102774,1
0.2832381194128591,4.0,0.0,0.0,56.0,3.0,3.026088003671841,32.54463683591672,18.274536709729535,1935.979338084883,0.0,6.0,0.1508352400044545,0
5.334090585445026,25.0,20.0,20.0,182.0,172.0,6.871732203465391,75.05183632008455,76.76479053213004,65368.24971473578,15.0,45.0,0.8247698177150887,1
0.5949698020909082,34.0,24.0,16.0,190.0,197.0,7.599747429517915,45.37843655579542,75.59173497769955,12022.956962629343,21.0,56.0,0.8355957341258288,1
12.333373389780625,28.0,31.0,13.0,203.0,185.0,7.496127251668288,96.62114412886746,69.79600403101706,15788.865915780856,16.0,48.0,0.9033551659561886,1
0.1614354079322926,4.0,2.0,0.0,63.0,2.0,2.5077652084653828,5.7454091540902485,4.295732651908992,3223.522430565473,0.0,5.0,0.06448743620222054,0
4.46818285099324,35.0,24.0,25.0,193.0,162.0,6.637387669730002,42.02112394398113,78.43337793061254,16700.886415868114,17.0,50.0,0.6726129689727822,1
0.03981856255083167,0.0,0.0,0.0,58.0,5.0,5.270902388962544,18.76837050672513,33.80025269017002,3029.367347554554,0.0,7.0,0.004898269171388278,0
1.0662531116584535,3.0,1.0,0.0,35.0,6.0,4.794319249035365,19.43817692623336,36.42508648907366,3527.977799585254,0.0,2.0,0.05746603460596355,0
38.96240467642085,26.0,31.0,22.0,225.0,181.0,6.978503574178573,75.98374793324635,89.61186594265307,21678.389761510418,19.0,45.0,0.8420348566230634,1
41.34716343685547,28.0,25.0,22.0,189.0,185.0,6.45189227699449,95.71514640466535,66.60119665620995,5882.755722682678,14.0,46.0,0.5798416951643649,1
8.708556513648304,24.0,20.0,23.0,189.0,189.0,6.61513469275384,76.50379151445611,77.96418770294846,100046.03789957329,13.0,53.0,0.7039962086083096,1
0.6418248692870798,31.0,28.0,22.0,178.0,192.0,7.2653091445197004,74.93380642390157,76.07815262436442,4301.345566314086,19.0,46.0,0.4836831187481714,1
0.06729340312267738,3.0,0.0,2.0,60.0,6.0,3.4908911786344774,13.934332737607377,27.07702642163605,482.9581950784448,0.0,6.0,0.019740705491831673,0
5.127279740914418,24.0,25.0,14.0,197.0,177.0,8.0,62.795610589299294,65.62475244122744,43496.23769479778,16.0,47.0,0.9434396300393321,1
1.2815445737075375,28.0,32.0,22.0,188.0,179.0,6.505217542990946,89.98455189828536,89.83639639711562,48744.01182668986,13.0,56.0,0.8810329464591982,1
2.6696813022341512,31.0,25.0,22.0,194.0,160.0,7.2509136035662864,87.19045200282746,60.43162832028224,125600.93643391605,15.0,52.0,0.8820513051679679,1
0.012518163815269592,3.0,1.0,0.0,47.0,3.0,3.910244520202185,19.793587866037893,52.43782174773287,2892.317497271854,0.0,3.0,0.11124433970869609,0
0.09025581120654788,2.0,2.0,1.0,46.0,5.0,4.365709068020161,18.471672501296805,37.04924655144937,732.9905922162717,0.0,6.0,0.07695384828566378,0
16.801604378097103,31.0,30.0,25.0,182.0,204.0,6.889270815478707,77.9680696161917,64.88497553663301,49152.526390938845,16.0,47.0,0.920853254649854,1
0.6073003700929532,4.0,1.0,0.0,67.0,3.0,4.066751900261984,21.111718107043316,35.67481765364151,913.560351029292,1.0,5.0,0.09113650530598774,0
0.26963835725607566,4.0,0.0,1.0,58.0,7.0,3.931841404996288,14.898967801528322,46.4061575283891,1211.070414787867,0.0,1.0,0.032713009906431174,0
0.07126708068708895,2.0,2.0,1.0,61.0,7.0,4.225540259608948,11.95727683272127,34.78664906289689,1218.1527660059862,0.0,4.0,0.022142917347935467,0
0.2111122469270263,1.0,0.0,0.0,55.0,4.0,5.785092823747467,9.657181861780057,37.218179133352805,2082.475968809594,0.0,8.0,0.0317379190581404,0
0.182452578587886,5.0,3.0,1.0,40.0,3.0,3.6594393309391147,30.301398560825817,21.594238208625057,246.72000845780104,0.0,7.0,0.07503164698528977,0
12.929358632465858,28.0,27.0,21.0,170.0,176.0,6.945904788834242,83.75235252490151,69.16437617817779,3154.0390435203144,22.0,51.0,0.9182493628648463,1
0.39528233373914207,0.0,2.0,0.0,55.0,4.0,3.33137131714298,1.17054145305962,31.003046596157265,4364.472801421478,0.0,7.0,0.0368237378660458,0
0.4770075831458023,29.0,21.0,16.0,211.0,188.0,8.0,46.582887153511805,67.20358431244814,78608.54106467185,20.0,53.0,0.8671382894151826,1
7.825679891611866,37.0,19.0,17.0,186.0,178.0,6.905331337867741,90.8217337323925,59.55438102139639,118354.2445573864,12.0,40.0,0.6569508430765376,1
0.10595365500048616,2.0,0.0,0.0,48.0,8.0,4.115631325371707,7.504766987327443,41.27621211253372,3757.279338433152,0.0,5.0,0.0038480070083902274,0
13.306766275024483,33.0,24.0,20.0,180.0,175.0,7.002595391671589,89.0377073815812,75.27418625080013,4554.158465680658,14.0,42.0,0.7206003578616116,1
0.4972123521779137,2.0,1.0,1.0,50.0,9.0,3.753676859029537,20.552324985130436,30.674764103723394,6464.470190373112,1.0,6.0,0.018177512332290268,0
6.204635989173109,28.0,24.0,18.0,185.0,163.0,7.760110786625137,94.00256680175579,49.39560869823272,41794.42691674345,13.0,47.0,0.8498788894580362,1
8.336002299570882,23.0,24.0,23.0,213.0,186.0,7.230178380278163,84.69063046777529,67.10840647279691,15099.545077510867,15.0,52.0,0.8223473204902572,1
1.720979141686626,16.0,28.0,16.0,185.0,173.0,6.297468232729584,88.50554404340755,53.70363678840563,73090.58534077603,24.0,41.0,0.9111226140000901,1
0.6514084976172809,4.0,0.0,0.0,51.0,2.0,3.862742505397408,19.175532947329543,24.665490307903454,1987.4313865040556,0.0,2.0,0.020187360189212775,0
4.209951315308006,31.0,24.0,19.0,207.0,158.0,7.718684447101364,68.06129911262985,100.0,69874.9733934965,11.0,44.0,0.8953278354159654,1
1.1301229863705733,21.0,23.0,24.0,208.0,168.0,7.88034934628334,61.869992914245664,66.3890322241169,48347.20470739876,13.0,49.0,0.6851416664892932,1
13.204514683198559,40.0,20.0,21.0,195.0,182.0,7.358680606182336,74.35274062011798,64.69088499870368,41922.74632791538,10.0,52.0,0.8137756521123345,1
13.286897520613113,31.0,24.0,23.0,192.0,175.0,6.8840057634154945,68.01528523745506,70.57854719721284,23072.601196662425,19.0,43.0,0.8154654881229192,1
4.325767809868924,32.0,27.0,18.0,214.0,161.0,7.853495000880897,80.58794505376545,70.51436448577698,2894.14442320853,22.0,44.0,0.8405558563277542,1
2.488836625737454,29.0,32.0,14.0,195.0,183.0,7.572744675378325,83.93514005670687,68.24747141788545,7839.013698340593,15.0,43.0,0.8464464137241094,1
0.8153239342126792,31.0,24.0,23.0,199.0,177.0,7.239258235111861,72.73214775322491,73.39785149934018,37332.87378037201,16.0,58.0,0.7051224561625812,1
0.22317834925825633,2.0,3.0,0.0,51.0,11.0,5.011472632708368,17.09043135659539,35.96119870081052,745.6236748026027,0.0,7.0,0.003799229422245378,0
10.552827529345777,31.0,28.0,12.0,192.0,206.0,6.631200873466911,90.26621033709291,57.56683890499813,58688.13044689225,15.0,51.0,0.9024455313942865,1
0.16663253703301023,0.0,1.0,0.0,54.0,4.0,3.641332706551335,8.358731315506438,10.347405732676599,1174.3891005015837,0.0,4.0,0.03427592030491488,0
9.699674657909654,28.0,19.0,28.0,203.0,175.0,7.2961621508693995,83.59268096953394,71.5826030781851,21428.757372600656,12.0,54.0,0.8121190395733623,1
0.2992003157209449,4.0,2.0,0.0,58.0,3.0,3.4958816794875647,17.15426754721021,49.35610981454706,5263.596519446516,0.0,7.0,0.01570619350504691,0
0.629797443387427,1.0,0.0,0.0,37.0,3.0,4.2158126231528295,17.20432320615726,24.03373843238701,1084.9445272710302,1.0,2.0,0.045268947492792866,0
0.2514802211754362,1.0,0.0,1.0,52.0,4.0,5.77380535528096,29.38744251021189,18.573952225423113,3014.151795219914,0.0,4.0,0.05978766313778962,0
0.13078606038502,1.0,0.0,0.0,59.0,7.0,4.475180377753872,29.557564862616225,27.942011905231652,2360.9414395197177,0.0,6.0,0.030282229141379735,0
1.6328297099322733,31.0,25.0,23.0,193.0,157.0,7.123435508498512,91.33225543856385,81.14205457302238,131613.55241535898,11.0,44.0,0.9037356984579744,1
0.3142705159220915,0.0,0.0,1.0,50.0,8.0,5.94641298775778,19.348746430897577,21.80208644873998,3156.9236541810733,0.0,2.0,0.015831112113836338,0
7.635544632807604,39.0,23.0,25.0,195.0,180.0,7.465689792813292,96.77588493523822,64.99943754638066,23074.780829750405,9.0,45.0,0.6366530527628711,1
0.09639483682024973,2.0,4.0,1.0,42.0,6.0,4.175639466594412,26.666030957228816,53.696967715948524,731.8607041952876,0.0,8.0,0.013976969031978677,0
2.2220384983442454,30.0,23.0,23.0,176.0,190.0,7.66071108967719,71.40768025830468,66.0416525056915,21544.724143382162,15.0,46.0,0.9244611465684004,1
0.05103622247185624,3.0,1.0,1.0,54.0,7.0,3.804851829972934,20.170015829870145,21.119964929553866,899.4583547714157,0.0,7.0,0.010313201990932722,0
7.25156827972626,31.0,18.0,22.0,188.0,196.0,6.902027988821527,75.88426854850529,60.659172473180206,6510.259977508695,15.0,51.0,0.5824777437690811,1
0.9903325700754876,19.0,24.0,19.0,200.0,188.0,6.9818193162605695,73.88605121840244,69.55332470689201,9415.09058555908,22.0,57.0,0.8185941007742266,1
4.155592795654778,35.0,22.0,21.0,231.0,173.0,7.914563429701188,77.39414321356972,62.953594264952805,71337.4709435684,13.0,55.0,0.8019092537029354,1
0.14016312016520285,1.0,0.0,0.0,55.0,7.0,4.437582150841627,1.2217539138689446,47.99957805333841,2158.386463678138,0.0,4.0,0.023650372640541387,0
26.342524403869454,37.0,29.0,17.0,205.0,189.0,7.4615378672694135,78.9720350453228,76.1024242671475,18842.784917601646,21.0,45.0,0.9494781336566732,1
0.024551306882426176,1.0,0.0,2.0,49.0,7.0,3.9262933133585682,22.92361521578364,58.015556672234894,1838.100313922311,0.0,6.0,0.02403935113651477,0
4.908587735321583,28.0,21.0,27.0,205.0,203.0,7.150975962888859,40.9707188960811,66.70999619273988,13.903221569306812,20.0,51.0,0.9354096355691679,1
1.4314306125980591,27.0,20.0,13.0,222.0,180.0,6.113405880919515,82.08098620672394,60.47811301375182,666.0246891589351,11.0,48.0,0.8451371937181984,1
28.261872816909488,32.0,24.0,21.0,217.0,172.0,6.858146122240255,63.160180804922135,65.73301552475367,7741.517775804838,18.0,62.0,0.7683449229129965,1
12.499508950584614,29.0,31.0,19.0,189.0,182.0,6.809683586700899,61.555331053561574,66.44756851276227,15428.959148563017,11.0,54.0,0.7756570205619134,1
0.13533444764238703,0.0,0.0,1.0,48.0,6.0,5.865352724596748,31.56359120559627,52.78244616428972,1153.128569890686,0.0,4.0,0.03283392782842022,0
0.4372575777334373,4.0,1.0,0.0,48.0,7.0,6.704805026717397,34.86817462970208,21.978840580455103,80.10457619699497,0.0,9.0,0.002615236253246346,0
7.190146279025229,26.0,27.0,28.0,221.0,187.0,6.489134437278461,59.06001247684148,66.07470404140409,21698.50696314384,12.0,59.0,0.7832232165986599,1
23.703706339210353,33.0,27.0,28.0,189.0,160.0,7.059185477166706,100.0,63.62830392704326,58485.77695811867,14.0,44.0,0.9380706517589266,1
1.0872801010669368,36.0,28.0,25.0,222.0,167.0,6.7745907787638195,83.75450973791607,67.43145696168654,183651.59909035126,12.0,55.0,0.6938483012559303,1
0.755447113955294,1.0,0.0,0.0,44.0,4.0,5.009355930534526,15.691920744477548,29.197842487067955,5056.570855665588,0.0,1.0,0.03020741210393262,0
0.2431494897346862,3.0,1.0,0.0,44.0,9.0,3.5758685380798667,0.0,34.479201183072604,1409.1956590405814,0.0,7.0,0.0015699023845491074,0
0.42942254422094484,0.0,1.0,0.0,51.0,5.0,5.166006414105933,19.671647493502302,30.18656847639042,77.33077845448548,0.0,9.0,0.10977334154500018,0
6.046905311531245,26.0,20.0,12.0,222.0,176.0,7.841211555246936,83.0315913415666,74.38702228099297,220866.2345890918,11.0,46.0,0.9068858438629819,1
1.0895852036470013,32.0,29.0,20.0,178.0,196.0,7.095316386506952,80.14335721088044,67.4033970395681,90179.1305256845,24.0,64.0,0.8803379403969247,1
0.29256588559694785,1.0,1.0,0.0,51.0,5.0,5.429009028597683,19.794339410397605,40.9036426069876,1760.417612854335,0.0,2.0,0.09613786450394689,0
0.24716624846574864,0.0,0.0,1.0,61.0,8.0,4.166676902707747,11.07293684614569,40.987934168814306,5906.346264997377,0.0,9.0,0.005231750206918006,0
3.320009235255496,21.0,22.0,24.0,202.0,167.0,6.937804572046797,83.11729599578716,56.11605463372547,25293.68833906472,17.0,54.0,0.5117890355526219,1
38.67997879308866,33.0,28.0,35.0,188.0,183.0,7.714219777616753,100.0,76.10826746319866,35793.558359424984,9.0,49.0,0.7365148416167725,1
0.03018306337884029,1.0,1.0,0.0,33.0,5.0,4.8242013953637315,7.211948029472808,26.404926960803714,1539.1137288723942,0.0,8.0,0.10514775000960948,0
1.6120804098631727,30.0,19.0,21.0,200.0,184.0,6.612031738171904,84.1452845431937,68.47328484847199,43883.891910629936,21.0,49.0,0.7320314308247623,1
6.634319163445806,25.0,22.0,23.0,185.0,183.0,7.582017501262998,93.52552570951357,78.19386621219581,9213.025007793794,17.0,47.0,0.8505625754604136,1
0.34204390400145246,4.0,2.0,0.0,59.0,2.0,5.050046634317066,19.896430060684384,47.01054754191249,298.234748651983,0.0,6.0,0.04423430081391806,0
0.13688316546625412,2.0,3.0,0.0,60.0,5.0,5.944835512426712,14.644602290644965,25.63471776110088,265.28455111793494,0.0,4.0,0.05924458831194332,0
5.17862663648035,38.0,22.0,20.0,173.0,185.0,7.749269713597024,74.66719889765218,70.83015550647582,7472.877778211982,12.0,55.0,0.7036316770436262,1
9.757962739867462,27.0,23.0,16.0,183.0,192.0,7.27335039114376,35.67252858928551,59.51167838898933,21232.676430359483,20.0,48.0,0.6897658670019716,1
0.2933667428457071,3.0,2.0,2.0,53.0,6.0,4.957343614218458,23.104159352178918,24.54331794455034,205.01134471214394,0.0,2.0,0.09573622141512167,0
0.8686684809362496,1.0,0.0,0.0,49.0,6.0,2.6804178605422915,34.71978999762162,60.914486361770415,1700.9290538729658,2.0,2.0,0.015406763125454814,0
0.16090601613033909,30.0,24.0,24.0,192.0,179.0,7.742797013571522,100.0,62.776610129717014,44675.17492746809,12.0,41.0,0.8104714426254962,1
3.4224828711884547,31.0,22.0,23.0,198.0,169.0,7.788065705303936,78.84230588921031,71.48061028122373,13827.027415001014,20.0,51.0,0.6653925696284515,1
1.0006502413313378,38.0,24.0,19.0,193.0,172.0,6.425814214619324,93.06233555132356,66.16796633032936,53390.1801964033,12.0,45.0,0.8906183286585531,1
0.4540351916092712,4.0,1.0,0.0,51.0,3.0,6.29385788841561,10.202660724758164,32.164458759613986,2663.4093396426633,0.0,2.0,0.00950846339385575,0
1.1170671026099979,3.0,2.0,0.0,48.0,2.0,6.108346105728614,3.13334431297163,31.555390599023717,4921.253752018459,0.0,3.0,0.013219925568813504,0
1.7102130733794854,30.0,27.0,19.0,216.0,166.0,6.156942167429218,86.31092727844448,83.57820129224083,3555.5506464124483,15.0,61.0,0.6945603802245904,1
13.033678393224912,30.0,21.0,23.0,220.0,192.0,7.56283998198523,85.65954628203468,68.39824925720427,38191.558945895136,16.0,42.0,0.6702889223599561,1
0.06406529429852852,2.0,2.0,0.0,47.0,7.0,3.8733846909270575,10.744576516167632,14.739860428499945,2805.123189037966,0.0,4.0,0.01238579065727921,0
31.401524825951032,25.0,31.0,15.0,205.0,203.0,6.946312063148941,63.13926437871483,64.10091066346506,283.7340232794298,15.0,45.0,0.9124802335822776,1
0.09471940970779981,2.0,0.0,0.0,52.0,5.0,6.40515706017608,26.520043059680027,50.21550530396732,711.9381548121551,1.0,1.0,0.023443513057282386,0
3.247907341042087,32.0,22.0,18.0,220.0,154.0,7.79595078460503,66.44178982222931,80.68864132892531,4846.85278323314,16.0,39.0,0.9657348547265455,1
10.247801718554411,34.0,25.0,26.0,205.0,181.0,7.0776980578868836,75.6900412544862,77.60682751396023,12916.065433383868,14.0,44.0,0.8251536980501117,1
0.7303667818570797,2.0,2.0,0.0,47.0,8.0,4.25844589954642,21.856061628575986,38.58012771912705,504.8566759629761,1.0,5.0,0.08707870070384374,0
0.09433955583787479,1.0,0.0,0.0,54.0,2.0,4.5302086090780955,17.360445504376816,50.49433573526682,5121.9412828769055,0.0,5.0,0.0026835122018991553,0
7.509475699161865,28.0,21.0,23.0,183.0,192.0,7.763462923766329,94.07191078032777,85.40672558485873,42854.88542383458,21.0,46.0,0.7416180215596243,1
14.980889266965473,23.0,18.0,16.0,173.0,190.0,7.357997320659051,100.0,65.91816811788718,159300.97163529988,14.0,66.0,0.7949103403904143,1
0.22343534991963002,0.0,1.0,1.0,52.0,9.0,4.543255240191732,32.247635790626354,8.198605747059528,3058.4485638976876,1.0,9.0,0.012695059064707031,0
1.8076177335292154,25.0,31.0,18.0,197.0,167.0,7.118920244579411,60.62530541602408,67.51814934564457,47459.81578624272,17.0,38.0,0.7737395333624886,1
0.8393975528377988,2.0,3.0,2.0,36.0,7.0,5.2461274297952185,38.85223926798168,47.77858789754685,1133.8814899172512,0.0,6.0,0.008883029512085274,0
0.33037965096161104,1.0,1.0,0.0,55.0,5.0,3.7417842619414197,21.434578610828005,18.946324193967612,198.1483581846977,0.0,2.0,0.026554307270994823,0
18.41148936601616,20.0,18.0,15.0,185.0,170.0,7.066521959627434,95.63665995194737,68.00904030913289,704.1762697818931,23.0,46.0,0.9162047326806845,1
0.266166896813351,1.0,1.0,0.0,55.0,4.0,3.4259812150159363,16.564026150716266,12.900256459647277,1462.9782610509196,0.0,4.0,0.00816066896000815,0
2.8848678579174583,22.0,22.0,23.0,215.0,173.0,7.454417348456371,49.014941918595646,72.06040693121163,10100.845320875547,15.0,54.0,0.9358378165616137,1
0.7073721890887361,3.0,1.0,0.0,52.0,7.0,4.5921969165877305,23.468649663665666,48.85021162649304,270.1134339308589,0.0,4.0,0.016818737235283265,0
0.03425023055755975,1.0,0.0,0.0,54.0,7.0,4.733835802855694,15.836947254214472,46.924377909202846,468.7032981760867,0.0,5.0,0.04273915284694218,0
0.18010861452736285,3.0,1.0,0.0,40.0,5.0,6.180349953868241,12.825096331223694,41.44686088650803,437.1201035487585,0.0,8.0,0.009451833801015351,0
0.201325649852658,4.0,2.0,1.0,41.0,4.0,6.341313027717352,6.602464092473678,33.50985588021815,400.9031697500846,0.0,11.0,0.0015302970927536196,0
0.3571928198398025,1.0,3.0,1.0,44.0,7.0,4.790609169461404,23.347440268222954,45.71296108064574,1894.010179288672,1.0,7.0,0.026085140127298345,0
0.09025190910303511,2.0,0.0,0.0,48.0,7.0,4.3212325798517925,12.662097348291638,73.52627050534453,181.50569382733664,1.0,3.0,0.005114180168855876,0
0.1379097162516604,4.0,0.0,0.0,50.0,5.0,5.603232386121549,32.57474485494198,21.473642592337242,327.7882056511281,0.0,2.0,0.021705270192172096,0
9.578397387969192,40.0,22.0,25.0,207.0,210.0,6.604514807532048,84.99030053095082,65.46484808504468,123539.50943597569,19.0,59.0,0.8703409001740217,1
2.4068144150903352,26.0,30.0,22.0,188.0,178.0,6.886753595854649,85.11545329831128,37.45439378335983,24051.20903021294,12.0,46.0,0.6600254692854981,1
18.442863622209742,35.0,26.0,17.0,200.0,142.0,7.163961697132579,64.19110043461922,81.77896394366289,20183.684318892352,11.0,46.0,0.9026712508857926,1
6.154874065345523,28.0,33.0,14.0,202.0,198.0,7.295424844945058,75.97156831693474,60.14016254513295,172310.59823172473,18.0,39.0,0.8995169198831094,1
0.8431850051796627,2.0,1.0,0.0,50.0,6.0,4.610321647147755,31.009690624829318,13.883615614508518,6669.1360779198285,0.0,9.0,0.10853478304819626,0
13.213395762722527,29.0,22.0,19.0,206.0,179.0,7.00501580338254,53.728759556368786,67.96018270029634,8183.79362001872,14.0,46.0,0.9617846840651498,1
0.334546503089188,5.0,2.0,0.0,47.0,6.0,5.686278271231893,15.577161040383423,17.582113940987693,1467.3735498619915,0.0,2.0,0.06479199519693382,0
7.471592700997114,30.0,28.0,23.0,183.0,173.0,6.059105970666282,61.34839741350292,63.34497526941751,83626.88931514003,21.0,55.0,0.5329119089467056,1
0.4942044873910698,2.0,0.0,2.0,43.0,7.0,3.922262865765796,10.313304983167344,27.253872685579296,4387.417404441838,0.0,3.0,0.10335057777909058,0
0.009257495320171559,2.0,2.0,0.0,51.0,4.0,5.646027714309241,28.28578837253295,18.878182425346644,717.639558769357,0.0,7.0,0.021653057121181853,0
0.162510751977934,2.0,2.0,1.0,46.0,6.0,3.814624867882508,19.745388892355084,34.10211283229749,2281.14835140784,0.0,1.0,0.007023302680318099,0
0.6849246030199431,1.0,1.0,0.0,55.0,6.0,3.1145804663987944,26.229286263720304,38.27588832639342,261.77729102264345,0.0,5.0,0.009937283676837105,0
16.969593957240082,30.0,25.0,21.0,205.0,185.0,7.711445410162206,79.2277440528375,55.97718224642899,157853.1378098728,17.0,47.0,0.8506020230698876,1
15.050838734190618,31.0,34.0,12.0,207.0,197.0,6.849796512059659,79.35844599047256,79.99048433930828,18815.38276848643,15.0,48.0,0.8867889766485358,1
7.170097034930351,28.0,18.0,25.0,206.0,156.0,7.388067999223711,80.48257515284598,71.0880946063349,15137.514726312567,13.0,47.0,0.6714790745077261,1
6.606073987491654,26.0,27.0,16.0,189.0,196.0,7.199278634866274,73.50030143759413,76.1355795032794,41315.33731574909,10.0,68.0,0.8019116681183759,1
0.07710954902868998,0.0,2.0,0.0,43.0,2.0,3.301830038986256,5.657442700292252,41.00406748930286,107.76135782447726,1.0,5.0,0.011975736349902826,0
22.056345901394785,25.0,20.0,21.0,211.0,191.0,7.78768945641524,81.78573814684573,52.69886397661722,31988.07539712352,13.0,48.0,0.7590437177371986,1
4.734549983789074,28.0,15.0,20.0,201.0,219.0,7.162392992485082,68.89996817373714,60.98664908979413,591.8557791329664,8.0,62.0,0.8126673904568108,1
0.03564820370922147,2.0,0.0,0.0,46.0,5.0,3.5613889225274344,39.86710415502642,44.87879516984954,3462.7012753876966,0.0,2.0,0.01453854681800614,0
0.8463249441819909,1.0,1.0,1.0,47.0,3.0,3.071008262487231,22.387283283560762,32.22303450364461,2306.3575630780992,0.0,4.0,0.0010084477079780553,0
1.062740976786676,2.0,3.0,2.0,44.0,3.0,2.9478982008691377,38.80317106844174,33.80201147221986,2953.2379019325335,0.0,5.0,0.10387377076213695,0
2.2809512777009204,30.0,35.0,24.0,177.0,187.0,7.652803787574882,57.68330561084098,72.44533678910788,52570.56506985437,16.0,51.0,0.772564115229599,1
0.37988542314941726,3.0,2.0,1.0,49.0,6.0,4.005037091481718,23.851094265085038,0.0,921.8390377631433,1.0,6.0,0.056225476875839016,0
7.255573470214502,40.0,29.0,19.0,192.0,177.0,7.5897597206211085,73.7353267162676,71.79136343264526,27092.771856188025,17.0,55.0,0.9724695453830733,1
10.339020664920367,25.0,26.0,15.0,184.0,165.0,8.0,100.0,56.30866510821337,12798.385892996961,12.0,56.0,0.5546625953466591,1
0.6918485101858773,36.0,25.0,14.0,187.0,171.0,6.738096761999353,73.85406018158747,73.78027780216169,4435.437583663013,10.0,44.0,0.46233054895276554,1
11.95222451343367,38.0,22.0,22.0,194.0,194.0,6.848532121133238,72.07009023300901,74.27684589352921,123228.11898801356,12.0,50.0,0.9091720852022059,1
4.869382529225898,28.0,31.0,24.0,193.0,197.0,5.330931967326364,58.45117128004151,66.77045103813921,94229.62464476711,13.0,50.0,0.8458191383042248,1
0.013953438523044292,1.0,1.0,0.0,53.0,3.0,5.042673076391099,31.98476536099397,36.481137028749046,869.6173830938735,0.0,7.0,0.02645156843666902,0
18.917138989755323,23.0,26.0,17.0,208.0,165.0,7.332683081546825,95.3528672274505,70.12199264207264,10770.019103006533,15.0,54.0,0.89605829443029,1
0.551095521143341,4.0,0.0,0.0,44.0,3.0,4.0969524261963315,29.90453745446783,43.99000528654429,440.44349627298163,0.0,2.0,0.015989120148609846,0
1.5636856280639584,39.0,21.0,22.0,205.0,171.0,7.285492402717451,66.73000443979984,64.29354794294194,76027.73230413208,17.0,53.0,0.9020858985104939,1
4.9816638054932625,28.0,29.0,19.0,176.0,185.0,6.942677974167078,67.94757668298283,65.16583052992341,38921.94817086951,14.0,58.0,0.5722510085598859,1
0.02195473087687225,3.0,0.0,0.0,62.0,5.0,4.666825571464296,10.363439724375006,65.81460674004548,1512.5975132485478,0.0,8.0,0.11051987190626102,0
0.25176087529377067,3.0,1.0,1.0,53.0,3.0,4.912906090470428,16.547517334786917,53.715661449598734,1676.9019476550682,0.0,4.0,0.02963401030826907,0
6.434456476564589,30.0,23.0,25.0,201.0,196.0,7.590156070153453,60.27143223180834,64.70079006087317,30044.181905004487,13.0,39.0,0.5605228849351487,1
0.39684309685778346,2.0,0.0,0.0,51.0,3.0,3.7748560695176567,10.046956169506668,20.564715049810157,963.7800128744411,1.0,7.0,0.10184807945645652,0
35.71951934772947,36.0,27.0,22.0,200.0,194.0,6.142062368020782,79.68975855475009,73.61955753627905,40571.469331011336,12.0,54.0,0.8261595475072465,1
2.09198128159151,22.0,21.0,24.0,249.0,161.0,7.528918408245606,74.27078126935982,68.2726376360392,5150.162961959921,17.0,57.0,0.8273294815884792,1
0.9039463219155327,0.0,1.0,0.0,49.0,3.0,4.694926391269128,21.821787387441105,8.54554554592486,2573.7440504873443,0.0,2.0,0.018879243484419526,0
0.4476736131414422,2.0,0.0,0.0,52.0,9.0,4.461569439238411,9.473207160969167,44.83935088707224,1564.657182020222,0.0,1.0,0.02014025906825146,0
3.0923314737978584,19.0,26.0,14.0,205.0,166.0,6.50331864665126,89.06865725283666,75.56979415445745,96825.42633426479,13.0,35.0,0.8914501160390803,1
0.04603255837007548,1.0,0.0,0.0,42.0,4.0,3.968377905411162,24.384822749855516,19.36760439925252,1707.9192290783676,0.0,8.0,0.018592502919539136,0
0.5069690332458378,1.0,3.0,0.0,57.0,6.0,4.016398528059812,22.784453374190065,26.400548239071572,432.865514979791,0.0,5.0,0.028157594281597472,0
0.2796139649474972,5.0,1.0,1.0,58.0,4.0,5.999017649292156,23.047147517502815,26.063636031221826,1943.451001053921,0.0,1.0,0.14323918162775823,0
3.3718925523071652,35.0,26.0,14.0,183.0,179.0,7.26978201275615,70.57708953806454,67.43804946074346,102267.03520690053,16.0,51.0,0.7751744620409327,1
0.3674999259390015,2.0,2.0,2.0,48.0,8.0,4.924907632534393,7.058845252786671,30.63476669239214,595.8721104031131,0.0,7.0,0.0029632790564076937,0
0.11881776743730194,1.0,0.0,0.0,47.0,6.0,5.653454640879411,10.450744933776786,27.65596915195811,1369.1864831986268,1.0,6.0,0.014914154862004234,0
10.297204922692936,28.0,19.0,15.0,182.0,169.0,6.904085823623128,69.56690263135918,84.70453597549434,104607.76452263299,11.0,43.0,0.7948178556928289,1
0.2576106449557681,1.0,1.0,0.0,55.0,3.0,4.282432750199276,34.008792572496084,32.82015072786846,270.84419939278047,0.0,5.0,0.1431119647563252,0
0.14093897337608016,0.0,1.0,1.0,51.0,5.0,3.2070034866141492,14.721949355857644,18.814027174473157,2889.5507993468314,0.0,5.0,0.006066588566205521,0
2.3589864969010845,42.0,35.0,19.0,191.0,175.0,6.694427309043769,59.391703272526556,77.83771857655479,17058.071941850776,10.0,46.0,0.6074154464026907,1
0.16412087274570725,2.0,0.0,0.0,59.0,7.0,5.314424155242702,7.846352219684787,56.12293408419639,515.3926396970982,1.0,5.0,0.015478771397637201,0
10.964243031640306,23.0,26.0,20.0,208.0,177.0,7.67379780566235,62.44448880477561,74.8295434511932,23512.34927850322,18.0,57.0,0.8596207865417818,1
0.43016628787183886,1.0,1.0,0.0,54.0,6.0,2.4684226756888816,15.710489403110167,17.959926477256,7376.197564349917,0.0,5.0,0.04942926217949933,0
7.960911712128126,32.0,29.0,14.0,218.0,182.0,7.339630484072534,78.24240317815719,72.63019923818236,6004.861340936879,9.0,42.0,0.8550993223777078,1
0.1339500786058551,3.0,0.0,0.0,49.0,10.0,4.884561101416747,3.268402283616979,35.0872848051948,3572.8322777057388,0.0,5.0,0.14618020138633808,0
0.8415283257874747,3.0,1.0,1.0,47.0,5.0,4.4132301906664875,8.46179113356402,45.454868225035696,2301.7643120398643,0.0,4.0,0.004705826465024055,0
0.40726137142479657,1.0,2.0,0.0,55.0,2.0,3.8786137232035953,7.523360629707891,28.692887202304764,364.69399790222957,0.0,6.0,0.042798244837594375,0
0.3215439864509287,0.0,2.0,1.0,49.0,5.0,4.882162681360807,37.042274944929616,36.58646635430691,3578.52341982738,0.0,5.0,0.05483411553909343,0
0.12950617845452078,4.0,2.0,1.0,39.0,4.0,4.583553585244016,27.49460539690827,10.170144194061319,1438.5448168447408,0.0,8.0,0.004801031993733554,0
0.06682075863860708,4.0,0.0,1.0,48.0,6.0,3.5905203860340293,5.9968270276433735,47.32923237238606,640.7888385903104,0.0,1.0,0.2235908763226151,0
0.20601051449757476,0.0,0.0,1.0,58.0,2.0,7.429677686260289,10.544440650742349,42.50732571059568,254.3313762078955,0.0,6.0,0.04211204935725059,0
2.7871189294784555,33.0,19.0,24.0,194.0,174.0,6.950284662160451,67.87265014577218,83.8712033359794,37588.54937815846,14.0,52.0,0.7467971042707806,1
0.3736251866695616,3.0,1.0,2.0,52.0,3.0,3.1628738208987572,11.884680787004044,49.93679180426738,2579.2581403236445,0.0,6.0,0.012023412841306376,0
0.35116361566006327,28.0,16.0,14.0,223.0,178.0,7.336663437910289,62.62612864741783,68.82494292963693,47448.75327824172,19.0,44.0,0.9647925535906708,1
0.7370665583080671,1.0,2.0,0.0,49.0,5.0,3.03654034181944,27.07924350156649,24.59643131614729,1210.715817295314,0.0,10.0,0.09280666106638867,0
0.5735310333925452,1.0,0.0,0.0,46.0,5.0,5.549314514625835,14.935118251883583,44.16624991391828,8433.122658637109,0.0,3.0,0.0128926586613035,0
7.160783404912989,34.0,26.0,26.0,193.0,180.0,7.692277173360243,61.64176078915696,79.15535065995776,2320.3388892798134,15.0,47.0,0.7565111257654772,1
4.08261938347314,44.0,18.0,11.0,185.0,189.0,7.638771690407008,87.62372647446583,65.71262341157282,166776.41708001256,13.0,57.0,0.8335217515193779,1
0.4017052214625679,4.0,0.0,0.0,62.0,2.0,3.2075796556377885,9.508227821768251,32.366146449581564,619.8523545003645,0.0,3.0,0.054512401519374476,0
20.31645429086624,35.0,26.0,19.0,211.0,179.0,7.531183179443415,49.88995122864442,58.61413516658321,74069.0723082439,16.0,52.0,0.8125072217401448,1
8.32659977254795,28.0,27.0,21.0,179.0,185.0,6.639591940710629,77.93333229934682,72.9877934690643,88927.6429935126,15.0,48.0,0.5214309265347512,1
0.14371248560012914,2.0,1.0,0.0,48.0,3.0,4.280913001788277,14.262387216229317,41.66301118837793,2845.943556476175,0.0,8.0,0.049554624144163534,0
0.1805633320477018,2.0,2.0,0.0,47.0,3.0,5.157760908544667,24.018867664489697,24.213328454951373,1237.7912023741617,0.0,3.0,0.007297471354950549,0
21.211228812362908,22.0,25.0,15.0,228.0,184.0,6.305836968974736,61.000883672439784,78.35725797718464,4034.3659511471537,13.0,70.0,0.6844229628017106,1
0.29642307868044787,4.0,2.0,1.0,45.0,9.0,2.5625746221301755,24.674444299575125,58.88939175787928,1925.1097929714008,0.0,6.0,0.08225103093281322,0
8.818897977754636,30.0,24.0,22.0,200.0,188.0,6.410381423201233,76.68780126698859,58.044172251625696,10721.708553834256,17.0,55.0,0.6919921146885201,1
28.706881599718162,30.0,22.0,23.0,241.0,174.0,7.755932263781208,73.00336597632179,57.256628120290166,37289.95513578488,15.0,48.0,0.7928654810996989,1
0.1804317394496088,30.0,31.0,16.0,195.0,172.0,6.345572737731294,70.558867037954,69.14821760775193,44548.07769958363,16.0,51.0,0.824966911435261,1
0.08983733305220583,4.0,0.0,0.0,37.0,3.0,4.384703111069467,10.50075356203746,14.32805105066943,1872.523239827556,0.0,7.0,0.02428037162709651,0
8.830271093945925,26.0,28.0,20.0,204.0,166.0,7.828327577278804,72.37476341970834,62.327300141875824,17049.774213872734,11.0,56.0,0.6771547221040854,1
0.64678395904621,1.0,0.0,0.0,44.0,6.0,4.016929096522566,23.584801039111593,69.49666801445991,2255.7328111040842,0.0,6.0,0.020055363519293073,0
0.23042353032362695,1.0,3.0,0.0,54.0,10.0,3.9478799184114117,6.159337962506102,38.710192103743715,964.8340848906248,0.0,2.0,0.008525650479425715,0
13.69681942044175,33.0,20.0,15.0,220.0,166.0,6.7021733861777095,80.62218678549038,74.99780473976979,5630.624783889417,14.0,42.0,0.7552189754281966,1
0.27121819556192917,4.0,0.0,2.0,44.0,7.0,5.22354376067337,15.309226647124566,41.231735371158905,454.5380092173784,1.0,8.0,0.376805479367074,0
1.712727245341655,34.0,18.0,20.0,215.0,165.0,7.466804467079459,92.0666014795425,63.40446436355342,4677.471711651041,15.0,54.0,0.8143961812834727,1
0.12734073945340835,2.0,1.0,1.0,44.0,5.0,3.9397166338278193,6.9758180119586495,36.75822941595001,2717.5704135898777,0.0,9.0,0.016015863228134405,0
1.2567521967362119,1.0,0.0,0.0,54.0,5.0,5.291568868277842,16.36405665073621,45.29550971335843,3787.9309546832965,0.0,5.0,0.012926341071403757,0
0.17718030383726166,3.0,3.0,0.0,52.0,3.0,3.118019101286808,20.756633565123376,20.182721240786712,629.8277602828688,0.0,5.0,0.004898980316455646,0
0.7035184568944325,2.0,0.0,0.0,43.0,8.0,4.146149806438223,0.0,17.601874480280653,540.8566522949017,0.0,3.0,0.06101776781795326,0
9.80630747547455,34.0,23.0,24.0,198.0,192.0,7.624625206911488,82.55460143289736,60.6951329810545,32337.994902626448,12.0,39.0,0.7958121240559274,1
1.790376227403316,32.0,25.0,22.0,210.0,198.0,7.139015594787579,72.55416638874645,72.06022291698649,535.7684933558651,26.0,49.0,0.887119284698926,1
0.22721315567288158,32.0,14.0,18.0,204.0,156.0,7.664323566214134,86.02198303111226,78.32455315524253,34036.50107466208,11.0,47.0,0.667582551569354,1
0.9747275584520261,1.0,0.0,1.0,53.0,6.0,3.4856828190207882,27.35395992695336,13.324379441306224,1316.6574133766928,0.0,6.0,0.05107135634098403,0
0.18970631087487785,0.0,0.0,3.0,49.0,3.0,5.710696840043054,17.83602827992126,40.46796406923446,455.86620701689196,0.0,6.0,0.061398278745973,0
0.8253880412421125,1.0,1.0,0.0,57.0,9.0,4.467636890091631,14.847963706423577,25.744053127267,148.78099706508902,0.0,4.0,0.001965842730088536,0
0.03017686613289064,30.0,23.0,15.0,186.0,196.0,7.305825173027049,48.852613446096676,78.6240347640582,217547.00801571767,9.0,46.0,0.7960821539167885,1
6.2159854139865995,33.0,27.0,19.0,215.0,218.0,8.0,65.24541190742204,74.62373373179237,5076.152379097123,16.0,40.0,0.7581757103985378,1
0.49483735289132197,2.0,1.0,1.0,47.0,6.0,4.625641236147519,5.694399714449908,47.11007953291489,130.20558007337348,0.0,2.0,0.02757112834139563,0
0.04772456379445079,2.0,0.0,2.0,45.0,6.0,3.4281210091706287,7.705392152770736,36.9484071267709,2117.80167440726,0.0,9.0,0.059202468367890865,0
20.406305074194456,25.0,23.0,21.0,179.0,182.0,7.121551292724132,67.92886461184231,63.844342968221866,33066.24921685441,9.0,62.0,0.750976304755137,1
6.712420739517892,35.0,25.0,28.0,198.0,201.0,7.19814645803858,77.40801206187443,69.23354063188482,15543.916858009183,18.0,47.0,0.928584006069241,1
7.355474814169817,17.0,29.0,18.0,230.0,174.0,7.611479025667876,86.90278643083468,65.45347045438032,54108.37070184196,15.0,59.0,0.8630919443952806,1
9.48813852456804,28.0,21.0,16.0,218.0,184.0,7.253742705424176,97.03510600620517,68.60176238904832,13204.366366364558,22.0,54.0,0.45591253659157377,1
0.04877285511537734,3.0,1.0,0.0,55.0,4.0,4.954408420353778,28.34437456528312,37.491358088999604,682.9401469319209,0.0,6.0,0.017230279577468734,0
6.8065276444874625,23.0,18.0,23.0,202.0,203.0,7.837627369301164,69.63509306473652,70.07779043222484,185416.7705809132,14.0,43.0,0.8134598253913511,1
0.9988518777717972,32.0,23.0,24.0,193.0,176.0,7.72830438753278,76.75716084613788,83.3867103182513,28445.914625073194,14.0,61.0,0.8153484033714289,1
0.011419049784836814,0.0,0.0,1.0,52.0,5.0,5.79397387450596,17.808975158039406,38.39891936816464,1424.462064467135,0.0,6.0,0.008343000791605661,0
0.053614559689655394,2.0,0.0,3.0,56.0,4.0,4.066267032688663,11.597106379323469,30.14325004616319,273.3200649836543,0.0,4.0,0.021370205851202164,0
0.11761681274524381,3.0,2.0,0.0,44.0,1.0,3.883555724412491,22.30711007276647,36.833182458644025,2081.6320050223057,0.0,6.0,0.017473960694629014,0
0.8589363368073449,3.0,0.0,2.0,39.0,1.0,6.5383058257596804,21.364299708993652,26.284894498806914,1410.9130810510705,0.0,6.0,0.016677575210149412,0
0.5029711204455494,0.0,1.0,0.0,46.0,7.0,5.032706404352075,32.06578615941986,0.0,999.521831731901,0.0,7.0,0.004518886653588348,0
5.847385206318935,37.0,24.0,17.0,198.0,186.0,7.432851287238683,83.09074015870851,77.50680706933665,74557.38908487225,12.0,47.0,0.642386011038483,1
0.5095989102108538,1.0,0.0,1.0,56.0,5.0,5.1661168376350535,26.382415993670854,45.187744323599574,4446.922069702554,0.0,10.0,0.024292526254904186,0
5.49532183309168,29.0,24.0,18.0,203.0,171.0,6.940376928744974,86.30105353206355,70.85713379716832,32102.499758947877,13.0,51.0,0.7213668840275265,1
0.21914859749445112,7.0,2.0,0.0,48.0,4.0,6.580460771438469,15.960530064808614,23.569579035961493,6128.196814218283,0.0,9.0,0.05695066281838701,0
2.8876375925517483,36.0,25.0,28.0,194.0,158.0,7.079291885254396,75.92766140540009,75.55929473372639,14877.945872513006,11.0,50.0,0.898550612777726,1
3.8097514324923205,32.0,24.0,19.0,230.0,193.0,7.121427768615254,75.70672361158174,66.95332769522625,51399.812684163124,17.0,57.0,0.8011115939528366,1
8.397151518430277,31.0,28.0,21.0,190.0,154.0,7.604411450495044,66.39852464515431,60.82139902116489,5267.43648681303,27.0,58.0,0.77236506199167,1
0.01023226195735138,1.0,1.0,0.0,44.0,7.0,4.724486758940263,15.233263200487976,58.848794339280445,4902.167151978074,0.0,3.0,0.0703902106749034,0
0.027796637685934687,3.0,3.0,1.0,55.0,9.0,4.6743856655324345,8.892788552817024,34.50903743231907,2073.853639639498,0.0,2.0,0.0001396886347330757,0
0.16193508952666427,38.0,29.0,21.0,201.0,200.0,8.0,71.36844115875225,74.98424389157107,253603.10806396345,25.0,54.0,0.7839604184974952,1
0.05621985983594626,3.0,1.0,1.0,50.0,5.0,3.845629848025625,43.51749969859897,66.97593831892013,6717.251692616694,1.0,7.0,0.08860485969995666,0
0.3508375689475302,3.0,2.0,0.0,58.0,2.0,2.2496105067421404,11.716384245241201,15.273376642631622,273.9131882286093,0.0,6.0,0.09441741901949004,0
12.055157962761026,34.0,19.0,18.0,217.0,219.0,6.772865359790254,85.67633394790717,76.63080596073765,47060.55993373162,19.0,46.0,0.6472462263204902,1
0.505936370804377,4.0,1.0,0.0,58.0,3.0,4.442771773973794,18.67553098553412,45.42808104128,523.5459902569619,0.0,5.0,0.11587260340805267,0
2.206489542143715,23.0,26.0,29.0,201.0,178.0,7.200790451860173,78.92149328941056,84.12866772415279,1376.6535285712007,10.0,45.0,0.7352209720822913,1
0.2888011304229215,4.0,1.0,0.0,64.0,9.0,2.668426403608266,25.090893310575453,26.753879432622252,1254.3899286467197,1.0,6.0,0.04428061623822591,0
0.44943262615967783,0.0,1.0,0.0,46.0,4.0,6.437076736982156,5.4070578186453115,45.47418241695541,3618.790494796487,0.0,5.0,0.0879690151245327,0
17.090014077035764,35.0,28.0,17.0,186.0,175.0,7.406350387910076,89.44174313009927,49.46176759763873,125467.20797209216,24.0,53.0,0.8770151944612118,1
1.6776908094462128,27.0,30.0,20.0,199.0,169.0,7.604599283861155,82.57926817635438,78.93079842938178,2690.7883782037497,20.0,56.0,0.8851377822621842,1
0.5045546330030146,3.0,1.0,0.0,57.0,3.0,5.641497835133961,17.29978129702578,41.7648250134999,3123.561038522143,0.0,6.0,0.02131509851753487,0
3.6872391856955633,19.0,27.0,29.0,188.0,151.0,6.9532194130511344,90.13695109883417,61.953703210014375,47830.97139331717,17.0,53.0,0.8249685168148515,1
0.2606707151355816,3.0,2.0,0.0,52.0,6.0,5.146641656733081,22.950835122469663,10.215553248371894,1621.6237283335765,0.0,6.0,0.09977046490943647,0
0.33955552028020464,2.0,0.0,0.0,53.0,6.0,5.813044386990526,15.736974818207468,46.24497229103183,664.7652758026229,0.0,4.0,0.04493836047642521,0
10.964261259245212,30.0,29.0,15.0,184.0,147.0,6.8714437800045705,90.44961744299111,58.74522851963097,53621.82416462699,16.0,41.0,0.6405275179936408,1
5.987507496388322,37.0,29.0,15.0,197.0,178.0,6.890094571615025,71.05956502028536,67.76520483673701,2629.830756031938,7.0,47.0,0.6673258342393081,1
29.804585533865506,35.0,32.0,24.0,203.0,158.0,6.95922941238845,57.75793621352413,67.46615081645969,56853.57684265386,16.0,53.0,0.8645226980713397,1
0.9072601560374197,4.0,0.0,0.0,58.0,9.0,3.1138035746105506,24.052852402309167,52.89791336715046,155.95915379901203,0.0,5.0,0.008507063559849511,0
0.16768959769551472,4.0,1.0,0.0,50.0,2.0,4.091380094282478,28.24697787594718,39.64026754189025,3365.9821161285886,0.0,3.0,0.018004867212638755,0
8.79563353372247,20.0,21.0,23.0,182.0,189.0,7.190390587073191,78.8454538929898,61.53089004661767,81622.79104403073,11.0,55.0,0.7426606704362906,1
0.22628382305818381,3.0,0.0,1.0,54.0,7.0,5.5422478330484,21.40773599581667,44.51678235735492,4078.429488446659,0.0,6.0,0.0027452526008536113,0
0.5359288630064025,3.0,0.0,0.0,47.0,5.0,6.007831343803759,34.5379605207225,37.937759654111744,1874.3265363200178,0.0,7.0,0.013761897735891789,0
6.724084913366925,35.0,25.0,17.0,194.0,176.0,7.573638082806305,53.44008169955754,67.42171619598521,46160.11820370296,12.0,55.0,0.7071318743270478,1
0.32381710490903953,3.0,1.0,0.0,43.0,5.0,4.31115554499663,19.123555898645808,27.668704043408475,3186.1992122309593,0.0,4.0,0.020002943736792858,0
0.20525106799892057,4.0,1.0,0.0,44.0,5.0,3.5974791609860572,0.0,51.750344620656875,950.9187654918308,0.0,6.0,0.14799825664239777,0
4.700564935709716,36.0,25.0,16.0,193.0,174.0,7.0010908837382315,44.8438064266858,81.85996984960461,28189.66847122364,17.0,52.0,0.7951647823187278,1
0.2888717039244105,2.0,1.0,0.0,57.0,3.0,6.176576566951645,27.461906407562207,47.030449029064364,746.1696503212136,0.0,7.0,0.011844586367551231,0
0.314643917840568,0.0,0.0,1.0,59.0,8.0,4.261063925526914,15.21726691101326,46.3863074940136,2381.7329520395056,0.0,5.0,0.027545562660254406,0
14.980141125465108,39.0,25.0,17.0,191.0,163.0,8.0,72.57256511263758,85.13923638867385,25768.6478683541,17.0,44.0,0.6772042330626381,1
19.776931094567935,33.0,26.0,19.0,186.0,168.0,6.3124503340969325,84.2634270957986,63.286525378877485,20099.06289965865,11.0,45.0,0.6648831227248302,1
9.595567073309153,40.0,27.0,22.0,187.0,180.0,7.279713170701375,66.46786247343516,84.83009239510557,36516.60277081761,15.0,42.0,0.6817253298105928,1
2.6314553887239676,16.0,27.0,24.0,179.0,158.0,6.828704085038851,62.125950166156,72.14630883446898,55359.58143284361,15.0,41.0,0.788188163670344,1
13.758938065161272,34.0,22.0,24.0,196.0,179.0,7.676563854027687,100.0,72.10667397358625,42463.71733931839,13.0,42.0,0.8478423162165063,1
1.3956254919825708,32.0,23.0,18.0,200.0,189.0,7.874889103117795,71.93239374859745,77.59457970739597,12806.133408279713,9.0,57.0,0.7191077106617105,1
0.4470348599194951,1.0,2.0,0.0,59.0,2.0,3.730277769128114,20.34459065423622,43.44107626392059,1892.3648514657598,0.0,4.0,0.1708214817836831,0
0.3094917005160266,2.0,2.0,1.0,53.0,5.0,4.483306760465414,22.73253883387121,37.43975427524886,219.32378823061796,0.0,7.0,0.08407397933561009,0
0.33774087685077997,30.0,33.0,19.0,169.0,198.0,7.93112134198409,87.09557040596574,44.42046373203986,115674.36621583764,12.0,43.0,0.9402591681300285,1
0.07472546958615202,4.0,2.0,0.0,53.0,8.0,4.636309025621507,15.011945442028727,32.66892026535863,105.4802691938344,0.0,5.0,0.026900479134740873,0
0.21848874996455642,2.0,1.0,1.0,48.0,5.0,4.132302552719502,24.056485127852426,40.07448691187672,1018.6887806340792,0.0,8.0,0.2099212891492338,0
0.0784128723591857,1.0,0.0,0.0,44.0,7.0,3.922090508348159,14.935045175453396,37.43118274378452,2228.8900266720193,0.0,3.0,0.009804994991847907,0
0.7412595792376591,3.0,0.0,0.0,43.0,6.0,2.606193747664494,4.489359599816474,40.650416431763745,3039.868703222002,1.0,4.0,0.06368962829134873,0
0.31109063588858216,4.0,1.0,0.0,55.0,6.0,4.746850302655133,0.0,55.340277391301555,2649.6902744787226,0.0,8.0,0.0744333266713885,0
0.3108373024643076,6.0,1.0,0.0,54.0,9.0,3.375523530046575,23.936251091857944,29.075105696258007,2115.404148192869,0.0,4.0,0.04907465659181859,0
0.43645877816509865,29.0,17.0,18.0,217.0,171.0,7.0091682772235915,79.0345920385561,72.20304219020167,40372.417164278,12.0,52.0,0.7806460204675839,1
2.5632628448022374,30.0,34.0,21.0,201.0,177.0,6.526082337217787,85.76169798994256,68.31032643622073,86148.98516347635,12.0,40.0,0.9382618514481692,1
0.016895444772988134,2.0,1.0,1.0,39.0,7.0,3.0238773950873092,18.64145102907308,12.00480333019311,1051.1876724086862,0.0,8.0,0.04727516726204296,0
0.48195646918805696,1.0,1.0,0.0,36.0,6.0,4.060046007778988,13.558422817791,46.235707317254366,466.40569728191,0.0,7.0,0.03406847603778371,0
0.6519827038389042,1.0,0.0,1.0,47.0,8.0,4.707020509390829,17.781081234862594,24.323736763268307,897.4247623108788,0.0,6.0,0.038243185656387464,0
0.23099189528725111,2.0,0.0,0.0,43.0,4.0,5.152723105595825,12.710261821412137,48.06990340080178,3063.738316743652,0.0,2.0,0.05334223353585502,0
0.13352698775334235,0.0,1.0,0.0,43.0,9.0,4.861191952632592,29.2963718302185,34.874248279552056,4106.01805774538,0.0,9.0,0.05947982055194576,0
0.0014856668921482848,1.0,0.0,1.0,57.0,10.0,4.052376534473711,22.391912699516844,46.394163365599326,1159.2603109847905,0.0,5.0,0.20161527168290316,0
0.11539609001551165,1.0,0.0,0.0,59.0,8.0,5.2649923456034085,31.146804812048053,20.954141475714614,202.20962057609748,0.0,3.0,0.0018638302577887093,0
0.19651654123067727,2.0,1.0,1.0,53.0,11.0,5.66837623393722,30.847770219821,49.460606531284775,316.58324160333916,0.0,7.0,0.06604515570419149,0
0.15274945302270407,2.0,1.0,1.0,50.0,4.0,3.3256881635046747,21.245621231029475,18.691298003104134,1574.1938415988834,0.0,6.0,0.008171861831339852,0
5.826378521674113,27.0,11.0,23.0,194.0,158.0,7.479752862637596,91.3824541976609,87.17217022028711,189988.71975532683,18.0,57.0,0.8433777113102326,1
0.22462426676386027,3.0,1.0,0.0,40.0,3.0,3.9540547869355893,35.537684003704726,58.66933437583721,3450.221281290462,0.0,4.0,0.07839617672120097,0
6.258983142887475,36.0,32.0,10.0,210.0,169.0,7.009827541419357,78.06075734461058,83.41454584050636,24757.19322085075,15.0,43.0,0.7850714112595925,1
0.20625378378346187,3.0,1.0,2.0,57.0,3.0,4.366410333099636,19.177803617389607,57.995805239081825,1752.4964467504303,0.0,4.0,0.030834380211666266,0
0.14981624911200714,2.0,1.0,1.0,42.0,10.0,5.188215567500451,0.0,69.81732577983041,5304.045982125728,0.0,6.0,0.09196104570302188,0
1.9053600858344304,32.0,21.0,19.0,182.0,199.0,7.0723884224967515,85.91343450931603,75.3089092114802,50027.036833040314,17.0,52.0,0.5071737296204348,1
0.07916899888238664,2.0,2.0,0.0,63.0,3.0,4.283177257906185,15.519108610731227,40.72612521817713,658.419950815519,0.0,5.0,0.02942284423227447,0
0.04138917222112669,4.0,0.0,0.0,45.0,3.0,4.6907719305925335,37.87870715003657,42.3894811332796,5394.161080351595,0.0,6.0,0.0035017927011792957,0
0.5824048359526316,3.0,2.0,0.0,45.0,5.0,4.58855886207678,30.355188034609842,52.51954283410208,907.5300851461931,0.0,7.0,0.05979770868497579,0
0.22004950362887443,1.0,1.0,0.0,51.0,7.0,5.124528910068655,5.272139298545394,46.82581707233949,1704.6891376301605,0.0,7.0,0.07616703749035947,0
0.18221205275859376,3.0,1.0,3.0,48.0,6.0,5.104913827183569,4.86149977398542,41.86754506201485,1581.513044337529,0.0,11.0,0.17428085122917808,0
0.1922859344108441,0.0,1.0,0.0,46.0,2.0,4.037736216938193,11.631673532876448,36.160445205104324,235.86016712538972,1.0,3.0,0.037080434724641224,0
0.425971719348108,3.0,1.0,2.0,45.0,8.0,5.521160554536392,17.214740064899456,34.01514159174358,943.8822495723401,1.0,6.0,0.04151444437162357,0
9.8828927771179,25.0,23.0,14.0,184.0,184.0,7.009514377242081,41.92020984970272,83.47887321788183,29198.835811065503,19.0,44.0,0.7792946806585124,1
10.024467739055154,29.0,23.0,16.0,227.0,164.0,7.062652075627497,61.942978663037565,82.01589134843236,66518.52297794042,11.0,47.0,0.8416312755902993,1
0.9430184810311606,22.0,16.0,18.0,179.0,179.0,7.286013909201587,76.95401124390254,80.93515022223046,21414.192415490186,16.0,40.0,0.8850716466928976,1
0.21696896073033542,3.0,1.0,2.0,56.0,3.0,4.775952208534298,0.0,32.70812991475083,1734.6715943961847,0.0,8.0,0.10014099203207213,0
1.3002439018761958,2.0,0.0,0.0,37.0,3.0,6.449659752351401,28.830936491984772,41.51811394452984,3026.0737957191336,0.0,4.0,0.020489870186286323,0
11.843757218087948,29.0,13.0,19.0,204.0,192.0,7.047318689359,100.0,72.92236809307981,31019.671756413016,24.0,64.0,0.9664114053617814,1
0.3258767395694941,2.0,1.0,0.0,50.0,3.0,3.5796366068833505,9.148336788961075,48.00024967603211,2872.6346559004946,0.0,7.0,0.016220740377093864,0
0.13137579947823494,2.0,1.0,0.0,45.0,1.0,2.5351704674882454,17.652675482769745,37.754961396922106,2564.6313138414607,0.0,4.0,0.008219437123726405,0
29.591887543401945,27.0,25.0,20.0,210.0,165.0,7.673336233965572,87.20873623773599,75.96259703309198,96324.81195544635,15.0,47.0,0.7017539803010202,1
0.6295001121482982,1.0,3.0,0.0,60.0,3.0,4.623712251616012,20.85877854169854,46.58242672478352,580.1975819401737,0.0,8.0,0.163119293367727,0
3.660072655812466,26.0,28.0,29.0,202.0,182.0,7.7194640750762,89.55347375577469,56.41779541209393,24949.845542399293,17.0,54.0,0.8094796164200854,1
0.017634332018988813,1.0,1.0,0.0,49.0,7.0,2.5906570485476985,11.257623626626966,43.6758210548809,423.64442395924584,0.0,5.0,0.018799171099535543,0
0.35637526872613906,2.0,1.0,2.0,49.0,4.0,4.663605909617789,23.269017387463233,57.09098696784176,954.0725677853881,0.0,2.0,0.020736006200737924,0
0.3562152343167558,0.0,0.0,1.0,44.0,2.0,4.157358298083924,15.321547665682283,46.05583132558357,1483.9827019975073,0.0,7.0,0.24590558880508964,0
0.22725421285018316,5.0,1.0,1.0,54.0,3.0,4.575977208880852,10.867422248156918,23.855223384214334,2791.9780474582694,0.0,1.0,0.13181923707170462,0
1.0703394414875098,0.0,0.0,0.0,57.0,5.0,3.6807227750866853,26.72857687685869,49.067911693027035,1451.9004760093699,0.0,4.0,0.001965659487467819,0
1.3668219166580056,33.0,19.0,25.0,177.0,165.0,6.6545870230218025,63.08941802491797,60.86685892996178,31977.742325392468,16.0,58.0,0.5217700347152419,1
6.894432985017032,37.0,28.0,17.0,202.0,176.0,7.057125642006616,80.16689248065607,88.1796625439085,81399.23407930117,16.0,54.0,0.8552059512629498,1
0.09475543963084118,3.0,1.0,2.0,61.0,5.0,4.709630083918286,45.932551460833,14.421523701497176,222.83339703495503,0.0,4.0,0.036727578082244715,0
0.35822232759050193,3.0,1.0,1.0,50.0,4.0,5.1255292437004565,4.008578948929607,30.02821321011093,4976.922336729375,0.0,8.0,0.016197316781825618,0
4.961308211459017,22.0,20.0,25.0,202.0,183.0,7.466461411379158,78.87006912024543,75.98714330884701,19267.32130722513,12.0,47.0,0.7942406273565726,1
13.570373637862573,21.0,17.0,17.0,201.0,186.0,6.862239242603972,67.58205100801803,70.14691102995931,75286.81299982585,16.0,49.0,0.9812584781176265,1
1.6983501401924606,27.0,21.0,16.0,196.0,177.0,7.839324019539914,62.39540808389037,66.70369694971828,12774.511218424286,16.0,47.0,0.7403906948605176,1
0.13236809985896103,2.0,1.0,1.0,39.0,5.0,4.684366663809107,26.014773275666382,58.710403044851105,1525.9525818530726,0.0,4.0,0.028072637588873225,0
2.0099844614066855,28.0,21.0,22.0,187.0,185.0,6.370977508250901,63.148224482320245,72.44596025827812,81160.4498376118,17.0,47.0,0.5249224041096029,1
0.05191632922811984,2.0,0.0,0.0,48.0,7.0,4.26056489674501,15.256008386296086,48.663331718443814,2861.6947152847574,0.0,6.0,0.06580814662641041,0
0.2802554919971754,1.0,0.0,0.0,38.0,5.0,5.944661901637874,29.846383089277488,46.75637092279446,1015.765460712957,0.0,5.0,0.0305796591386778,0
13.231139237987566,28.0,27.0,22.0,246.0,188.0,7.987026040178846,94.8021683737826,70.86775052115867,8597.125048124368,13.0,60.0,0.7975309773145909,1
0.10057490291432451,1.0,1.0,0.0,54.0,11.0,4.580057962511073,32.057074728833356,57.59639894388194,71.38665739471053,0.0,8.0,0.00010355137631239769,0
2.220643882593842,29.0,19.0,16.0,196.0,165.0,7.793962445171817,65.90237080785207,60.846768832659734,2186.850844630267,13.0,42.0,0.8280075105108574,1
16.595102528202094,33.0,20.0,25.0,192.0,188.0,6.819777637993868,81.2454488749867,61.4911322447776,12978.346080635289,15.0,47.0,0.9003814515004396,1
0.12611829873469482,34.0,31.0,22.0,231.0,182.0,6.139363674674167,88.04660260433765,56.89200615164127,47567.97473162182,14.0,50.0,0.8623494875402035,1
0.19309625089058782,2.0,3.0,1.0,47.0,4.0,3.534277409342968,29.24390046215567,42.90088214950075,833.5616625926991,0.0,5.0,0.011907671155167616,0
0.06699251854013184,24.0,18.0,13.0,203.0,188.0,7.195803176243148,78.28580552755528,61.04419911169156,46239.68713289172,14.0,50.0,0.5864213050243149,1
1.0394877557235305,29.0,27.0,26.0,188.0,191.0,7.058397063118274,84.39405315064775,75.62667717959056,77446.2307319853,15.0,45.0,0.7286344398469145,1
0.07811790673342528,5.0,1.0,2.0,53.0,6.0,3.9147748176586394,12.442317975131669,34.42217662877181,1324.6302165098307,0.0,2.0,0.018474035518598678,0
2.6351449409240018,32.0,23.0,17.0,209.0,207.0,7.652484214793162,68.56858445857037,83.02470042964939,66424.25275998296,14.0,54.0,0.617055939869625,1
25.53227589988155,32.0,29.0,13.0,185.0,169.0,7.147668261770154,70.35924824332622,61.58350665598378,96509.86462230484,20.0,64.0,0.5103297468684637,1
0.2545001088630135,4.0,3.0,0.0,43.0,8.0,4.435055091622023,23.848444928929183,10.732100330173925,6139.183150985448,0.0,7.0,0.02019688183321943,0
0.1939079360070785,3.0,0.0,2.0,56.0,3.0,4.680729528142323,8.237432520545537,36.95783686405461,1472.3108880465616,0.0,6.0,0.052892164814638945,0
1.504125301698624,24.0,27.0,16.0,200.0,159.0,7.98629781527524,61.916938377799454,64.38595803696914,28094.01741787565,11.0,46.0,0.8687151235829256,1
0.14588757962960808,2.0,0.0,0.0,49.0,4.0,5.016620046794391,16.328790065130313,40.740019823182685,1811.587429763254,0.0,5.0,0.08422247263732212,0
9.454677307741829,38.0,18.0,17.0,187.0,208.0,7.946803554492934,71.0733174437824,54.12559156214623,27272.99223973555,15.0,62.0,0.9630460069111431,1
0.1536294603824764,2.0,1.0,0.0,54.0,11.0,4.149628394369231,21.751007550317894,50.847523779622584,2994.03595185823,0.0,8.0,0.01590311861612652,0
0.036053611365535254,3.0,1.0,0.0,61.0,2.0,4.244572347018135,22.777825265043873,35.94786239832511,323.4994036692682,0.0,5.0,0.09031558301464433,0
0.02686526131917238,3.0,3.0,0.0,54.0,3.0,4.8568336475858604,11.194125159808328,41.67901172681544,698.9893157829238,0.0,6.0,0.010540760246076291,0
0.8971761454246096,35.0,26.0,20.0,199.0,185.0,7.714923314819824,52.60085799314551,66.51492113195488,8854.679320763122,7.0,43.0,0.9160548497099203,1
10.4734449926908,39.0,22.0,22.0,180.0,145.0,6.34372313552567,100.0,75.85861746254523,2124.3556188893103,19.0,44.0,0.8120642114823703,1
0.30353523441123914,1.0,0.0,1.0,49.0,2.0,2.8927291043936965,24.18309724506659,36.55685480258481,835.9271328298389,0.0,4.0,0.052638085064907164,0
11.511514822157627,30.0,32.0,17.0,225.0,185.0,7.859156979878775,79.48132076209018,86.37664957862071,28512.07725084594,15.0,49.0,0.8422229419322041,1
0.47658584248626146,1.0,4.0,1.0,57.0,2.0,4.650766664191181,11.450584382474728,45.12404498410595,1192.9585005659706,0.0,2.0,0.02970065069407375,0
0.3160053407061709,1.0,1.0,1.0,47.0,6.0,4.513604073320854,20.923002943611476,47.589749630418254,2896.4447463065085,0.0,3.0,0.05764149290385332,0
0.012738519900315508,2.0,3.0,0.0,48.0,4.0,3.9251507549269773,12.448291588436664,44.492272486053864,1184.709264944085,0.0,2.0,0.003708953918464096,0
5.220949029531099,25.0,24.0,19.0,197.0,198.0,6.625544817980769,71.20882034743457,63.100324089537565,44161.58263344346,14.0,54.0,0.8620894614184402,1
0.40053639142455977,1.0,3.0,1.0,45.0,4.0,5.868115418049713,15.360082764791063,29.289147363337875,76.82456489868791,1.0,3.0,0.08171793774395547,0
0.8451766366161455,0.0,1.0,0.0,49.0,4.0,3.3937248733946013,17.222646111335074,58.55992315077113,594.7538554722931,0.0,4.0,0.08203285906429897,0
22.694168699449598,38.0,25.0,21.0,197.0,179.0,7.5745945456496795,45.87565039079,69.90235868674239,102389.8649613282,17.0,44.0,0.8697221926790254,1
0.026763308696969187,2.0,0.0,2.0,48.0,4.0,4.290443202307043,11.971617662773324,48.1328862461352,322.1563559553821,0.0,5.0,0.10747451876052605,0
0.16746592406763058,3.0,0.0,0.0,41.0,4.0,5.943196986880234,11.94797899170755,29.181471297302632,3328.961707595703,1.0,6.0,0.13327441043057603,0
0.5296792624183959,2.0,1.0,1.0,56.0,4.0,5.397435428944072,14.676316437733812,26.835665355548528,253.52317522642025,2.0,5.0,0.014206771784313113,0
0.43958492706187824,4.0,0.0,0.0,51.0,5.0,4.651019886324311,1.4083696280884794,24.089679459932185,6357.879623797955,0.0,3.0,0.010467544566398616,0
17.115791578612647,31.0,29.0,26.0,203.0,199.0,7.5445256108091945,45.56923569129064,75.98219942670899,41413.59292100577,11.0,49.0,0.6123958053027694,1
5.094657958779269,33.0,29.0,22.0,212.0,177.0,7.424971570590677,83.0025474697993,71.83531394822359,199438.54525826243,9.0,50.0,0.5945142181545421,1
0.18454864827507697,1.0,1.0,3.0,42.0,3.0,2.378482670710176,21.901479921252132,27.64057552106071,591.7795919896179,0.0,7.0,0.02288938571932185,0
3.5169074232736715,29.0,34.0,19.0,189.0,165.0,7.176754821921078,100.0,47.46014346319156,45106.82883232113,16.0,66.0,0.7062124826840388,1
0.17850439908685728,1.0,0.0,0.0,37.0,6.0,3.4856721113577818,32.288131153533755,26.185314427453093,2723.1272771382023,1.0,8.0,0.014037648245896027,0
0.3001172317553544,1.0,0.0,0.0,42.0,5.0,3.392005245309618,27.733058731241798,64.90800177150177,546.1278139258844,0.0,3.0,0.004542396913673346,0
5.018878603053502,23.0,24.0,17.0,218.0,181.0,7.093345801510966,73.39776277740077,69.90252908068388,85808.05746551772,13.0,61.0,0.7905601006211689,1
16.0096204720975,44.0,27.0,13.0,165.0,177.0,7.195097329786873,100.0,67.37879293743707,32922.18033531954,14.0,40.0,0.7849816649844034,1
0.11514888211204768,3.0,1.0,0.0,48.0,4.0,5.572327900744114,33.073888205042266,61.76272947970623,2645.0990383426206,1.0,6.0,0.06602690639222898,0
0.1868032845050842,1.0,1.0,1.0,55.0,11.0,3.3411854749125784,35.825518837169696,26.682087334252913,2074.1064011143817,1.0,4.0,0.021194362499739463,0
0.28802967497204035,1.0,1.0,1.0,54.0,4.0,4.796659326516052,6.178480602783479,46.87911619174113,980.9440851253447,0.0,5.0,0.010654667323956608,0
0.4756961939198059,2.0,2.0,1.0,49.0,2.0,4.9594612998204095,37.45477743719638,50.10829996010862,868.9001601789056,0.0,5.0,0.02251025760166538,0
0.3777935173944304,3.0,1.0,0.0,54.0,7.0,3.745361823906312,26.362920305645318,41.88154876625837,543.0375780202085,0.0,11.0,0.035370987786835686,0
2.047430322343338,20.0,20.0,21.0,210.0,176.0,6.6061552465148985,77.02052373442461,79.99593705445362,40910.662475415375,15.0,44.0,0.604923433102139,1
6.0261633899029245,32.0,28.0,19.0,188.0,177.0,6.572245043307392,100.0,62.91700977513726,4898.3760467699,14.0,45.0,0.7727430643853711,1
2.8744783180069833,22.0,22.0,16.0,193.0,187.0,7.601309099653263,88.04949009473442,62.589581638301254,7974.4591147701285,25.0,47.0,0.895877106123787,1
0.005410680849584718,3.0,1.0,1.0,52.0,4.0,3.601148535005519,15.975591671565695,29.405815311351887,4388.788897546813,0.0,6.0,0.02480391153913597,0
0.21240498273037653,35.0,28.0,24.0,199.0,154.0,7.054049536724931,51.80532204617146,66.25684554711594,175348.11552673203,13.0,64.0,0.7874549699460733,1
0.612086380788429,31.0,29.0,14.0,210.0,178.0,8.0,73.94916688222388,64.62762029295737,89094.79554252308,16.0,54.0,0.7621141453796162,1
11.973627530095799,32.0,26.0,16.0,214.0,173.0,8.0,98.40723203345651,80.00966680318294,24456.144173593326,14.0,37.0,0.7413677154033291,1
0.11206876541874014,2.0,1.0,0.0,50.0,8.0,6.835520893756594,21.483430605562898,7.705682328606535,737.1227581290948,0.0,6.0,0.02229742003207768,0
2.040958234638089,30.0,23.0,17.0,199.0,166.0,7.964100303144727,62.5501506093175,76.20835089344541,39474.730912109524,20.0,52.0,0.7453156428944767,1
0.5075739008958945,0.0,0.0,2.0,45.0,8.0,4.375721340704091,22.13228023004484,51.12285823595421,1240.7135620248114,0.0,4.0,0.016837696751139844,0
0.2677339513710097,3.0,0.0,1.0,59.0,7.0,4.236867293322292,32.188571660123785,0.0,918.017641323503,0.0,5.0,0.04572174855580281,0
11.412776392024249,30.0,22.0,19.0,219.0,166.0,7.7642790210181385,65.12289996293723,75.8046177565684,116723.59066291162,17.0,56.0,0.6593983906317289,1
0.013884589706049586,0.0,0.0,1.0,47.0,9.0,4.822255156171393,26.12484210297815,35.51082140738101,614.2318921706631,0.0,6.0,0.006002790930818204,0
0.44256435781305403,2.0,2.0,1.0,49.0,2.0,4.796257837357472,32.89343740927958,20.231840235448608,1695.4138574510039,0.0,7.0,0.02428314643602687,0
0.065368878282135,0.0,2.0,0.0,47.0,7.0,7.026179449144864,19.87529593029934,34.76027062664268,672.0609203080485,0.0,4.0,0.011302750376979174,0
1.8633917387492187,26.0,18.0,26.0,188.0,183.0,7.030974099362694,65.68112338493901,55.07614249010345,4507.267332699024,11.0,52.0,0.8594239868356638,1
3.976606430305061,30.0,22.0,28.0,211.0,186.0,7.973074993764502,84.44227716098604,58.38019929678781,188533.10478890417,14.0,55.0,0.6334549188634104,1
0.2221127869038133,0.0,1.0,0.0,55.0,6.0,5.032575500597384,24.11452825201015,33.841803066190096,517.3205920093366,1.0,2.0,0.00466593654663491,0
2.413819139218241,28.0,22.0,24.0,189.0,167.0,7.220712310180057,53.261223031652094,57.033911987635264,70334.1906144335,14.0,56.0,0.9880948448142216,1
7.253128432073984,31.0,19.0,14.0,225.0,189.0,8.0,64.21862798730312,56.7802764696959,27530.751065172237,7.0,47.0,0.8776855151846543,1
3.2299827651009965,29.0,25.0,28.0,196.0,190.0,7.830889651698767,65.54774469175372,79.03625923841754,72316.8695107299,16.0,49.0,0.8691265868544026,1
6.887347948101513,30.0,26.0,21.0,220.0,189.0,5.927206753387383,88.96137563464235,67.11253776353807,24613.60165284894,17.0,50.0,0.8794024997732418,1
0.07631891636128317,3.0,1.0,1.0,49.0,4.0,3.5713558445348252,16.615093252251558,35.94883970827617,462.30725452942494,0.0,5.0,0.036985502261266436,0
5.507218887569083,20.0,19.0,12.0,209.0,167.0,7.25462661231549,74.45319781865342,85.74492219679858,14047.640104203801,21.0,50.0,0.8790548167563436,1
0.0776060238418144,2.0,1.0,0.0,57.0,5.0,4.883427368642146,26.155190234254583,46.29946317764417,2331.016796495705,0.0,3.0,0.07099319820247448,0
5.022057828579935,27.0,25.0,24.0,215.0,185.0,7.458679760103962,76.50515294068589,72.4865651575213,43254.45021341447,25.0,52.0,0.7902067767950416,1
8.974400772139072,29.0,23.0,15.0,183.0,196.0,7.05941249701828,72.54938137251858,64.41504348255377,49468.73702431103,17.0,60.0,0.6807940452475532,1
11.988449667369304,31.0,25.0,21.0,212.0,186.0,7.6578443423811695,72.09829550409992,57.18767007730342,112509.63552285662,18.0,63.0,0.7429815302324068,1
4.552876945552839,30.0,24.0,20.0,200.0,146.0,7.456240682231133,71.8565118712517,68.534226889784,6155.002897444623,12.0,48.0,0.6918737173295973,1
0.03735179326573526,0.0,1.0,0.0,57.0,4.0,4.690301789868363,20.16810143571894,43.391956954045085,676.887142492505,0.0,3.0,0.017217361908972197,0
0.21899237811555616,1.0,0.0,1.0,55.0,2.0,4.732513356386068,12.6221485935418,37.685239589135406,715.0116454905865,0.0,3.0,0.06135577394147342,0
10.750840451497544,27.0,17.0,23.0,208.0,186.0,6.003693597869304,69.3019836673858,51.45033910168483,15054.970363819259,8.0,47.0,0.7124317884123683,1
0.26841413604872244,2.0,1.0,3.0,43.0,12.0,3.7633677978002917,15.791940009577157,60.024639735861655,543.977677046522,0.0,5.0,0.07817194949409537,0
3.172919220630958,29.0,27.0,19.0,192.0,170.0,6.598565354032112,100.0,66.26908851928994,71311.83032305045,13.0,59.0,0.8329455890657044,1
0.5364187310133507,28.0,27.0,25.0,191.0,186.0,7.142940093889016,96.9802395343169,61.78388285455636,8124.364149806154,12.0,52.0,0.5860636325577068,1
0.20948776446491835,1.0,2.0,0.0,48.0,4.0,3.96584814261643,35.49805893420097,19.679187309857223,1234.1428194938512,0.0,2.0,0.03175012470832772,0
0.05859998881213409,1.0,2.0,1.0,52.0,7.0,3.5522634216321833,16.133019117046207,21.71115082468569,1965.6506408368775,0.0,8.0,0.060903045238006936,0
0.280599906194883,0.0,2.0,0.0,45.0,6.0,4.560568307046707,31.144396650004225,47.335750007163185,2731.9351109962467,0.0,6.0,0.055762230529914206,0
0.23294910203330138,1.0,2.0,0.0,47.0,1.0,4.03637216002421,20.4266799584507,5.658295775676173,19.83994534720413,0.0,5.0,0.022660389668944986,0
0.6864691500532517,3.0,1.0,0.0,46.0,4.0,4.722071116667942,17.234846368073747,31.242306187776848,947.7718402286605,0.0,6.0,0.041612401596285827,0
0.19285842155953747,0.0,1.0,1.0,53.0,2.0,4.9478487326490574,32.09202548076382,47.64634247319244,2468.724095239358,0.0,6.0,0.028321616427670337,0
1.1878862095847789,31.0,25.0,18.0,184.0,188.0,7.374824503893317,89.05165073021314,78.22311937833192,7146.901624960305,15.0,62.0,0.7221736211323371,1
0.11043643045116132,32.0,26.0,22.0,194.0,195.0,6.155001716423384,88.53077752455539,61.6401782788414,13198.855565424023,18.0,51.0,0.8109476096219608,1
0.15184274684252652,2.0,1.0,0.0,60.0,4.0,5.500291070520298,11.250189446515881,46.44807927301653,2889.296851770134,0.0,4.0,0.022454269273872177,0
1.603123194139264,32.0,37.0,29.0,196.0,182.0,7.485689811769293,70.91064577955552,74.29335105900793,35090.44351015645,20.0,46.0,0.9324235614427349,1
0.6067402569141167,28.0,25.0,19.0,226.0,192.0,6.382465353340454,88.46418830678776,69.43111825001216,61163.685817158934,17.0,49.0,0.4010253955390978,1
1.0450725663768015,1.0,1.0,1.0,55.0,2.0,3.76479244414448,39.73945901422353,49.45182012848459,7190.0197333214,0.0,5.0,0.031853814074663034,0
0.042650462629967835,3.0,3.0,1.0,59.0,7.0,6.008135748772155,25.298776063902523,0.0,159.8685573949371,0.0,8.0,0.07900597197604367,0
0.6052928975267217,4.0,2.0,0.0,54.0,4.0,4.408992607112958,17.248121213400776,57.63641207056318,414.1685068995423,0.0,6.0,0.027460316069327764,0
0.13891657814259373,1.0,1.0,1.0,44.0,6.0,4.315550326646899,14.512438800810134,51.943707993105775,1307.9912377000776,0.0,3.0,0.022176810405124477,0
4.003419912799192,24.0,21.0,17.0,205.0,183.0,6.392838754854173,100.0,46.131102301462775,21531.983838734206,19.0,52.0,0.7402274234821974,1
0.022481211550287986,3.0,2.0,1.0,47.0,5.0,4.291982408641302,33.74763135616069,62.92715412123133,2578.993980635323,0.0,6.0,0.012075181434509698,0
0.692032328294528,2.0,1.0,0.0,64.0,2.0,5.837083177556794,28.81034753638786,4.60727968596872,3338.1523265388446,1.0,2.0,0.11187037387172664,0
2.875481825596905,35.0,17.0,15.0,221.0,186.0,7.344307908904677,86.4648001967778,75.95182419275545,70596.40854992185,8.0,46.0,0.608268667314305,1
0.13989362358918483,3.0,3.0,0.0,49.0,5.0,4.758003243007177,13.666661296593182,52.051220573677725,9822.89506027474,1.0,6.0,0.05355637723181046,0
0.0179516305826042,2.0,1.0,1.0,50.0,3.0,3.930560411213002,21.981356081892997,0.0,5542.44043837392,0.0,3.0,0.02847566595222354,0
0.02545462517409362,6.0,0.0,1.0,47.0,10.0,4.479597892873956,35.49871704159265,36.18386901699684,6035.296620671368,0.0,6.0,0.08616221817625062,0
0.26808975904385257,2.0,1.0,0.0,55.0,4.0,5.152819891180338,23.991186820646895,36.649864048561795,628.4391591951288,0.0,5.0,0.04527263062859383,0
0.15137455646816422,3.0,0.0,0.0,39.0,5.0,5.456625299706782,20.310623417660967,43.234767806486346,1189.1244383940389,0.0,6.0,0.02338973641535445,0
0.4779885952214869,26.0,20.0,23.0,175.0,181.0,6.457339255280073,85.31585869570323,72.1391876724932,23651.4358830715,21.0,43.0,0.6544814428070844,1
3.686937568815171,25.0,12.0,22.0,197.0,185.0,8.0,58.13353002097696,74.50916473505251,59623.68498715538,27.0,55.0,0.851049047118434,1
2.7463219346916383,28.0,26.0,19.0,205.0,169.0,7.854223778811277,55.94172861459637,57.20182526309513,16096.824078333791,17.0,42.0,0.7463564271806488,1
0.0009670360056703874,0.0,0.0,0.0,58.0,1.0,5.280106315099083,13.97588877967406,60.27836178805426,1372.6709689566264,0.0,5.0,0.037459984453145696,0
19.401792101341062,37.0,19.0,24.0,196.0,183.0,7.404723381850227,87.42883876228902,67.39990670946803,3117.398197172649,15.0,56.0,0.9052746406621522,1
9.012855167419842,27.0,32.0,23.0,214.0,169.0,6.741304218189416,74.86768191209671,55.73912382225447,53857.15243228154,13.0,44.0,0.8161261238831141,1
0.6530613179436142,0.0,0.0,0.0,49.0,7.0,3.64313338026737,5.751800181814792,26.429720348048384,1408.5380064196804,0.0,11.0,0.040018995541523925,0
17.691378758676947,29.0,25.0,16.0,188.0,206.0,6.6944983213101015,82.1485466968227,76.29490982579611,833.9578603236607,16.0,46.0,0.7813789887878232,1
4.537794659307206,34.0,30.0,21.0,201.0,171.0,7.644920035310854,67.80711407548773,80.70597915342138,4159.8623191360275,12.0,50.0,0.8384773329177134,1
0.12421395294339717,1.0,1.0,3.0,49.0,10.0,4.406210811611651,21.69294224768925,66.9561086693959,529.9905583047316,1.0,4.0,0.06105516405693191,0
0.45037276213638766,1.0,1.0,0.0,51.0,9.0,4.8074165291822535,22.93244046978969,35.83967426809655,957.0818906768956,0.0,3.0,0.013924718248517928,0
0.03298117501219662,2.0,0.0,1.0,44.0,5.0,3.7216525903588753,15.98672787515995,45.90487884706466,2911.129318892221,0.0,3.0,0.012537752260388089,0
0.05731010897285559,1.0,1.0,0.0,50.0,5.0,4.970877428366157,36.94641760232011,46.221228511774925,861.8569805887879,0.0,4.0,0.0878672482504566,0
0.014269154926922562,3.0,2.0,3.0,54.0,7.0,4.8071045764250515,22.48347684001961,47.207093133191385,95.70365080586615,0.0,7.0,0.13182673607313772,0
0.7172628417970955,2.0,4.0,0.0,46.0,4.0,4.7609869303203185,21.015769677417893,20.29829154633727,33.4328313391438,0.0,7.0,0.0410744044374371,0
6.193464136701879,41.0,20.0,18.0,187.0,158.0,7.1414181538635635,75.71932902095993,70.6000160825418,25627.23717453811,14.0,43.0,0.915871736489567,1
0.7387318383028789,29.0,27.0,15.0,218.0,193.0,7.663772574734061,55.27063837267241,57.28852639047625,7485.998092540848,11.0,54.0,0.815927661596945,1
3.4109864556004843,26.0,27.0,16.0,216.0,166.0,6.953190392110174,54.542487804091905,69.87139341090813,21143.025532731917,14.0,34.0,0.8258867077476953,1
10.367200252915378,45.0,21.0,29.0,194.0,190.0,7.546736636870166,64.27675725360905,58.28234550906427,145745.0696324888,14.0,52.0,0.8466861576718394,1
11.902024703778734,39.0,26.0,20.0,202.0,196.0,7.274638314382488,79.71921318474806,70.30745395231502,165849.50918280528,14.0,51.0,0.9135573814169025,1
0.3343244168483555,4.0,2.0,1.0,39.0,8.0,4.0215736001053,19.95079665006764,53.07594070834561,4651.084867882837,0.0,3.0,0.003698897098933309,0
3.775868517196238,25.0,19.0,16.0,205.0,184.0,7.060184466076161,51.610910525243845,71.03228542169244,11620.499143759138,12.0,47.0,0.8383734521864252,1
0.8374328252958416,34.0,31.0,17.0,184.0,185.0,7.554631460537169,100.0,61.26068757753195,7977.773381671718,12.0,58.0,0.880968912298392,1
20.920296169253,34.0,24.0,21.0,207.0,178.0,6.906017611458776,72.47720779018753,66.1437432924834,229997.93432266818,12.0,39.0,0.6233085492524529,1
5.1796447640009,37.0,30.0,25.0,223.0,170.0,6.614827040561622,87.5730469626657,70.11007110101922,86156.08947696585,9.0,58.0,0.681066864069771,1
0.029507118434523145,2.0,1.0,0.0,49.0,5.0,4.295766513935139,31.12836743549456,59.115380400825366,539.1646913212387,0.0,3.0,0.12798006976929202,0
0.32096823018478315,5.0,2.0,1.0,51.0,7.0,3.0751266794935788,22.710162802405538,40.611929786532045,20.001500528415974,1.0,6.0,0.1282492781573705,0
0.3562677040500454,0.0,1.0,1.0,34.0,3.0,5.982413650940719,32.91848216441449,42.96691172382519,794.0205910792334,0.0,5.0,0.014886436638912419,0
0.2919271426059256,4.0,0.0,0.0,57.0,5.0,5.56556378393131,12.219513674627681,38.34879575184694,4176.158795230401,0.0,6.0,0.0023461346130160964,0
0.8674161823721975,25.0,22.0,29.0,194.0,199.0,7.402186207416785,78.04845119393019,61.57203302748809,138062.5646193517,12.0,50.0,0.91658134347058,1
2.915647447309674,25.0,26.0,25.0,195.0,198.0,7.93916075792467,67.86703384823899,73.00355834749067,9534.267748687902,16.0,63.0,0.7573626287000637,1
0.34288010778785105,3.0,1.0,0.0,63.0,2.0,4.990503728410612,17.55937789852283,39.864125689243146,2292.53426823433,0.0,1.0,0.04317456144165553,0
0.019908915238037898,2.0,1.0,1.0,51.0,5.0,6.41650320671833,6.361266147723475,10.105739737922576,3827.378857901922,0.0,8.0,0.06814709415690963,0
7.693957924576736,22.0,30.0,17.0,183.0,199.0,7.273523458876187,100.0,80.29976703636427,13519.556419027878,13.0,59.0,0.7101522010239028,1
0.16627307382222414,2.0,1.0,0.0,53.0,11.0,5.531397801919874,34.35078653954559,29.74140676627993,38.71817765611829,1.0,9.0,0.01763691204696004,0
0.5965588714974668,5.0,2.0,1.0,49.0,5.0,2.138461610006069,9.553812069097955,36.62281817821837,83.72704878103131,0.0,4.0,0.07204621336536088,0
0.35724767932738116,1.0,0.0,1.0,50.0,6.0,5.077093907937329,27.454097586955776,33.55632248594496,1351.1158224801952,0.0,3.0,0.04426201954747716,0
0.2215960764837047,2.0,3.0,1.0,51.0,3.0,6.1610539760345056,14.226885392952163,48.000545730966756,2609.905836536378,0.0,4.0,0.06801985772458394,0
7.572796483558092,24.0,35.0,17.0,189.0,166.0,7.1284286427423265,59.23084382711279,70.50121078536607,74146.76765480301,18.0,38.0,0.5407721725351075,1
0.024022602991314822,6.0,3.0,1.0,51.0,3.0,3.699029498455029,15.098137144367682,52.71880617145704,1892.7680550049893,0.0,4.0,0.04707751771774496,0
0.19823051139804213,1.0,2.0,2.0,40.0,3.0,4.487523949388352,36.68934256131756,48.66958421637463,2476.6333204562293,0.0,4.0,0.04760998931750352,0
0.1396443328238039,3.0,0.0,1.0,48.0,2.0,7.065562220204354,31.027046564649726,44.30312829691087,1148.2839745483757,0.0,4.0,0.03430932258758183,0
0.52727332532716,1.0,0.0,0.0,45.0,6.0,2.9434048446889776,15.00637358256021,49.46018527071823,2113.2232294752116,0.0,7.0,0.03628309503795031,0
6.330400808837994,25.0,24.0,24.0,218.0,174.0,7.541230931348746,60.70222185331252,63.21318509742534,31624.66035986895,15.0,53.0,0.8042482120728585,1
0.16951039481489463,3.0,1.0,2.0,48.0,7.0,5.836582637700784,26.377324449490914,25.369112569489502,228.35463075759196,0.0,4.0,0.06191275090584713,0
11.7022332257755,32.0,24.0,18.0,186.0,183.0,7.090368371521109,83.41941615707171,84.18855632723616,4011.4327859060577,17.0,49.0,0.7326686144703752,1
2.820623718695003,25.0,24.0,20.0,204.0,189.0,6.801948458000424,72.44697652878705,75.43878044330556,21120.40203238052,18.0,46.0,0.9642777576537264,1
2.829109710219561,32.0,28.0,18.0,198.0,167.0,7.208341724157447,86.17341820363225,68.27256060251526,50254.904772959926,16.0,53.0,0.8417819749428168,1
4.421264852415639,25.0,25.0,21.0,204.0,201.0,7.7930760876636045,81.50432805752227,61.829726749797345,4371.301383163937,13.0,60.0,0.5721991006720745,1
1.9289358761878608,28.0,25.0,19.0,209.0,174.0,6.622569001756622,53.14788361849105,72.01678876071857,10059.02946652149,14.0,55.0,0.808714521383649,1
6.044505660227769,22.0,30.0,16.0,212.0,154.0,7.159405630987135,99.55676943427802,86.80380773234899,68319.09107725676,13.0,45.0,0.9126472915096859,1
3.5414720472221743,24.0,25.0,25.0,217.0,176.0,7.136224439511946,64.51333928943265,60.73165825420859,20224.253751587177,14.0,46.0,0.8956091173019968,1
5.28349063343151,20.0,21.0,23.0,196.0,193.0,7.130067836700622,84.12836661827293,80.02465209673079,6107.758346388072,25.0,38.0,0.8824453130725555,1
0.04094540001879367,3.0,0.0,0.0,47.0,3.0,2.7732936915545383,28.79325383020052,50.381523969118874,7008.550633823806,0.0,3.0,0.01433649680914481,0
0.048363482500535675,1.0,0.0,1.0,52.0,3.0,3.15290824029365,25.20090985000707,52.214331802767965,3788.0261570220327,0.0,4.0,0.12459064928859183,0
0.1969544163114482,2.0,1.0,1.0,44.0,7.0,5.633799919695436,8.623729796918928,25.128919009689927,136.7784568071178,0.0,4.0,0.09721791457383873,0
6.9645717126092395,31.0,32.0,15.0,211.0,195.0,7.166068262211373,96.04604969957587,75.63926050354772,132780.18552783187,14.0,45.0,0.7931058109262049,1
0.1728922655282712,36.0,29.0,20.0,193.0,170.0,7.263829860512179,97.86293245616082,77.28686790771337,1287.0334816436161,12.0,62.0,0.7636182115646847,1
0.8990917149564857,1.0,1.0,0.0,46.0,3.0,5.31203506689471,10.309298418078638,33.40288522585632,629.8231653498068,0.0,10.0,0.008470200380288003,0
0.20577178680785665,4.0,2.0,0.0,40.0,5.0,6.207769823815844,24.333606909095,39.01140544396212,1954.3531949372102,0.0,3.0,0.021854284157813913,0
1.1919490403923223,1.0,2.0,0.0,54.0,3.0,4.412422415176093,10.419472901856523,0.0,1807.2657971534975,0.0,4.0,0.029470017421070645,0
0.21745082060933132,1.0,0.0,1.0,36.0,4.0,5.678818973182059,31.26164955076699,0.0,1234.5125448801666,0.0,6.0,0.002814012596989024,0
1.3199933937336905,5.0,1.0,0.0,50.0,7.0,4.826974084952344,8.05849191693799,49.65683462744756,5346.41343952525,1.0,3.0,0.08478456175478233,0
0.7746746014067027,2.0,1.0,0.0,55.0,4.0,5.497260263020308,21.1109319306171,34.88018018578828,1314.4650807910448,0.0,7.0,0.028832549976178505,0
1.747221362672785,31.0,26.0,15.0,184.0,177.0,7.643277868272413,63.169823063598756,64.2627822073936,14654.688639314898,24.0,49.0,0.9050251354202935,1
0.8358381795783721,2.0,1.0,0.0,53.0,10.0,5.307055134799053,12.437085657302356,17.3942362021327,6629.205512339331,0.0,3.0,0.02264519549083501,0
0.046959258295640925,2.0,1.0,1.0,47.0,2.0,5.7044724099051605,8.705118571576229,51.6305208243222,2311.4012447049445,0.0,5.0,0.044590532686236216,0
0.6211804056159368,1.0,0.0,0.0,55.0,3.0,4.404574592408321,20.736798092649437,50.22246316111609,502.1927794122082,0.0,5.0,0.06402034181204447,0
12.570212108282666,31.0,35.0,20.0,212.0,203.0,8.0,60.4837818338891,68.44535391130323,32335.94431053225,17.0,46.0,0.7202670187480875,1
1.1731621718151655,1.0,1.0,0.0,47.0,5.0,4.149375989448275,24.542549935872138,28.582245018088084,2120.6191072966517,0.0,5.0,0.02791247550078568,0
0.11321901263852995,1.0,0.0,0.0,44.0,7.0,4.906401642036618,39.64612249891538,36.31341459989681,4911.287877578742,0.0,2.0,0.09585161231354018,0
3.767020836724136,27.0,27.0,18.0,212.0,165.0,7.944087271354016,36.075392117390464,76.43420195731927,86096.19693899697,19.0,50.0,0.8622030180076059,1
0.5055309847692026,1.0,1.0,0.0,44.0,5.0,5.304412485502387,20.099543490431955,20.620551408072853,6890.229181496835,0.0,3.0,0.02437592481121261,0
0.05848007106744681,1.0,2.0,0.0,59.0,10.0,3.667983925359621,33.36284063500385,46.86534896156502,719.2846502032243,0.0,7.0,0.09444296342709935,0
12.515811679421244,36.0,25.0,26.0,208.0,187.0,7.838735891677833,65.98549104976738,61.35301491485764,86067.91916972933,20.0,43.0,0.7096676608756078,1
6.943420474557167,34.0,29.0,21.0,206.0,167.0,8.0,85.17211858126025,75.18835447101378,4185.093604516026,21.0,54.0,0.5932321880010585,1
1.7138639660399804,1.0,1.0,0.0,62.0,5.0,4.654526778451691,35.97995305173882,47.53864659706891,341.0907619728018,0.0,7.0,0.05274630769013597,0
8.607728074086308,37.0,28.0,17.0,181.0,178.0,7.723969077510116,89.60867144732026,59.20214078081308,134297.1633608933,10.0,53.0,0.9645903445848034,1
0.8884984571001076,29.0,25.0,26.0,193.0,170.0,8.0,70.21605245636424,79.37414441062653,57628.55025560312,15.0,62.0,0.8692712155781721,1
0.19163573798863917,2.0,1.0,0.0,57.0,6.0,3.369401436779583,33.26046174777035,49.01984047696433,3245.2474534019366,0.0,6.0,0.04044729534167896,0
0.638263895415646,3.0,1.0,0.0,55.0,4.0,4.151087893370391,30.259342072505657,45.827854874152585,1507.3118350318803,0.0,1.0,0.08380445633410279,0
0.22294729637777905,3.0,2.0,0.0,47.0,6.0,4.60953631496535,16.722911700868977,21.460215654120372,1656.9849707539954,0.0,6.0,0.09710995186258271,0
7.7347264887509075,29.0,22.0,21.0,220.0,186.0,7.744263516804835,80.99808032480477,67.31784508492326,118038.36450653175,14.0,56.0,0.8994291039374626,1
6.3542704883855246,36.0,22.0,19.0,159.0,180.0,7.218735331399319,68.02059867385134,67.72060090888104,2619.8758118047986,11.0,41.0,0.9042025452696729,1
10.71586101888997,29.0,24.0,26.0,212.0,186.0,7.504166055014128,90.95770900522353,72.55942616555252,32973.45432419496,11.0,43.0,0.9665443845253321,1
1.5440202419889675,25.0,25.0,22.0,207.0,169.0,6.980310157017965,78.59234410721527,69.22124932772724,58952.12850427206,14.0,54.0,0.8451715945532224,1
0.47400041870408005,1.0,1.0,0.0,52.0,3.0,5.001809524954299,32.18865450585227,49.32046242557933,504.4406531042915,0.0,4.0,0.05129384529046311,0
0.004349423916241282,2.0,0.0,0.0,45.0,4.0,3.5002805177900607,0.0,28.61704893907845,905.5933772767381,0.0,4.0,0.10248385192262152,0
0.07927275929911957,3.0,1.0,0.0,54.0,2.0,3.7271742471278806,15.22818122320108,32.58832066740266,6251.725774158113,0.0,4.0,0.03114876955369246,0
11.571407856209124,34.0,21.0,20.0,199.0,191.0,7.44836028635776,65.74317722347003,70.86891071752977,1956.9147355555278,10.0,57.0,0.8666325919876778,1
9.57724527924772,29.0,25.0,20.0,181.0,153.0,6.618564355075533,79.57607795759002,77.72725786500656,93865.56572470201,10.0,40.0,0.7542210610029363,1
7.795671375320725,30.0,18.0,24.0,220.0,168.0,7.102392883564371,100.0,67.56184993584415,7191.915139028586,13.0,56.0,0.8923770706477147,1
1.6029149878958522,33.0,24.0,19.0,226.0,168.0,7.000944666396958,75.57873179974875,63.49531185535584,81126.70225159722,20.0,60.0,0.9276328350077732,1
3.6162995634906605,27.0,25.0,22.0,209.0,183.0,7.4174899027047605,62.00603286457399,66.98729861601879,13662.270270573505,17.0,58.0,0.8406820197338004,1
7.401942436986794,37.0,28.0,20.0,210.0,193.0,8.0,70.88325040977199,75.56937855242555,3287.174065225245,9.0,42.0,0.6645426658781757,1
13.136191720718237,34.0,26.0,21.0,188.0,174.0,6.364721072493899,89.61844127279613,77.5207144798397,6390.588247331961,10.0,49.0,0.6369431462433729,1
10.803031485212705,28.0,28.0,27.0,180.0,180.0,7.894627874770052,66.04283022748288,79.03401258402639,14548.0518451963,12.0,40.0,0.9067562937373319,1
1.8139053932860432,40.0,32.0,15.0,192.0,175.0,7.12266145517992,73.61381713306726,61.774289073176654,13973.09328046856,13.0,47.0,0.828853351559973,1
22.338370492407922,27.0,24.0,18.0,179.0,189.0,6.679665784118798,85.94041980747184,72.57899198920046,43849.520502477506,12.0,61.0,0.9428510732335754,1
0.1254818415507096,2.0,0.0,1.0,46.0,6.0,4.48512617050903,29.409108838793472,24.260956508257976,777.0924539820822,0.0,4.0,0.0021826723690105284,0
5.5610771466092315,23.0,26.0,21.0,206.0,189.0,7.797101025384714,67.64976347712499,80.25590556624599,52655.20814904235,14.0,56.0,0.8062556928672768,1
0.4081976409482225,1.0,0.0,1.0,44.0,3.0,3.102686702811005,2.7516550767321704,34.70659746591207,2440.3041326653547,0.0,5.0,0.07122833885616246,0
2.0551301918595666,24.0,21.0,20.0,212.0,187.0,6.956499019399971,90.33472575591615,64.52007123816124,31176.72979546062,19.0,59.0,0.7512164467840047,1
1.3217801593162184,30.0,26.0,30.0,184.0,165.0,7.404685995764375,58.818058131336265,69.89288399560596,261.3522341458679,13.0,47.0,0.7168910886912029,1
6.342811524717936,24.0,31.0,24.0,201.0,175.0,7.160803831501853,49.1060234180543,83.69660434595734,95810.553303942,17.0,58.0,0.8789039938236045,1
2.479575731432797,35.0,27.0,17.0,195.0,158.0,6.905357485464848,57.18750804551049,80.85589518964396,74932.80664083456,13.0,53.0,0.8331261856586323,1
0.6278275929689314,1.0,0.0,0.0,55.0,4.0,6.039634667781238,18.807645826224718,18.026458110624198,2741.571039719086,0.0,2.0,0.01297119119737593,0
3.3309196377746924,34.0,22.0,23.0,222.0,184.0,6.751463144117487,65.76751289850193,58.65930827803359,14995.89635544791,20.0,32.0,0.921540823770205,1
2.066256419932041,22.0,32.0,21.0,199.0,226.0,7.216165221137645,59.88737110434404,76.99511930178929,1600.9411931332813,14.0,56.0,0.8240399755059301,1
0.18068470517284652,2.0,0.0,0.0,66.0,6.0,5.089086074974598,9.051454931551998,45.916002478879015,2085.107568971109,0.0,9.0,0.0018472164240811964,0
0.7354500471411043,31.0,22.0,18.0,198.0,184.0,7.418850145160525,70.67234302975932,79.56157038733538,27030.53871417768,10.0,54.0,0.8281994717153803,1
8.361741617534404,26.0,29.0,20.0,205.0,178.0,6.873405919070265,100.0,72.52716771077803,12119.447005098382,13.0,59.0,0.7440091906522147,1
2.2407117152155123,22.0,26.0,18.0,207.0,164.0,6.445996172083195,71.23543546685143,72.00978259167395,58085.1391094377,18.0,60.0,0.7626815003794205,1
1.1173365069428634,0.0,2.0,0.0,68.0,7.0,5.032048383643397,26.43133924676479,35.21234745435316,2392.7751558794225,0.0,8.0,0.025702283127130153,0
0.5477154332455328,5.0,3.0,0.0,58.0,6.0,4.7812873442405195,24.477592456772904,42.88573834195833,9350.32235925403,0.0,2.0,0.04869318656913021,0
0.03142201004546139,3.0,2.0,0.0,43.0,7.0,5.82363016855493,27.603585532585747,52.50896294877937,734.6004325926829,0.0,6.0,0.06683834347095952,0
3.5263063452854904,34.0,25.0,15.0,207.0,193.0,5.894924381641064,88.57867728947843,70.60275292185496,25157.654233226844,14.0,43.0,0.8804556630371984,1
5.200001555925395,31.0,24.0,19.0,195.0,162.0,6.263526040974232,87.21280807051433,50.1537604116201,5488.654478357768,15.0,41.0,0.9822320089537856,1
0.17782908067278907,0.0,1.0,1.0,55.0,3.0,3.9381021697944374,39.083368170461625,49.91813001350495,3883.1689058825373,0.0,8.0,0.02621476854630155,0
0.35366377859102466,30.0,21.0,17.0,194.0,187.0,6.523096286244616,87.58975664563889,61.336315497344316,22546.322423521106,13.0,54.0,0.717682969084858,1
0.0094887147286665,2.0,0.0,0.0,50.0,2.0,4.0385292482294455,25.096476691388876,35.17355887208992,3985.1851819468825,0.0,3.0,0.024585184234937028,0
0.44186764662212735,28.0,20.0,20.0,210.0,177.0,7.213392427843031,57.92785305026567,68.84315197186424,176642.14824780502,15.0,58.0,0.8310313714728389,1
0.8680297162140819,1.0,0.0,0.0,47.0,3.0,5.949358971683474,45.26082952921034,36.086518452739746,380.940180249383,0.0,3.0,0.05082503687355406,0
3.5227581759287085,33.0,26.0,21.0,192.0,161.0,6.124550650407765,49.00770793748656,72.23378586796466,54840.83710043615,11.0,62.0,0.7787526417340864,1
0.2658516847595217,0.0,2.0,1.0,54.0,2.0,6.703852097112204,7.23942676960872,63.907850183246666,697.1660543781701,0.0,5.0,0.04851132167691468,0
0.08328377507088175,0.0,5.0,1.0,54.0,3.0,4.446143158815483,22.198127580445654,26.060679844662808,716.7204911705536,0.0,3.0,0.08479544245335754,0
0.15421470078688224,6.0,1.0,0.0,56.0,5.0,5.609719581705981,31.34823905993749,27.724928756567465,2310.3805965638703,0.0,4.0,0.03182065997098301,0
0.022176878060703623,0.0,2.0,1.0,48.0,7.0,3.24926771159896,13.740055301734682,10.274425641304454,1115.5809055177103,0.0,8.0,0.07461476726172904,0
0.5584281819897237,1.0,0.0,1.0,47.0,10.0,4.537326950985965,24.900315763292433,53.97976561409488,235.48451842564236,0.0,5.0,0.06045081639725072,0
0.059956070316641616,0.0,0.0,2.0,58.0,5.0,3.551857822912077,25.52889898572198,2.006120632912186,1417.030921579342,0.0,4.0,0.05464533289278049,0
1.9745055152739903,30.0,21.0,12.0,207.0,167.0,7.048409689809522,100.0,75.37387361670116,5931.320996926977,16.0,46.0,0.7784071013417033,1
0.11210976849921121,3.0,1.0,0.0,41.0,6.0,4.540778665785044,0.0,33.34774194244756,1506.2421574325822,0.0,3.0,0.014708406032991688,0
14.30493013361009,27.0,25.0,15.0,211.0,193.0,6.793997071330015,85.55721418803378,86.46218782299988,18789.48217460032,17.0,64.0,0.8355454976267471,1
0.3024343608122736,2.0,1.0,0.0,50.0,7.0,5.983625743665334,14.01935442734612,31.757993639935393,6959.332413031639,0.0,11.0,0.03679308622345079,0
0.4826143361789701,0.0,2.0,0.0,57.0,6.0,3.11674051447692,15.381734270902772,11.738901841853291,638.8234089005822,0.0,7.0,0.040252091750057215,0
4.8444707275444685,34.0,33.0,23.0,222.0,196.0,7.187221084166598,96.76900023511804,60.66697802761825,28289.971161267847,12.0,53.0,0.7280411727734153,1
0.02107429508733249,3.0,1.0,1.0,45.0,7.0,3.5687474589596277,4.429544681231452,29.529753245388825,321.52125601347177,0.0,7.0,0.07967947384382285,0
0.05881759205977446,0.0,0.0,1.0,59.0,4.0,4.691464102228069,6.9488601330197515,46.04864405693952,3855.280603880376,0.0,4.0,0.04403497848467651,0
12.178896242111662,22.0,30.0,17.0,183.0,174.0,7.004214753429953,69.65534546114922,69.05617299608168,38102.88422788395,22.0,50.0,0.8344662252343633,1
3.119674578877745,25.0,29.0,21.0,200.0,195.0,6.641320150889058,86.90297644937846,72.96249694601346,91704.57723155642,11.0,59.0,0.7872297829116423,1
14.149136634705034,33.0,30.0,24.0,186.0,173.0,5.946476912219977,59.49673131014562,71.40039456093882,38442.1505442144,18.0,43.0,0.7769420574793773,1
11.103815030251516,28.0,29.0,21.0,226.0,183.0,7.61511469725862,64.23125345577047,58.06183617480276,5178.828436640559,22.0,31.0,0.8870566570663928,1
0.11400768331703609,1.0,1.0,1.0,56.0,7.0,4.930758005142529,34.14484441258252,39.55912201069599,3079.946176397414,0.0,5.0,0.016455990603446543,0
0.47425124643323874,1.0,1.0,1.0,47.0,6.0,4.080152284927013,6.269611676403246,27.010668425533648,242.28114299358654,0.0,2.0,0.02079256593681746,0
0.8281031453412921,2.0,0.0,0.0,44.0,5.0,5.391283035464917,18.26537710765648,33.72871924311042,755.422646591146,0.0,2.0,0.09042497867947494,0
9.816179024251605,21.0,27.0,27.0,207.0,175.0,7.397715526676697,60.971383361855665,78.49189240089628,16364.551549043748,19.0,67.0,0.8647801237580943,1
5.436369836697066,37.0,31.0,26.0,189.0,168.0,7.319858721535343,88.3929164699288,79.14938471551098,22454.82510020909,12.0,51.0,0.8724912230427239,1
0.03994378791511902,3.0,2.0,0.0,49.0,2.0,7.215897453045435,22.503617683369512,36.49483926642261,1072.899387708897,0.0,6.0,0.0025364753088399443,0
0.2130028950205218,1.0,1.0,0.0,60.0,4.0,5.024831744714348,11.957434104461344,29.229462372873414,5366.201417986011,0.0,6.0,0.11810568027490331,0
0.066771533540668,5.0,0.0,1.0,50.0,5.0,4.821077647901428,29.04306931262608,36.72208929851677,91.59596971691849,0.0,3.0,0.03489183994694411,0
4.776101855616587,29.0,26.0,20.0,180.0,181.0,6.516108810170307,86.63275851253329,65.08821236703525,52737.233107146174,13.0,56.0,0.9281708618496647,1
2.8625048482275424,35.0,28.0,17.0,191.0,182.0,7.4538520768805645,69.53535052205733,60.42607107763567,5843.3060489337095,19.0,52.0,0.704740873159577,1
0.15881322970007317,1.0,1.0,0.0,58.0,2.0,5.280807560086921,22.11799200441493,53.82063437388409,9157.865302419732,0.0,6.0,0.04006211146061688,0
15.797239428256022,29.0,28.0,21.0,198.0,168.0,6.497486766293385,61.12107851282634,72.80846344995788,54703.753184089044,16.0,45.0,0.9124235961470225,1
4.674058629121556,26.0,27.0,10.0,194.0,177.0,7.024429318891719,55.096862462717425,86.4134606755834,3534.2229046977855,10.0,44.0,0.9704095067355745,1
0.09238438486607708,2.0,1.0,0.0,60.0,3.0,6.4787860924163825,21.392973241256975,34.77621641289627,822.9684395766564,0.0,4.0,0.12050696488005685,0
0.07704724411648729,3.0,2.0,1.0,49.0,3.0,3.593237937082875,12.946303950548744,38.64455150628251,2736.94648725228,0.0,3.0,0.07012654337792118,0
0.1617248280881875,34.0,29.0,22.0,196.0,191.0,7.844860754007264,93.00198810213132,83.98322822228283,121049.31862127695,17.0,47.0,0.9498898276927437,1
2.352563536544059,26.0,23.0,23.0,196.0,174.0,7.214980812996334,85.23813203882342,82.63234002463021,43216.64860417063,14.0,55.0,0.7850366677513337,1
0.42545455432701396,2.0,2.0,1.0,51.0,3.0,4.755572805037201,32.96023768716349,35.55117859500896,248.9207989405935,0.0,6.0,0.024146208218411607,0
0.07096826968500736,1.0,0.0,0.0,44.0,8.0,4.655021867140253,20.17263257654663,34.34563201258,4383.47427043584,0.0,9.0,0.03499935581683799,0
0.04629229636263581,2.0,1.0,2.0,58.0,4.0,3.5278942939500313,18.151955350261655,39.20898987776873,57.837899757854565,0.0,5.0,0.005653402114493181,0
3.0421824563377373,30.0,22.0,20.0,216.0,178.0,7.4554530300260575,41.79806798376933,74.35848010931063,3118.670253280845,9.0,39.0,0.6120653115308731,1
25.69215635872397,36.0,28.0,21.0,190.0,195.0,7.0024031122837425,62.613110527975714,77.15263217005423,17358.171294156626,14.0,48.0,0.8211200261425451,1
1.5840149307149118,1.0,3.0,0.0,37.0,2.0,6.407103413344886,1.7840738764313073,38.00187223503097,1112.4595285650064,0.0,4.0,0.00397395666164062,0
3.5922258063945853,29.0,26.0,21.0,214.0,170.0,7.290708633043626,57.89407319220182,65.14723055301964,33434.62375572947,18.0,55.0,0.8664366240623813,1
0.22213317995431317,4.0,1.0,1.0,47.0,2.0,3.4722397490576,23.034714567058415,44.32895549039932,10.021975484030003,0.0,2.0,0.0006687205682468087,0
0.04611867065191758,0.0,1.0,0.0,49.0,6.0,4.031229602707231,16.76520004744386,24.006422308056038,5097.288581038925,0.0,8.0,0.017665430750887053,0
9.950859580336482,26.0,22.0,23.0,201.0,201.0,7.358701004878862,63.9124334940896,81.9913602834565,1485.4661148834734,21.0,52.0,0.9015833491653419,1
0.14529952270761337,3.0,1.0,0.0,58.0,4.0,5.169654953239554,16.5702743445384,28.959107662823595,104.30334437541562,0.0,6.0,0.20463272510808286,0
0.15049846204757347,0.0,2.0,0.0,51.0,4.0,5.269505051294649,24.849441384748314,25.241716853540247,3214.9987135343117,0.0,6.0,0.1421678301204514,0
0.43292790939724635,35.0,21.0,23.0,188.0,201.0,7.144603658554414,97.40381036071116,76.49810727411234,36541.64112127733,11.0,40.0,0.9230570584981251,1
17.65437044388003,27.0,28.0,20.0,212.0,194.0,6.200316184410639,67.30107107605599,69.12956776727177,5523.982542806874,21.0,51.0,0.8441733461872586,1
25.27140389343454,25.0,20.0,20.0,181.0,212.0,7.294258706071948,75.39027853541229,73.8602834835381,36904.33675446634,15.0,49.0,0.6267304636591202,1
0.018100507822517282,0.0,3.0,0.0,56.0,4.0,4.796814226915065,29.845706916384245,36.29179020003583,316.23505187410774,0.0,5.0,0.018593471348076526,0
0.02658118040054356,2.0,0.0,1.0,42.0,7.0,2.0681480600400817,19.260803060317034,45.87914850161824,1270.0015473940762,1.0,5.0,0.007226831113333971,0
0.9294310495668919,2.0,0.0,0.0,46.0,4.0,4.9732027780727615,22.251375425754162,13.835402970722473,2421.613888856683,1.0,2.0,0.032848847605660515,0
0.274902631047574,2.0,1.0,0.0,60.0,7.0,6.325563685158095,24.976221175523534,46.18620586146369,4942.528148553602,0.0,8.0,0.01840982405309497,0
0.075924620319556,3.0,3.0,0.0,50.0,7.0,5.48749443151188,22.488885231444673,29.215888409188544,325.78168935341495,0.0,9.0,0.01922273309607233,0
0.07184444804803304,5.0,1.0,0.0,48.0,3.0,4.992647969524692,26.99963066323442,58.82622185683603,1273.1133253008315,0.0,7.0,0.07194926061930579,0
15.845753628581383,26.0,30.0,24.0,197.0,178.0,7.455710059751547,62.9618008816638,73.71012994285991,40118.93903423889,13.0,44.0,0.988854664478288,1
9.112585292879283,30.0,22.0,23.0,192.0,183.0,7.839029756581078,65.88749134399009,74.72156747176822,52812.82034647689,11.0,39.0,0.8237787478376085,1
11.679198133465409,33.0,28.0,23.0,193.0,197.0,7.180321762565745,74.92998612080024,82.73487990155546,33965.71177356818,17.0,55.0,0.7590952582929253,1
5.109557627588821,31.0,22.0,22.0,207.0,175.0,7.4017140600351174,87.68849183103352,82.927841136331,13900.17175899689,4.0,35.0,0.6297753006983424,1
25.401145778832905,29.0,27.0,22.0,211.0,204.0,6.964085838109707,54.603564102512806,72.05352852180383,12740.630820793109,15.0,49.0,0.6567386868565497,1
6.168153494097896,23.0,26.0,22.0,232.0,191.0,7.524095151572736,63.86461494168195,73.02526118107681,5548.509574158783,13.0,48.0,0.8215648666348254,1
0.09496813296264771,2.0,1.0,2.0,41.0,3.0,4.55864205317504,13.307716103024529,47.58484953447646,1356.1103412172424,0.0,4.0,0.08342169379555224,0
22.542951471440922,37.0,26.0,20.0,212.0,187.0,7.681499647163641,80.42879217381504,74.33441928714063,54823.21379128239,15.0,55.0,0.7684855491998667,1
0.062485620190035014,2.0,1.0,0.0,60.0,3.0,4.0670112436126855,20.15948656754375,27.150386500639154,4329.305184683737,0.0,5.0,0.019683701423207176,0
33.07636023681298,22.0,26.0,20.0,185.0,166.0,7.006605444408208,85.3423750674815,66.17099250524512,37741.92083141753,13.0,47.0,0.8825960736966352,1
0.05571558488872643,2.0,2.0,1.0,47.0,9.0,5.292064549926108,21.939913289490853,50.264097269328154,6240.498250530432,0.0,3.0,0.08050467911850326,0
2.0858988600263535,26.0,32.0,16.0,210.0,167.0,7.295263140616173,78.41956955214094,63.42625135394961,93221.48709883029,12.0,70.0,0.6621882037170628,1
0.07867050841558879,0.0,1.0,1.0,62.0,4.0,3.814801576539186,34.601734699654855,2.107425719306846,4369.731943082551,0.0,5.0,0.06384743749929125,0
1.2421191110523926,4.0,0.0,1.0,54.0,5.0,4.240162779998927,21.684845716652575,25.26278818035289,968.2282912725123,0.0,6.0,0.06106337328027199,0
0.1718776185273336,2.0,0.0,2.0,44.0,6.0,2.8341926040588112,27.235021690437673,14.311278744295098,1559.622194418302,0.0,6.0,0.026635622447453742,0
0.46922920000139623,0.0,2.0,0.0,38.0,3.0,4.794552880308999,28.57028736819229,29.36927815849277,10958.898937924218,0.0,7.0,0.12344211067767244,0
0.19726120357208082,24.0,23.0,12.0,213.0,188.0,6.944742591781026,73.22061834066874,73.55307224916345,61367.0605218376,16.0,51.0,0.9225603686938099,1
0.48614507873241936,4.0,1.0,0.0,63.0,8.0,4.4261217486833955,16.28061059932531,33.74057244496841,1090.0057971294189,0.0,4.0,0.03090163538395188,0
0.07205310250501586,1.0,0.0,0.0,51.0,7.0,5.810841780533012,9.344256898139152,66.33514201381561,298.9776958590547,0.0,5.0,0.007371203015606781,0
0.4424749003689379,33.0,35.0,19.0,181.0,166.0,6.850783879700645,82.87764450999764,81.9982473491193,69958.51595732078,18.0,44.0,0.7274394415612332,1
0.2520132916761772,0.0,0.0,1.0,49.0,2.0,6.67375940771791,29.270134448498357,51.42419523481105,1902.0190093551932,0.0,10.0,0.005334760063528564,0
0.5494039535514091,3.0,0.0,1.0,59.0,11.0,4.526110352955186,18.672792495795274,38.141574813775115,2148.9010117885705,0.0,2.0,0.01630370857436996,0
0.9501057060543051,27.0,14.0,19.0,183.0,162.0,8.0,71.47716251303567,79.6385829456674,50845.796449933,19.0,45.0,0.6707871867231665,1
1.659028467153293,22.0,24.0,17.0,194.0,206.0,7.073039479598937,60.14632731168883,61.72447329798269,1660.0486457873449,16.0,49.0,0.9489937922677638,1
0.9345285194253703,26.0,24.0,21.0,211.0,205.0,6.689840068039775,94.93591989342234,71.78770906586855,107888.245228857,17.0,64.0,0.6502822418796541,1
0.6546755737204544,1.0,0.0,1.0,51.0,7.0,4.191426443280243,30.422088065347175,27.54138375706019,7443.673573811408,0.0,4.0,0.03337030078469741,0
0.06144214653299989,0.0,1.0,0.0,50.0,5.0,4.474581715379251,16.67311820355948,30.162954137741977,4413.926003979358,0.0,1.0,0.009251878922890916,0
0.10901456087753603,1.0,1.0,1.0,51.0,3.0,5.66617010483215,16.368721922709287,47.9217003507802,1421.8108711024981,0.0,3.0,0.021451270452941693,0
6.867086371173667,27.0,22.0,15.0,192.0,164.0,6.575724184549667,86.07695786307278,81.13739275103163,310394.55665654276,14.0,49.0,0.888274004887091,1
0.14758060281342195,1.0,1.0,1.0,50.0,6.0,4.042036771642037,15.18883372570486,41.65095769410939,498.37365646370705,0.0,5.0,0.07458280697906004,0
1.577989643618535,20.0,31.0,23.0,228.0,195.0,7.561572368819412,66.59990077076196,54.33845265389189,64209.804961464935,12.0,42.0,0.7622479283061054,1
0.0388225218072028,2.0,1.0,1.0,47.0,11.0,5.535232754704546,0.4797293255992443,36.70961158387868,1047.8784929859178,0.0,8.0,0.0037120417738153045,0
3.826519589596039,30.0,22.0,21.0,184.0,173.0,7.873296679106987,66.34771023871556,63.96302825568647,3993.452926245622,17.0,63.0,0.9191799489561494,1
0.02266382685773914,1.0,1.0,0.0,32.0,7.0,6.398965334691612,12.705688966001773,11.552159813177596,551.7445654694399,0.0,7.0,0.012184032686937967,0
6.643056319155583,31.0,22.0,17.0,196.0,197.0,7.981749428001454,82.2147141638616,94.13712608908322,44064.704299703204,23.0,48.0,0.8208704364312805,1
3.856902966815539,30.0,25.0,20.0,227.0,179.0,6.522352725905171,60.288656445435535,46.75261933968001,6888.769069323635,17.0,59.0,0.9030617293078229,1
1.0006157856540208,27.0,21.0,20.0,192.0,192.0,6.833596261146528,87.89859172716272,70.52393601681564,41800.45790723016,15.0,43.0,0.7352905417449883,1
2.3330187492523797,23.0,15.0,22.0,203.0,174.0,6.5155285403773275,83.51544352173379,73.71550398747213,54581.07324294028,17.0,49.0,0.8328213194124745,1
16.21262284224994,27.0,24.0,15.0,174.0,200.0,7.154052308262535,75.16403416047162,92.90535418319057,8122.817498953287,16.0,42.0,0.9715239280413612,1
3.1478814519578355,14.0,33.0,18.0,220.0,183.0,7.305621617506425,48.690780361495214,62.183175967346465,49834.36244457417,17.0,56.0,0.4824475961790245,1
4.788068269838459,24.0,25.0,18.0,198.0,186.0,7.426119185578663,81.66854595789583,57.3038803602346,31582.19720259306,16.0,44.0,0.9068369332024472,1
0.005520253374810008,3.0,1.0,2.0,50.0,2.0,3.52264726616831,28.735254743531208,29.36418490434857,2247.8374527921005,0.0,1.0,0.009506251319092976,0
14.067047304545815,30.0,27.0,12.0,217.0,175.0,6.609488172493691,81.90309179396235,64.14649950721592,1637.0720578980377,13.0,45.0,0.865380351333167,1
1.299491906962138,29.0,30.0,18.0,200.0,186.0,7.022016201506839,83.56911246046593,67.40562940868848,58917.0738579749,19.0,49.0,0.8926731241422786,1
0.17923365893783466,4.0,1.0,0.0,47.0,3.0,4.163930140778819,32.313755247293834,9.073204423667697,1169.3461617024536,0.0,5.0,0.04359362901937201,0
0.01120821840284482,2.0,2.0,0.0,59.0,5.0,4.004388401772729,27.853994814304897,6.052393494062514,977.7635491630855,0.0,5.0,0.006052106651063203,0
0.029608811756208164,2.0,2.0,1.0,43.0,6.0,5.653134878679182,17.21286426565595,39.12452189991814,102.3182716573189,0.0,1.0,0.00737660533539808,0
0.19135699321358152,2.0,0.0,1.0,50.0,5.0,6.201220145543313,23.684519999655116,33.590695000735174,7008.111702646549,0.0,4.0,0.055346220703850535,0
0.21482797107987112,2.0,0.0,0.0,42.0,5.0,4.746180233838312,6.6147747794898315,17.454927872509703,429.9068960048037,0.0,6.0,0.09206530897691315,0
3.1077786521879474,20.0,22.0,16.0,190.0,199.0,7.0483509735696614,57.2181311307336,65.94486138922682,129526.9814884281,20.0,42.0,0.7743633914947659,1
0.07046970935445997,2.0,1.0,0.0,52.0,5.0,4.998137190279666,37.14326834677093,10.464703722201953,17.891521639609945,0.0,7.0,0.1340152318372235,0
0.28995117566777556,3.0,1.0,0.0,56.0,3.0,3.9513095902000837,23.198639370808976,38.64782556404024,1386.3957739417694,0.0,5.0,0.04562169543531852,0
0.24604903714136242,0.0,1.0,0.0,57.0,5.0,6.3377436153003925,24.895450621465585,38.456982307388046,3276.8783326533794,0.0,4.0,0.027450688387739536,0
0.45749120630349643,28.0,25.0,15.0,209.0,178.0,7.171078521253244,76.49709626399493,52.59778834376315,39895.19469586929,20.0,55.0,0.9111366205716106,1
0.22079008658948587,4.0,0.0,3.0,47.0,8.0,5.099444524826896,22.729853671425627,8.097364004660673,1127.1501212940698,0.0,2.0,0.025862442812931853,0
1.2536855235450841,21.0,31.0,19.0,201.0,219.0,7.2719273766700745,76.74126881909305,61.68457152493433,94336.41028485884,11.0,47.0,0.5238176082573399,1
0.9707346457065533,27.0,27.0,19.0,212.0,179.0,7.078442352264183,79.73212999488956,59.81495553909653,17703.29994758196,16.0,51.0,0.7169798938528327,1
0.20461487897200678,0.0,1.0,1.0,46.0,5.0,4.718434495057685,21.689431746404345,7.637537526629252,4924.93275040846,0.0,5.0,0.034565924092156,0
20.725306845568138,35.0,32.0,16.0,208.0,163.0,7.433689867118453,74.53596909954001,84.75312203929819,42831.81476577664,15.0,44.0,0.9000735197452495,1
0.049129284958395254,3.0,2.0,2.0,47.0,2.0,4.980768529831703,12.679600684423907,19.288298557540323,1305.2159744823698,0.0,3.0,0.013708635782350383,0
0.7254903275997382,2.0,1.0,0.0,56.0,9.0,5.145469524949005,17.300249342410194,46.85942925053741,1188.0491452905353,0.0,8.0,0.08055058018606552,0
2.261634289601271,34.0,21.0,21.0,191.0,199.0,7.236831542614808,61.7852634466435,76.33639982930521,12830.666073051747,14.0,50.0,0.9654508977325317,1
1.541072666992991,32.0,21.0,22.0,183.0,184.0,7.614356832082563,66.16241478040635,77.63581357651083,1412.6242395476245,8.0,58.0,0.8631138864177192,1
0.49745624092008367,1.0,0.0,0.0,66.0,6.0,6.007674334612773,21.80191228227902,40.60602161803595,802.9883620399747,2.0,4.0,0.014471555884605664,0
10.629020121697751,28.0,25.0,18.0,207.0,193.0,7.4612940703143575,76.43869101343668,64.57242744445277,104690.84633109784,6.0,53.0,0.8946187158729996,1
0.3593591645738368,1.0,2.0,0.0,45.0,6.0,4.063863106338193,15.430845666308391,53.02386612347428,1215.9895207345269,0.0,5.0,0.00554647177858153,0
0.3572386207264012,2.0,0.0,0.0,53.0,6.0,4.2750140114720345,23.09397998149358,36.4349459403992,4994.611601447218,0.0,5.0,0.16658679065909215,0
0.3636669944573214,2.0,1.0,0.0,55.0,5.0,4.7239789021530205,13.814325920937732,44.57824163954222,1053.4363689208067,0.0,9.0,0.05720738128378754,0
0.4439421242881545,1.0,1.0,0.0,41.0,3.0,5.3079702659154595,15.559864047431118,15.907414387897774,292.5054199800563,0.0,8.0,0.0771209383031384,0
0.008761506429628405,0.0,1.0,0.0,49.0,2.0,3.6255944369355233,9.778169185633207,42.615865762248056,1063.1495162197461,0.0,7.0,0.011027614068745946,0
0.11718989788427424,1.0,4.0,0.0,46.0,4.0,3.464436648456575,23.775869213752042,33.80868558252857,393.0900209561256,0.0,6.0,0.005120276907345048,0
0.05844354524493238,0.0,1.0,0.0,35.0,5.0,5.849144474247618,26.169275106868255,36.2688509943217,1336.6113960554947,0.0,4.0,0.0008809555778744369,0
0.14065127476568687,1.0,1.0,2.0,45.0,3.0,5.797884453957307,16.87495251501039,26.13455469369363,4471.889000825302,0.0,3.0,0.002491472909956718,0
0.5514131178571735,3.0,2.0,0.0,46.0,6.0,4.561250747154364,8.843278339257989,56.08514695369752,1028.6376532733884,0.0,7.0,0.056663762312928335,0
0.3146321442908304,2.0,1.0,0.0,59.0,4.0,4.76430980213019,25.135521968628918,68.47846407888716,2677.187785500929,0.0,6.0,0.012226254929044908,0
22.220777835833346,33.0,22.0,18.0,219.0,193.0,7.805212846288561,70.68817109873942,65.10059959004813,111741.85085667236,15.0,43.0,0.5664355799043642,1
0.6799795885892713,2.0,0.0,0.0,47.0,4.0,3.0469053954381344,4.097266796064202,22.381871916521895,446.7852062763643,0.0,4.0,0.006714369134302637,0
0.14949382490923346,2.0,0.0,0.0,52.0,3.0,4.989567368548293,15.680041702796544,26.011157666312812,2654.8549681738086,0.0,6.0,0.004368195175936237,0
8.483453349167469,23.0,30.0,15.0,189.0,170.0,6.709572517633885,72.28064167616759,71.7508894689744,4351.384072288592,17.0,46.0,0.905010246642291,1
3.791535254155873,32.0,23.0,19.0,219.0,202.0,7.4923646307080105,65.95078606243756,62.39057468325699,86342.37702534339,15.0,42.0,0.7501281308264277,1
2.034513117259119,38.0,24.0,18.0,191.0,176.0,8.0,70.60582252609893,77.133729999126,41218.361386435296,15.0,54.0,0.8171716055002504,1
3.072439096008245,42.0,26.0,19.0,233.0,192.0,7.121515061636718,58.229534631818794,82.4570924420053,3428.294183178824,9.0,61.0,0.6559716385407016,1
0.4108120384059132,4.0,1.0,2.0,34.0,5.0,2.6276706731656594,11.846299959227856,37.069832059082145,1537.4095944279104,0.0,7.0,0.23965037083193552,0
5.922841093381167,24.0,28.0,27.0,212.0,175.0,7.549929332569426,78.59484322876982,74.20875079909433,5937.09473477185,18.0,43.0,0.8753790488882537,1
0.07015160515182955,2.0,0.0,1.0,52.0,5.0,4.341190875630993,35.46707950244519,35.03501371238217,76.84100453397897,0.0,7.0,0.036563215430457166,0
2.055383593575534,15.0,18.0,15.0,184.0,184.0,6.129550526210064,83.08384791021771,83.67099094482838,7809.93729715649,9.0,50.0,0.8827135113839251,1
7.370513291552784,30.0,31.0,19.0,200.0,183.0,6.893877709314858,100.0,43.428188153253814,52494.210856839076,12.0,39.0,0.8378482744554365,1
4.474944990917355,28.0,25.0,20.0,187.0,184.0,6.725626918219411,83.63504855418381,73.7945016747537,4739.766800389661,13.0,54.0,0.9198750453771115,1
0.7977183316910963,28.0,22.0,22.0,203.0,167.0,6.981042395044731,58.72353356331865,54.01005823301267,49528.45813454557,14.0,37.0,0.9655544078372801,1
8.169718819939487,39.0,24.0,12.0,198.0,171.0,7.731230628033771,57.31309329832819,77.18311691755468,101734.00513537161,20.0,40.0,0.9619192007512704,1
0.20120630247650403,2.0,1.0,0.0,60.0,10.0,4.475427043279468,10.863937928190342,36.403181316174404,761.0444938149132,0.0,5.0,0.024967083095717758,0
0.008905053462906605,2.0,0.0,2.0,41.0,7.0,4.923126645115503,23.57479590808055,34.15151547925531,244.1755941952509,0.0,5.0,0.03575803387725814,0
9.570246086108755,25.0,17.0,15.0,196.0,191.0,7.523700593450179,81.5397544371415,72.48527574291246,2939.199546504712,21.0,56.0,0.6834227412418835,1
0.0954935226624138,2.0,0.0,2.0,46.0,7.0,3.9652149561032206,39.89845009566584,55.41095230120507,582.6735038158575,0.0,2.0,0.09506870663400975,0
0.40004709116501763,3.0,1.0,1.0,58.0,3.0,5.113376806032884,4.038373789532365,13.413878671276688,5780.928011748883,0.0,5.0,0.02988292900189789,0
7.5505681706024514,20.0,18.0,12.0,211.0,158.0,6.842737865196579,70.00417488565645,72.30697813952021,39947.3374802266,12.0,41.0,0.7632303324987509,1
0.3959290855941529,0.0,0.0,3.0,46.0,5.0,4.379791846591703,12.185147888146169,39.45980935526729,1720.423132240505,1.0,4.0,0.08099236517439098,0
1.708442846627387,31.0,32.0,19.0,200.0,177.0,6.7485842314558315,86.0222193094152,78.399621964456,11628.33524506571,14.0,58.0,0.6272832149257005,1
0.20325083429865917,2.0,3.0,0.0,42.0,2.0,4.189084780633745,29.22905209019399,35.031954087974825,146.91420284079075,0.0,0.0,0.08383803939049415,0
3.8242516256147394,36.0,20.0,18.0,183.0,196.0,7.206191400459118,72.38544117929982,54.01531395752363,100856.63336811092,19.0,59.0,0.8996871373452267,1
3.1027648125394043,39.0,24.0,27.0,185.0,192.0,7.014697769876704,100.0,71.3460009669225,3635.723304561484,16.0,47.0,0.8777203369194398,1
0.29262643730987264,2.0,0.0,0.0,51.0,8.0,5.135316571071879,21.57232765688991,52.146981605191776,1543.7139158801683,0.0,5.0,0.0578942350539817,0
0.14078042699305773,1.0,1.0,1.0,45.0,6.0,5.026805541261995,7.966631564140577,45.34886758944219,2522.662123690988,0.0,1.0,0.015993579819710193,0
2.251811847660957,35.0,30.0,27.0,187.0,173.0,6.924365157883702,77.2248980487897,83.36207856634397,15302.311531164545,14.0,54.0,0.758271074520657,1
3.9695314605771967,38.0,23.0,23.0,174.0,190.0,7.645269365698068,69.36857458239322,68.97114473916479,19041.629151865025,17.0,41.0,0.8352784416411813,1
5.58539415390815,36.0,25.0,19.0,206.0,201.0,7.908303147001323,55.2391288460378,66.1329400955915,219455.35946173692,14.0,60.0,0.78997761122458,1
0.10219565758624378,0.0,2.0,0.0,50.0,6.0,2.470978494928887,23.975613033717845,36.470951247101524,220.79108184172821,0.0,5.0,0.11961842002086151,0
2.689076654004661,24.0,23.0,10.0,208.0,164.0,7.4023912887595325,85.22770917067295,46.99494308074843,40548.982803827224,19.0,36.0,0.8808983647067574,1
1.3186675252215987,2.0,0.0,0.0,53.0,11.0,5.4569115709409655,27.038051213637843,58.85712558453426,2941.016085423323,0.0,4.0,0.07430365903873598,0
1.0202526048366167,1.0,0.0,0.0,56.0,6.0,3.454183681416531,31.293376791865164,33.38983300355585,1225.7840862413825,0.0,4.0,0.18228513110127434,0
1.0067412923459726,2.0,1.0,0.0,52.0,3.0,6.5856709530243815,35.00077642103384,36.20441342395438,1357.8458889114443,0.0,9.0,0.00360686167560351,0
0.8294853970672939,36.0,31.0,17.0,187.0,203.0,6.487656352673673,55.019210376884914,64.53779423877086,24510.68138822235,18.0,59.0,0.7730672024727695,1
24.922175734251418,21.0,29.0,15.0,214.0,162.0,6.619061601948266,86.98551832920162,72.18615574083516,91946.23040744809,14.0,43.0,0.9032235998951269,1
5.532410268748091,43.0,33.0,24.0,191.0,198.0,7.295999819533501,63.449553126909635,82.00735807793203,172134.58998585198,20.0,43.0,0.8998210727234911,1
9.17521514301689,30.0,33.0,20.0,216.0,179.0,8.0,87.50285442829802,77.19454383081705,76412.3232836651,16.0,62.0,0.7550466156673347,1
0.4343019386360643,1.0,0.0,1.0,50.0,6.0,3.4755743724702235,5.9515687940901,29.407040512970486,1287.7890025295137,1.0,6.0,0.03414430696275597,0
15.61585312475733,33.0,32.0,24.0,187.0,194.0,6.546947047854939,87.28140071300906,51.81468885328863,105355.63654568011,13.0,46.0,0.8162697069550973,1
0.027279628355236753,2.0,1.0,0.0,47.0,7.0,4.73641298209678,40.95050607066305,26.80689578535614,2035.5214546961538,0.0,6.0,0.02754454463709877,0
0.13493582836467913,3.0,0.0,1.0,52.0,8.0,4.339944576723599,20.939494417884173,0.4499392652088332,94.32178529162093,0.0,5.0,0.04126933290318941,0
16.13280947696431,40.0,28.0,20.0,190.0,153.0,6.227214662137256,92.85386052749291,57.55266720768457,143035.10754604792,9.0,54.0,0.8161982332519212,1
0.5495144946506771,0.0,0.0,3.0,48.0,4.0,5.02968910815015,16.127190111417693,5.347316444109715,125.17288816750045,1.0,5.0,0.0294506459085486,0
14.97266064595609,41.0,19.0,23.0,187.0,156.0,6.736957243513473,44.92481363205812,69.11488569152795,35647.17516917856,14.0,49.0,0.9194299132941149,1
0.057481266761740125,1.0,0.0,0.0,45.0,6.0,6.107432550945298,25.843608316205888,25.761826384522205,5063.604813941566,0.0,3.0,0.07739649537980722,0
0.3631651945534551,2.0,0.0,0.0,49.0,8.0,2.6191611990195645,20.103631131098812,40.5693782197731,2000.5350806398283,0.0,3.0,0.06642710941861353,0
0.023755452058473694,3.0,0.0,0.0,51.0,7.0,3.932171238581245,4.7739708086845685,0.0,290.4820691716312,0.0,4.0,0.03828549901595957,0
0.32921547296240655,29.0,23.0,26.0,212.0,159.0,7.871094118792746,65.55968482022058,68.1134576380824,2853.0831211867035,15.0,63.0,0.7598051536995521,1
15.030270940891386,33.0,25.0,22.0,214.0,186.0,7.308112279476073,75.59090799835826,53.27600104620026,25606.490722585197,13.0,42.0,0.880731866614355,1
16.46063606459281,37.0,26.0,14.0,200.0,196.0,6.880413197020214,88.12859391870533,65.46437243002072,61109.84089527155,15.0,51.0,0.8679985242344488,1
6.444420209373608,30.0,23.0,21.0,198.0,182.0,7.594654330860312,100.0,57.94375280911975,46343.75833732017,15.0,43.0,0.9066073239164063,1
2.041526434858522,36.0,19.0,20.0,183.0,206.0,6.539285925290615,83.77229886695382,74.07040933366383,5994.845281386981,16.0,45.0,0.6267811282032328,1
0.16624336502094916,2.0,1.0,0.0,55.0,6.0,4.1840591491541845,10.488296757268872,13.963453634011621,1242.4918246906905,1.0,3.0,0.09215912962305897,0
4.43750485268677,21.0,23.0,22.0,216.0,172.0,7.059655563888917,63.13542102987657,77.80858236412226,56885.059908525334,13.0,41.0,0.8549670728113514,1
0.1041068336238591,3.0,1.0,1.0,46.0,5.0,3.6868610182564505,14.555245451865407,26.549261188605882,986.1356667944485,0.0,4.0,0.1189245785297441,0
4.18773796598378,26.0,28.0,23.0,205.0,174.0,7.621384431028889,78.25207359472977,62.25532994256274,57739.69652557889,15.0,58.0,0.9587761260990869,1
0.4117072654997372,3.0,0.0,0.0,54.0,3.0,3.436220808549562,1.1783117092046993,39.014225877220454,2748.487869057712,0.0,4.0,0.2525815936328534,0
0.738205898396688,21.0,27.0,24.0,192.0,151.0,6.567030439718707,83.06859511722898,73.00153297005338,72719.23758683389,18.0,58.0,0.7807156820143013,1
0.5345968836417418,1.0,1.0,0.0,36.0,6.0,4.018055080300483,8.70237495089004,15.652742994109737,637.712408149426,0.0,3.0,0.009016514252766814,0
3.1068124197436795,32.0,19.0,23.0,183.0,185.0,7.153453462278847,67.10766992397198,67.35370069517016,5083.075202381111,22.0,47.0,0.8997469886997889,1
3.974098752602568,32.0,17.0,19.0,195.0,187.0,6.8690699365178745,89.40494028682899,66.24842532846645,56318.41850304734,14.0,59.0,0.8973730714577021,1
0.26243061862330996,3.0,2.0,0.0,57.0,1.0,5.247147124842969,28.976155168636218,12.12659690117971,494.41812970414185,1.0,2.0,0.03801018166701471,0
9.16022913368437,28.0,25.0,21.0,185.0,186.0,7.275328788530743,50.39833312241632,80.76949425685811,28958.220086015295,11.0,45.0,0.9730007711530265,1
0.29356867366412626,5.0,1.0,1.0,53.0,6.0,2.4672506451678373,25.746322853722493,17.647462534158933,7753.048028691228,0.0,3.0,0.020643623672514547,0
5.88103186926687,17.0,25.0,30.0,191.0,181.0,7.181861999843485,69.77845926388562,46.825477595486774,308.5160666629704,22.0,51.0,0.843373331642125,1
0.47581503330956043,0.0,1.0,1.0,51.0,6.0,2.924777396793343,17.946910603095482,33.15572558051432,6278.535315235789,0.0,7.0,0.061071935946803754,0
14.462807157865619,37.0,20.0,22.0,209.0,169.0,6.7639228141551495,74.85841496872384,93.13121962515255,97643.26887594823,15.0,52.0,0.9323327445118093,1
15.649278699864736,40.0,25.0,17.0,208.0,199.0,6.7114488066265645,80.86800055069608,44.97939033108828,14687.906862715105,15.0,49.0,0.9081909906107636,1
3.253947412784378,30.0,25.0,26.0,206.0,179.0,8.0,82.17579945037266,78.03600020312474,164772.19403848465,17.0,44.0,0.8988264034514738,1
5.487221152313742,29.0,27.0,23.0,196.0,187.0,7.984952300251529,63.955246045335464,62.90978252090794,48270.4760130613,7.0,36.0,0.8690494689469678,1
0.026158198109387177,1.0,0.0,0.0,51.0,6.0,5.2119749404149305,23.22816838126752,36.886258400467334,633.5431180937198,0.0,7.0,0.07838359880181428,0
0.5296229652366472,1.0,1.0,1.0,38.0,2.0,5.231992431609566,8.52601884171653,19.50878802274616,2818.0558036325674,0.0,5.0,0.09295388181756031,0
0.5590578120291831,3.0,0.0,0.0,57.0,3.0,6.275441909678015,19.350923147896857,24.901927245661042,996.8436268662037,0.0,6.0,0.015162729396213678,0
8.960986610487156,29.0,21.0,14.0,187.0,189.0,6.91430591754958,62.539268795201636,67.77024646381223,10598.267127211511,9.0,62.0,0.9589818728472228,1
0.003658449074633286,5.0,1.0,0.0,50.0,5.0,4.604709951220065,10.281716934041775,36.94204630420979,3108.10696002746,0.0,2.0,0.02089902382167974,0
1.2953187356200107,38.0,23.0,19.0,184.0,198.0,7.257401559605056,39.25351239806231,57.31909055484,15649.264891123465,15.0,45.0,0.5818347581401102,1
0.03198261367361563,0.0,0.0,0.0,44.0,4.0,7.716983586790189,0.0,26.720414183472837,4187.322853205893,0.0,8.0,0.060870581378979195,0
0.057846608591565644,2.0,0.0,0.0,41.0,6.0,6.300228538130293,19.711991803001183,21.596290792801675,139.65439926364783,0.0,7.0,0.01634083791162921,0
0.005516966354170111,4.0,1.0,2.0,39.0,6.0,4.302359011061445,23.119924286908955,23.599536372776576,267.6624851040164,1.0,8.0,0.04289896404746065,0
0.32881713672532276,41.0,15.0,18.0,192.0,197.0,7.376958870347423,75.38090051726638,76.57673020729551,5002.240834518689,17.0,52.0,0.6336743786547914,1
5.466131568524284,24.0,27.0,14.0,200.0,172.0,6.866054081359609,71.73657951445128,64.25012401636388,80483.31508686807,15.0,58.0,0.7077490606565845,1
0.21231675113140355,3.0,1.0,0.0,47.0,6.0,4.072952769668152,20.117944197294356,19.10282985858634,1272.3037385585446,0.0,6.0,0.04688778308686885,0
0.22816417443872333,1.0,0.0,0.0,53.0,5.0,4.978568565826214,26.798811230877586,33.18278505833731,84.97190081114664,0.0,6.0,0.011822593898980494,0
11.337171827056295,36.0,20.0,22.0,196.0,162.0,7.030714750919405,66.25605391327731,62.507263873609205,157646.87620022986,17.0,56.0,0.6235059186638406,1
0.03826893098543438,2.0,1.0,1.0,54.0,2.0,1.2351685199798093,22.993689610301793,24.984321888725198,2568.371275623318,1.0,4.0,0.026216537239057758,0
0.33857926316384673,1.0,2.0,0.0,52.0,7.0,4.6412327624708665,6.845628979378834,56.2179618966575,464.63072920711136,0.0,4.0,0.027806368314539302,0
0.04976648777694776,0.0,0.0,2.0,43.0,5.0,3.180777905378984,19.013830691701514,45.4198169651217,10.95182100151159,0.0,1.0,0.056593406992209286,0
0.12522236442323928,4.0,0.0,0.0,50.0,2.0,5.611162474236619,13.353114269594238,47.353269289068976,364.6502970162851,0.0,8.0,0.06648645963305057,0
0.9097922396036445,3.0,1.0,0.0,50.0,4.0,4.925579115578961,26.864604590300218,23.772279179122386,2865.806847631698,0.0,4.0,0.14693826495751328,0
0.3280083818628265,4.0,0.0,0.0,46.0,3.0,5.968731198320901,11.647529378123027,42.8213253126317,142.75872103126719,0.0,7.0,0.009571915093654966,0
5.04219716837301,26.0,13.0,22.0,201.0,197.0,6.372661312870208,74.75749236570552,64.0542952024738,86542.8257287034,17.0,54.0,0.6458680266223845,1
0.510851431915759,2.0,0.0,1.0,51.0,6.0,3.2647103266091646,36.63888035502801,31.05349422724449,2300.122913155207,0.0,10.0,0.025992142783537443,0
0.05257753041886895,2.0,2.0,1.0,61.0,6.0,4.889278731521737,0.7564407060181146,36.388841288913994,1152.1392313982994,0.0,5.0,0.026380732894327023,0
0.00548285412194917,3.0,1.0,1.0,50.0,9.0,6.4223458376666445,14.739273266996758,47.477707619320704,391.287056259278,0.0,5.0,0.0526926649310274,0
5.5842842315664205,34.0,36.0,19.0,196.0,177.0,7.403432102484776,84.63358406137007,73.4318359872936,35664.528121167794,18.0,50.0,0.9766039929730395,1
0.16768148311591838,3.0,0.0,1.0,53.0,4.0,5.786314869098167,21.078039575286194,39.91920586111652,880.6769714714347,0.0,3.0,0.002311846903107367,0
1.4000094073418172,27.0,22.0,16.0,219.0,183.0,6.833089761786575,70.45195627663124,63.16587307757054,75019.75674195375,13.0,50.0,0.7985090093303874,1
0.13333842050342043,0.0,1.0,2.0,52.0,3.0,3.279220067824329,24.766267037434474,31.909870616082927,769.4057297562133,0.0,4.0,0.06996016536346589,0
0.05324209623014651,0.0,2.0,1.0,51.0,5.0,3.565258794758198,22.122913214792316,52.13124503996738,439.54557719291194,0.0,5.0,0.05410594961284181,0
26.81344552764269,27.0,24.0,33.0,214.0,184.0,7.737524791332377,79.38891136568512,60.81609879567001,8706.999785600261,18.0,52.0,0.7747290213734264,1
0.3694772985363937,3.0,2.0,3.0,47.0,6.0,3.6510091520817864,23.89393926760036,31.162533275812244,2728.6208267357297,0.0,4.0,0.0027621602512589577,0
15.107209563667276,25.0,22.0,16.0,196.0,167.0,7.169972465462633,33.563914526276946,79.4688212508335,37196.22697611549,14.0,64.0,0.9615966102233707,1
5.974381264957451,33.0,22.0,18.0,223.0,161.0,8.0,72.87314273161678,99.52030187321412,1091.1578322132998,16.0,47.0,0.8557494244073686,1
0.12149043036715404,2.0,2.0,0.0,50.0,7.0,5.011367931362481,26.95067828713126,53.82690318104903,1586.1969395634756,0.0,2.0,0.022915322427308055,0
1.7084620202232998,2.0,0.0,1.0,49.0,6.0,3.925909340408574,11.594792397059802,28.19186424829502,872.148545289934,0.0,11.0,0.045044533280941414,0
1.24818724895617,3.0,0.0,1.0,51.0,3.0,3.6400255844456724,15.757870404644779,35.506267301870594,1618.6980233455006,0.0,5.0,0.07117243553941603,0
0.0779415470752182,2.0,1.0,0.0,52.0,8.0,3.741875664295964,11.13585128326571,33.59901314540875,3826.9097879108426,0.0,5.0,0.03550345439212371,0
0.054030540345226474,0.0,0.0,2.0,63.0,4.0,2.433605743276116,11.416677339785068,18.0873484857146,842.2965484373314,0.0,5.0,0.041249501813636937,0
0.2729532930589477,2.0,1.0,0.0,55.0,9.0,5.336928435213345,41.16678631273862,35.65809813524443,10886.886871004268,0.0,5.0,0.07081871654637897,0
3.82233191769367,29.0,25.0,17.0,217.0,188.0,7.371670453983547,81.60518110087892,79.20411213011388,56667.172530285105,15.0,52.0,0.5435422478101612,1
0.8378219103963257,25.0,31.0,23.0,212.0,161.0,7.01068634651872,76.67059533759638,59.764556973994644,30377.882948485818,15.0,54.0,0.9239525812343534,1
3.278338304409375,32.0,19.0,18.0,192.0,176.0,7.1296834643616345,48.50225576509478,76.11366530322577,7701.096415753151,11.0,45.0,0.8070911272419286,1
2.4759022535267943,26.0,19.0,26.0,201.0,177.0,7.2964953601802485,53.647209545772384,67.57633720059411,18713.226704388126,13.0,54.0,0.6790349656987004,1
31.57871446477215,21.0,23.0,18.0,180.0,172.0,6.503301391228559,75.71017436167668,55.84302558807719,62169.38663058513,17.0,36.0,0.907587661278642,1
19.3353970019182,37.0,23.0,17.0,213.0,174.0,7.442088585299036,66.622139958243,62.37112173674714,29364.514079452823,15.0,56.0,0.7574177495738972,1
0.33414886175197506,1.0,1.0,0.0,56.0,9.0,5.7154926684870855,0.0,41.97264451633329,4562.028683835313,0.0,4.0,0.004273602233670789,0
0.11776877850411133,1.0,2.0,1.0,58.0,3.0,5.967576819553818,24.351649729470783,22.49359480401438,985.9647419858734,0.0,9.0,0.0030648901633111756,0
4.195711320899813,24.0,29.0,22.0,214.0,190.0,6.908047312238675,65.58816451077213,60.83893832264202,32842.47014992727,7.0,57.0,0.6746212587874771,1
8.314903649095005,24.0,25.0,25.0,221.0,200.0,7.093661251984017,69.42651649879544,52.81876871702983,56192.173957210136,17.0,35.0,0.8788259532171285,1
0.030668459204796862,3.0,1.0,1.0,61.0,9.0,4.9039281692028975,24.310456383253392,36.292929166197474,1320.254853015636,0.0,4.0,0.018937794782034584,0
0.06536397321375388,0.0,0.0,0.0,40.0,5.0,4.674757460881938,19.783951026065836,31.602083096548938,5511.282699196463,0.0,5.0,0.006948744262890622,0
0.08817871207469331,1.0,0.0,0.0,53.0,3.0,5.173093724199283,16.012613053586225,33.60281345900698,11827.163963237335,0.0,4.0,0.16505283943507643,0
0.058596059287183755,0.0,0.0,0.0,49.0,6.0,3.859086051605806,16.589669344810385,40.714831102008986,1034.4624225210537,0.0,5.0,0.14560447285755218,0
0.06699941227735415,2.0,1.0,0.0,46.0,6.0,3.759312037271566,8.58217016298935,48.845142225680355,2035.411527486601,0.0,3.0,0.056712324514144395,0
0.23402632670393886,1.0,0.0,2.0,47.0,2.0,4.607643667136195,25.60325803596556,55.13040891180215,1911.9329374337415,0.0,3.0,0.03741764242141222,0
0.2965781071101889,2.0,2.0,0.0,51.0,7.0,3.537108640375792,28.745380094335047,35.73383347796026,738.8813262980485,0.0,3.0,0.01660512896257105,0
5.4974549637156365,31.0,24.0,19.0,209.0,171.0,6.786412925605839,63.43794770377711,64.00742668329049,113522.48623879679,17.0,58.0,0.7441485819970479,1
0.07839174374516714,1.0,1.0,0.0,55.0,2.0,3.9669637134520377,18.56673211003347,45.548726687130575,3885.2360053694997,0.0,5.0,0.07022806628569797,0
0.5675868232390203,1.0,1.0,2.0,50.0,2.0,3.3310086418312976,22.167364541996427,42.53632098648273,562.0250028523268,0.0,4.0,0.01570960500885205,0
2.046606522632352,33.0,23.0,22.0,204.0,175.0,7.8549547889841715,100.0,67.19424425243277,1948.6441907076255,11.0,57.0,0.6301611896249857,1
0.6942698308447942,0.0,0.0,0.0,56.0,4.0,3.309901644912939,18.812009925278325,32.566301692168146,227.11966822831084,0.0,6.0,0.010492193145860534,0
6.4031364246698494,20.0,19.0,13.0,200.0,188.0,6.975325493628329,69.7762953545297,66.70401381042383,44444.53107253827,10.0,54.0,0.7018273268752037,1
11.845679820224408,39.0,25.0,25.0,195.0,168.0,7.06090445961978,78.02447600661209,94.31406995527098,423.1093179964769,12.0,44.0,0.9214143776636186,1
2.178894653144416,27.0,33.0,26.0,205.0,171.0,6.779996171017895,77.5443939149625,77.04364203528584,60026.14354192537,10.0,35.0,0.9399784547129089,1
0.2651501673901597,23.0,32.0,16.0,172.0,179.0,6.801444053787697,77.03852838372022,61.355764733817985,505.46721798929957,11.0,42.0,0.8978395019139038,1
0.25323370093069664,5.0,0.0,1.0,38.0,2.0,4.4242251059080395,23.89114954344516,42.99741386074158,407.7098739501345,0.0,9.0,0.05944796118703064,0
0.9347035377862277,25.0,25.0,19.0,203.0,147.0,6.917065443872159,42.31522009354022,59.29642074874491,18188.16472296361,15.0,58.0,0.9303165150804059,1
0.09940015869202157,1.0,1.0,3.0,40.0,3.0,5.367562151679973,31.436287364356378,51.71266750392989,701.3248422669432,0.0,5.0,0.014081622051918716,0
1.7304244845452277,4.0,0.0,0.0,68.0,4.0,4.294039437510834,19.935856982224678,26.797440660581195,4172.15659190211,0.0,7.0,0.022524327147798787,0
13.316718402585236,34.0,29.0,19.0,207.0,184.0,6.863386799715681,73.11571843840557,66.56808332354994,74313.18387995432,8.0,42.0,0.8658478468782053,1
13.51017421639607,34.0,28.0,13.0,210.0,160.0,7.029838501752945,77.10594268708437,69.89651434482089,86488.44219817054,12.0,46.0,0.9196454946208312,1
7.675284577189741,42.0,17.0,17.0,172.0,168.0,8.0,88.99327739030325,55.26821282716595,1068.143552449579,16.0,53.0,0.8516784535892341,1
0.9120038873808459,35.0,27.0,12.0,202.0,196.0,7.611576084611123,78.27020390658622,82.8964495959762,34427.695766897465,14.0,52.0,0.8343865416825608,1
3.9750211395791717,36.0,16.0,23.0,219.0,189.0,7.349220277413182,81.1903426281872,66.37805421004667,11828.926803350052,13.0,60.0,0.561439558677404,1
0.9483610281886005,2.0,2.0,0.0,45.0,5.0,6.217687813280042,28.817259407278183,20.099859305068748,1931.4024461013648,0.0,3.0,0.014255214210705872,0
0.23420095384552095,3.0,0.0,0.0,51.0,6.0,5.2669429412022,19.483476014901104,29.77452003835258,523.6493759089839,0.0,10.0,0.04005344224743165,0
0.05259474483125971,2.0,1.0,0.0,46.0,7.0,5.069041958418127,24.754842677138317,13.572339918678171,1089.6805666657347,0.0,2.0,0.1157515701176467,0
0.09491987785450592,36.0,22.0,18.0,211.0,176.0,7.45245416202003,66.17409185819496,72.82535056035859,190790.92357803677,14.0,46.0,0.9267764484662673,1
19.683345639658153,33.0,31.0,24.0,203.0,167.0,6.75200323122799,85.80375933532855,90.6037134076033,24399.486141817822,10.0,58.0,0.8629364095473412,1
0.11933514459970958,1.0,3.0,1.0,43.0,5.0,2.9257129693497346,16.58216861731455,27.119636674569673,2283.8267509470916,0.0,2.0,0.019710346070358684,0
0.2676953250429916,3.0,1.0,0.0,55.0,5.0,4.7642742314819095,24.535310332725423,8.830278998225822,1441.9127201078304,0.0,5.0,0.0020572850616195426,0
1.2345894232970858,1.0,0.0,0.0,36.0,4.0,6.090495740975375,24.193818095572656,38.80713707359612,1371.286796654168,0.0,5.0,0.11666194357426253,0
1.8606798166544007,15.0,32.0,25.0,189.0,188.0,7.571163361894071,73.5378113831894,72.10421583037397,16916.23106895109,14.0,50.0,0.8127068697600675,1
10.529051821592768,25.0,21.0,21.0,188.0,189.0,7.784129841605093,100.0,63.33244226014357,75506.69883088802,17.0,56.0,0.7255536029502905,1
2.4112955628458534,29.0,25.0,23.0,195.0,183.0,6.580656893461812,54.919850147696586,67.58264462076097,10106.932178250592,13.0,54.0,0.7932958987613888,1
0.33038672509571415,0.0,0.0,0.0,51.0,2.0,4.509876062640021,26.92479235150359,40.30738902861076,1204.349848392993,1.0,3.0,0.08687441749604156,0
0.02783216148076852,2.0,0.0,0.0,51.0,2.0,5.646566836303039,20.821148708005968,53.8375463821393,2812.5204755340856,0.0,4.0,0.06261490388864563,0
4.575320445925713,30.0,33.0,17.0,203.0,166.0,7.869554814065256,47.20937782753251,76.32089817122824,14841.237359873325,15.0,50.0,0.6371915259996062,1
0.44089438213372056,0.0,1.0,0.0,45.0,4.0,5.682097038550029,8.350443395170483,35.66907628292351,2413.875967110887,0.0,4.0,0.007419854608471242,0
1.730300646431915,30.0,27.0,16.0,211.0,187.0,6.700466252255296,57.46379372447404,74.79704721216639,155471.9070366797,16.0,51.0,0.8964910391176163,1
0.5186983534101813,1.0,2.0,1.0,49.0,4.0,4.002273240965372,0.7376804827750334,52.69006487565392,1372.4920570965435,0.0,8.0,0.13925022639161622,0
18.161880215364942,34.0,22.0,16.0,209.0,168.0,7.261546156022805,69.36852919371458,59.81852665250182,54396.02743705456,23.0,53.0,0.871668152497729,1
0.6033692593439818,1.0,0.0,0.0,64.0,7.0,3.5072506990123244,38.825953030555844,26.386442497384724,1305.0797209307962,0.0,4.0,0.10033942761373023,0
0.06865416150736114,33.0,30.0,19.0,211.0,176.0,7.248491595127361,76.08311749174673,66.89366053509637,70901.4632677449,12.0,45.0,0.9349197115156945,1
12.576917767925593,40.0,27.0,29.0,179.0,180.0,7.176855600235948,94.60772594500884,67.06820459427632,30085.755023257516,11.0,45.0,0.924672006149019,1
5.883019601122695,34.0,32.0,20.0,210.0,165.0,8.0,89.73428678545032,78.0076880923391,64607.47707784813,19.0,44.0,0.9272608476339292,1
6.981041687839105,38.0,26.0,15.0,179.0,195.0,6.837459454082168,92.87429255032238,87.17070090057314,5497.317308217852,17.0,47.0,0.8285781680835234,1
20.106904074649453,28.0,23.0,20.0,185.0,170.0,7.853704901408298,85.23313946935629,61.11732542366807,16363.379012670559,10.0,46.0,0.8571987575731229,1
5.794332122941626,39.0,20.0,19.0,219.0,166.0,7.1736646252546095,64.21576059442664,69.85162826428434,84063.33647987017,15.0,53.0,0.7655284343354208,1
2.562703436200263,30.0,18.0,23.0,177.0,182.0,7.504293156983714,92.23685514718956,81.83401336133385,2942.9957046781406,21.0,52.0,0.8543696712830534,1
4.603453476513244,36.0,22.0,24.0,199.0,178.0,7.413821363536064,91.98392951075458,75.42462498315064,1022.9523675017052,12.0,58.0,0.8113675888973827,1
0.14668761029433053,1.0,2.0,1.0,48.0,7.0,5.570533573557887,26.816618422576784,61.84431967793289,2443.5623249882756,0.0,8.0,0.027299220240326837,0
0.3225563826156772,39.0,21.0,22.0,204.0,191.0,8.0,68.43647324988329,61.467408447447184,763.5410931452926,5.0,54.0,0.8757604471848022,1
3.816990023589582,20.0,24.0,22.0,232.0,176.0,6.591623680254517,84.71397479768302,73.90564038249221,34158.96972749136,15.0,60.0,0.9389705074653691,1
0.0499408650385502,0.0,0.0,0.0,54.0,5.0,4.455883992328208,10.252005506066038,26.64606079405131,4051.353733561719,0.0,4.0,0.013568159544091888,0
1.1041919933670283,0.0,1.0,1.0,47.0,2.0,3.3536929320055573,27.523113686385283,17.856078083386436,784.7671342980849,0.0,3.0,0.02165822321985369,0
1.0467178992380144,3.0,0.0,1.0,53.0,6.0,4.21105449838425,32.36230025613402,58.13523430043969,2297.5633849310616,0.0,4.0,0.02869669119942673,0
4.557101603317392,35.0,22.0,22.0,195.0,153.0,6.966285133692623,72.28862510496857,72.31838278600821,20372.87439238996,20.0,52.0,0.6548588648902403,1
7.70754265480747,26.0,18.0,23.0,187.0,188.0,7.992464165598112,100.0,51.77579418547305,40024.45248637966,18.0,47.0,0.8101080006600576,1
0.11042042640413426,2.0,1.0,1.0,64.0,5.0,4.086972834277341,14.719950226496646,27.0506790999394,789.6353439647797,0.0,3.0,0.060820122818325606,0
0.2219036516331801,3.0,1.0,2.0,55.0,5.0,6.014524244784984,13.268968381508682,39.98036903119907,4000.860994246418,0.0,7.0,0.07391521886454358,0
0.7201268662179071,0.0,1.0,0.0,50.0,4.0,5.247276083872207,17.493494255631557,40.78585456335546,3194.2460166964674,0.0,3.0,0.0039671856253753095,0
0.025723472237080828,2.0,3.0,1.0,44.0,4.0,4.876230271247944,22.72474296096482,57.937630059995755,652.6786935371415,0.0,3.0,0.0901839223234394,0
0.08136319461959338,0.0,1.0,1.0,54.0,6.0,3.2718796599258093,37.81383143429005,42.26751604107251,3045.5363487541467,0.0,4.0,0.013501151781390025,0
1.2401311587395323,2.0,2.0,0.0,38.0,5.0,3.678045894338402,22.505400794895284,61.29049199585424,4361.189979299132,0.0,2.0,0.0016630827611928164,0
0.4661970041088216,3.0,1.0,1.0,52.0,2.0,5.354377341471164,32.63433634219652,29.770092420860315,4170.184236952266,0.0,5.0,0.001797621966823984,0
1.0939655682705622,28.0,23.0,22.0,195.0,167.0,6.914939804516435,98.11179343315922,49.142688027154634,5754.154513752872,15.0,46.0,0.8448813547071811,1
22.21241788634556,31.0,22.0,18.0,198.0,178.0,7.069657247883476,49.643496813504626,76.26037692308418,21671.553181916308,14.0,57.0,0.920826805260137,1
5.299456025473382,28.0,31.0,19.0,205.0,184.0,7.471055936145207,48.58113311305147,70.32141004993595,67422.50901642909,16.0,56.0,0.7637061243564559,1
0.03626333134134277,28.0,20.0,28.0,195.0,195.0,7.241177667614463,82.87822131524776,71.87425143980424,73475.23097714114,13.0,47.0,0.9772876320202533,1
0.46138080330927356,2.0,0.0,0.0,49.0,1.0,5.061368634104326,25.86151590325668,12.296279528501799,3921.8138619934166,1.0,6.0,0.035687555756592,0
0.48765740218169007,29.0,23.0,24.0,192.0,182.0,6.987993851583694,63.02446838304082,75.28401867584027,29441.351001324085,8.0,50.0,0.5431921789406177,1
0.6362768449469225,4.0,0.0,1.0,48.0,6.0,5.017375879179509,16.803604494912364,51.85793977040812,2430.8230928500407,0.0,4.0,0.0724108107763554,0
0.6018732185904464,3.0,0.0,0.0,52.0,6.0,5.716758238361086,22.60493216857658,36.872425149272196,3898.989741466986,0.0,1.0,0.0056730656597110745,0
0.1736269622769999,2.0,1.0,1.0,40.0,5.0,3.5780060978400527,26.035546458994627,54.84869744305984,1903.7281807313832,0.0,5.0,0.08859189054667277,0
24.253059954327853,37.0,19.0,25.0,189.0,181.0,7.148924382522639,75.16575620865669,54.551024319897934,7653.692479293371,16.0,55.0,0.5915174522347747,1
0.1698670417510235,2.0,1.0,0.0,52.0,5.0,4.921797040582094,20.012620513508246,39.8150989900742,127.9425607682081,0.0,3.0,0.015470597701326307,0
0.23474073035869145,1.0,4.0,0.0,37.0,8.0,4.3113314656197,22.678062614738487,24.444138895596954,579.3152318101413,0.0,8.0,0.0035116564290632907,0
0.7452034549962633,29.0,21.0,14.0,179.0,178.0,7.645520135100492,81.01129526465066,66.1388696431354,36512.482230664566,6.0,51.0,0.8122881630170098,1
39.847473741947496,41.0,20.0,18.0,193.0,184.0,7.698992515989407,56.09651932312408,82.56270031556744,7279.2453719076975,7.0,36.0,0.8869474620392909,1
0.5532843899326438,26.0,23.0,20.0,186.0,193.0,7.723250060675506,79.15216925984558,73.19806657877287,27545.76011367858,18.0,42.0,0.9191915834686883,1
0.6928885438861123,1.0,3.0,1.0,53.0,6.0,6.54525862507221,24.880699221841738,33.45242420651693,784.9681283740417,0.0,6.0,0.049550125339582904,0
0.33213274517092084,3.0,0.0,0.0,45.0,3.0,2.912997008301845,10.837922250946416,18.979609349462198,1304.7609192454797,0.0,6.0,0.01160153197753547,0
4.135507403622566,26.0,18.0,15.0,201.0,206.0,7.1908460347588266,73.34485754949355,64.60366447073724,9941.040232534906,15.0,46.0,0.5930550758657787,1
1.2864566166927867,27.0,24.0,19.0,179.0,207.0,7.589355451208896,58.57304581202612,68.3001810488707,37572.67521577693,14.0,44.0,0.8506102568175281,1
17.45272943396292,31.0,31.0,22.0,192.0,181.0,7.332545261585274,69.5461011161064,60.0478457688312,30272.758279392725,19.0,52.0,0.978372129933667,1
0.032980817580411846,2.0,0.0,0.0,43.0,7.0,5.710221031517156,35.17316132400224,43.72507314441408,239.27272683876234,0.0,3.0,0.03384177543590254,0
0.2974197529299661,1.0,0.0,2.0,51.0,7.0,3.758794965361832,18.968973363727354,21.00782290384545,3910.7315406439834,0.0,2.0,0.030678773638259695,0
2.4245048005309795,23.0,24.0,13.0,199.0,173.0,6.817503476408671,33.73398588269341,71.78783526930187,83189.98615332773,11.0,47.0,0.8949727490173028,1
0.3420443385826106,2.0,0.0,1.0,48.0,2.0,5.157403461978649,15.096885316167109,62.18412389761632,1777.2832577883219,0.0,7.0,0.03826261282055067,0
5.237339328090067,30.0,27.0,22.0,209.0,186.0,7.214101041202153,79.22295760387313,49.69609880707653,5808.0186352861565,15.0,43.0,0.8068974897935758,1
0.05608837559322492,5.0,2.0,0.0,56.0,6.0,3.1728941443495158,7.731196154282864,24.435476209556462,266.964169730131,0.0,5.0,0.028689452203926113,0
0.4381292659075994,29.0,33.0,24.0,213.0,202.0,7.157874209821313,71.0302344591695,68.54046368337265,37776.857493114716,12.0,52.0,0.8829131181213484,1
22.68314149575263,35.0,25.0,20.0,198.0,138.0,6.833473709837333,45.00157625418495,61.94400794427388,17973.708625472427,20.0,49.0,0.8852465754783401,1
0.5881926252592751,30.0,23.0,14.0,210.0,144.0,6.968317921083813,64.75134047613811,64.24298299096411,71250.17467436875,20.0,55.0,0.6173451092337374,1
0.012031719030004627,1.0,2.0,0.0,38.0,12.0,5.073821846892054,13.675385925745406,29.27794230446626,1216.5694885683333,0.0,7.0,0.00807814355979014,0
0.21645750842169634,1.0,1.0,0.0,54.0,6.0,3.7378508924932037,23.096630599655818,49.95112252470821,815.3474207965053,1.0,6.0,0.024672847810923996,0
0.17066973939069716,1.0,0.0,1.0,48.0,8.0,4.93441315043415,26.8212363538293,24.71804552440009,779.0039517182529,0.0,3.0,0.012138781133662051,0
0.1857223555999128,1.0,2.0,0.0,72.0,6.0,3.4373299091631138,3.8851722812442695,28.40208817919156,58.29566872792605,0.0,4.0,0.025925025302989645,0
0.011049110415465935,2.0,1.0,0.0,62.0,5.0,4.103124287166448,22.815430087118575,33.427042365480546,1775.2412829432897,1.0,2.0,0.026238473063381347,0
1.7894863725428418,26.0,26.0,18.0,196.0,168.0,7.6172309455577745,61.73305451225026,64.98166127773938,3985.6211005746813,16.0,48.0,0.9312545421853741,1
11.237645128015993,38.0,24.0,21.0,208.0,179.0,8.0,63.319223957930085,43.91548150361841,1550.3250791136518,13.0,43.0,0.74166244470637,1
0.007411024123246567,4.0,0.0,0.0,41.0,2.0,3.9416990839641195,5.970844775050354,40.0900368953872,785.2007361361119,1.0,4.0,0.0024999571374850313,0
4.6478722233752485,38.0,26.0,17.0,206.0,172.0,7.08381408393581,66.90346036431166,61.8706060144126,9288.293572462866,14.0,61.0,0.8237288050313002,1
0.07981834978784902,2.0,4.0,0.0,44.0,5.0,5.254679139807135,20.073127791423648,33.50965560008997,2340.3666217287105,0.0,4.0,0.09433022155077574,0
0.4336511397671147,3.0,2.0,0.0,46.0,6.0,5.559681933804517,26.616269948379887,35.15254412552202,1553.225922096544,0.0,3.0,0.1250310763574235,0
2.903442382069845,31.0,24.0,24.0,188.0,202.0,7.413550421747541,82.29784594905374,86.95658713513635,13150.377289631144,13.0,41.0,0.8796356291335723,1
12.688301372006162,27.0,27.0,22.0,173.0,159.0,6.652257801702574,73.92190698911507,71.6160962153137,27349.579705117027,17.0,45.0,0.9215918035254024,1
0.13186454331685604,1.0,0.0,1.0,42.0,5.0,4.033869483566699,17.677148282315436,12.079851027852783,726.4785926726489,0.0,4.0,0.01593241049436817,0
0.017408089153450865,2.0,2.0,1.0,44.0,6.0,4.191669780049302,27.26661502119101,28.645806638509107,230.9938644168028,0.0,2.0,0.027567802378968546,0
0.3522637582703157,2.0,2.0,1.0,55.0,3.0,5.154240754783208,32.37438552564681,32.05701669790982,3568.143839413264,1.0,6.0,0.015950800234373137,0
0.028691083962095833,3.0,1.0,1.0,32.0,6.0,3.5092366270510436,9.097263357224975,27.384613631715094,190.99809537298083,0.0,7.0,0.05571152776208924,0
13.286021267104717,33.0,27.0,23.0,199.0,192.0,6.888544765630594,52.54753342872862,81.92001727315471,19781.250069735408,16.0,51.0,0.898883666767498,1
0.32731391514256347,26.0,20.0,16.0,190.0,180.0,7.207515731856416,69.91593261926863,75.94809197694269,17223.08086303033,13.0,56.0,0.9151322186689057,1
6.534605177035971,33.0,29.0,19.0,207.0,183.0,7.259444825097916,60.67093429699436,68.91148677935927,473.323690095332,10.0,52.0,0.9631927981176766,1
0.15152403938975392,1.0,3.0,0.0,63.0,5.0,4.024575540211994,21.125872599070608,50.568768028108494,1252.1863832476338,0.0,5.0,0.034954276947520437,0
18.612590023495617,24.0,25.0,18.0,219.0,183.0,6.448372701542396,65.38490619884242,62.665335899492035,14635.947622085396,13.0,46.0,0.7622359793433883,1
0.10128919809435674,1.0,1.0,2.0,41.0,3.0,4.283145308408936,24.560776974721428,19.021675089346225,1345.9719326448053,1.0,7.0,0.0004445065930285612,0
8.015489005220179,26.0,32.0,26.0,197.0,170.0,6.135827927602612,70.15410304486105,70.81888707916457,18823.23476224443,25.0,41.0,0.8230297564429034,1
3.092281660418178,34.0,24.0,16.0,208.0,159.0,6.945581312738147,75.67118112892359,59.66694932051832,442.9768061374888,14.0,59.0,0.9055165781177605,1
8.641496790873429,31.0,23.0,11.0,213.0,203.0,6.821157374080578,60.01096282399277,86.27690859330548,99355.94874687881,14.0,50.0,0.7198083528101232,1
0.35372177259594434,1.0,0.0,1.0,34.0,4.0,3.412447729589162,8.741573290424862,36.71374051828549,1346.3895751136902,0.0,7.0,0.12605948102393194,0
12.972577185826996,32.0,27.0,21.0,210.0,169.0,7.280794188482098,97.02047759650219,63.06323640239583,4955.257835351902,11.0,48.0,0.8038341773861335,1
0.5075723533758029,31.0,27.0,19.0,197.0,170.0,6.919886954500283,61.02721793534894,90.80002003734111,23696.1884545848,12.0,53.0,0.7652655871803526,1
0.02290131676678112,3.0,1.0,0.0,56.0,6.0,5.363558245724505,4.1376100498383686,29.563155097207595,324.1582482064466,0.0,8.0,0.014654326260734624,0
1.3245962590770406,33.0,25.0,16.0,207.0,199.0,6.584093574217342,90.27559975943466,68.8069163961411,1353.4168033735011,9.0,41.0,0.6056505315374294,1
0.1603970803860402,2.0,2.0,0.0,47.0,6.0,5.175747650845586,6.931109387173539,27.805635732313156,2119.510136008724,0.0,4.0,0.020233687867524924,0
0.2865246229859621,3.0,1.0,1.0,41.0,6.0,4.520468180008705,15.823600218081104,42.46500389911407,638.8100095054763,0.0,2.0,0.012278568887967644,0
0.14904017983677945,3.0,0.0,0.0,46.0,5.0,4.856673442051928,31.303533295981325,4.955388665977985,2000.4341582099623,0.0,3.0,0.008353573257068942,0
5.941085187893577,32.0,26.0,21.0,225.0,194.0,6.427530257379381,78.76528677762747,64.63201024421387,21064.50276074216,21.0,42.0,0.9242510663240664,1
0.03186760064448906,6.0,2.0,0.0,62.0,8.0,3.1998791127099704,39.362172842059366,44.20242403572982,2438.6087766867613,0.0,5.0,0.0398226647044232,0
12.407778127771483,31.0,26.0,18.0,183.0,181.0,7.292567784585494,76.92592926210877,50.98708101851412,34042.9118272708,20.0,34.0,0.800605732014169,1
13.099765268738537,28.0,23.0,16.0,194.0,169.0,7.569827784777711,90.94926529266779,56.2899473467597,29037.802312603722,15.0,55.0,0.6669571276392569,1
2.9030036892136017,29.0,20.0,17.0,190.0,185.0,6.829113425903094,97.50951209842879,55.57757760255933,9609.385356768284,19.0,62.0,0.6633126498870033,1
2.6520718326405786,18.0,13.0,27.0,173.0,175.0,8.0,81.07199539103777,77.88829438348066,18918.370658147884,20.0,49.0,0.8892972442120929,1
1.8028141069075154,35.0,26.0,19.0,206.0,163.0,6.891053176171907,86.26350242314189,75.48430627486186,21888.77864349593,15.0,62.0,0.8831637430536223,1
0.08701838849766158,1.0,0.0,0.0,43.0,7.0,5.158967873015373,16.546281823208663,31.228813705808832,2167.227479006589,0.0,7.0,0.1276461292983144,0
0.43693501792151523,28.0,22.0,15.0,202.0,164.0,7.368661790256256,76.28989889775829,69.85359207414173,55576.40396109556,11.0,55.0,0.7839763285789928,1
0.29037990862169316,1.0,0.0,0.0,35.0,5.0,3.7513393788520837,29.168088958838815,28.165276918141394,137.49600507121787,0.0,4.0,0.014459024685160188,0
0.654339770818984,1.0,1.0,0.0,51.0,4.0,4.71139173633919,16.989004785304807,46.7597566014998,2295.7482164047333,0.0,3.0,0.0945398215379733,0
0.02069316023457162,2.0,1.0,0.0,59.0,5.0,2.2642400360527306,0.542916856898227,58.6535326971606,1414.1675285906706,0.0,3.0,0.023746858819026877,0
1.7119263994633127,34.0,24.0,26.0,200.0,174.0,6.5427435747568214,60.56226081530087,64.86828560292928,104459.98518494984,12.0,52.0,0.5786687985707055,1
2.9261963376646785,26.0,24.0,13.0,203.0,183.0,8.0,71.9952217203753,70.40055788695656,29906.67535215577,13.0,58.0,0.9681467261769655,1
0.3508972608033451,2.0,1.0,1.0,44.0,5.0,5.42185037042883,16.699558554329933,35.9095623235208,727.5286901584923,0.0,4.0,0.03561714929147645,0
0.12887028474349319,2.0,0.0,0.0,45.0,7.0,4.210616865232926,13.064921746578975,16.297212261993376,1231.438314177217,0.0,4.0,0.04505256202100908,0
0.007714244619794109,3.0,0.0,0.0,45.0,1.0,5.503954683390948,40.40947060115491,34.36327480845458,1711.2213615953633,0.0,8.0,0.025518109658202472,0
7.48971064780882,41.0,28.0,22.0,227.0,176.0,7.20992890406764,70.13086907908999,73.34110260571669,13967.731899816388,16.0,56.0,0.7299815122230621,1
1.980223513701416,24.0,22.0,20.0,205.0,186.0,6.924289806798294,43.852211272783876,59.147595811078965,32295.825188876348,15.0,48.0,0.7796006559750247,1
0.003954283447697768,1.0,0.0,0.0,42.0,4.0,4.880950889212075,27.167116015358904,26.40938006321457,4840.464603945373,0.0,5.0,0.011046004194619888,0
1.1740959292741775,2.0,1.0,0.0,45.0,4.0,4.390481564032364,37.73160099587186,29.480225342334816,6886.385284944533,0.0,1.0,0.03278262837742836,0
0.5532308517448592,26.0,24.0,16.0,204.0,169.0,6.868689289287283,78.50172910762859,80.49089028983508,17297.000760916973,11.0,57.0,0.7828248101846454,1
0.6695589062465482,2.0,2.0,1.0,69.0,11.0,5.2770029625172805,9.490912689458613,45.920295347182105,1903.5667008385642,0.0,7.0,0.0320953332411495,0
0.676730026299184,4.0,0.0,1.0,50.0,6.0,7.191794673814491,10.650200499763212,40.09305621818404,3538.383095210942,0.0,3.0,0.016772797266835785,0
13.164355492435318,32.0,20.0,14.0,187.0,176.0,7.0451715891625195,81.42005051545223,57.96617406766115,108549.52126342116,17.0,54.0,0.807863483467046,1
0.30115134814129146,3.0,1.0,1.0,53.0,7.0,5.319228147703257,23.818751771815286,44.78741924343055,2538.2071917341323,0.0,4.0,0.06481904175302002,0
0.6207809229470197,24.0,23.0,28.0,200.0,181.0,6.2712081117799485,59.05930646088781,66.20304935516137,25888.033978755117,15.0,48.0,0.8007378765104366,1
22.511754102291423,24.0,29.0,19.0,202.0,198.0,7.923755223160882,80.8616215168112,56.12428112232537,47793.348366320024,9.0,50.0,0.8230266430628853,1
0.18174828932607853,2.0,2.0,0.0,37.0,5.0,4.875803994230428,16.516391753421892,38.29722972410917,760.1474896406509,0.0,6.0,0.03485444398734893,0
3.448586146041154,35.0,18.0,15.0,177.0,181.0,7.008715417387067,97.44751148107122,54.66371859790358,93535.0061416505,11.0,52.0,0.848493787107513,1
0.006817676843262035,1.0,0.0,0.0,58.0,7.0,6.290408973517009,11.02227545443391,29.67698614657392,7051.432379208418,0.0,2.0,0.08296589832214869,0
0.2619856506134551,2.0,1.0,0.0,56.0,7.0,5.962200084046458,14.663016791657846,27.240723572632643,2033.1555046906851,0.0,8.0,0.020428797742149785,0
0.33403238505573063,3.0,0.0,0.0,50.0,7.0,4.113224802701715,28.104862476292713,36.22232297929034,409.15823987328406,0.0,2.0,0.02582310873908132,0
0.027618540462755952,37.0,32.0,15.0,214.0,171.0,5.827027181800123,83.22739290247135,65.62011450180714,65394.17865574063,16.0,51.0,0.8500282471951891,1
0.10741572492847194,4.0,2.0,0.0,58.0,5.0,4.677516620243727,29.862581381923935,11.728833865103407,186.52215291638694,0.0,5.0,0.028008656682387324,0
0.09946388807845921,2.0,1.0,0.0,35.0,5.0,5.586233284206994,21.933266188006048,24.514597883783825,2695.1299236501304,0.0,4.0,0.03847595504757157,0
8.024201197592957,24.0,29.0,17.0,180.0,182.0,7.167120229353335,77.3759012512583,65.60570129818302,166520.77730910748,12.0,52.0,0.5553324712591864,1
0.48194827314783584,3.0,2.0,0.0,42.0,4.0,2.2577900997273557,2.3201356240022086,22.2440134187885,1424.958455762751,0.0,3.0,0.011520553592687435,0
3.046857016925595,27.0,26.0,22.0,191.0,184.0,7.53003254180467,58.45383046287154,73.92456906428326,144732.08578062456,17.0,66.0,0.7809251850316904,1
0.7973035204850137,21.0,25.0,19.0,183.0,175.0,7.205145855199829,82.41830398089918,56.72840856727389,14306.027596826076,17.0,48.0,0.9002641223983009,1
0.22881513130586065,1.0,1.0,0.0,42.0,9.0,3.709332999680381,30.065646379964868,18.94729253389247,5.065202246646701,0.0,7.0,0.030419215551201684,0
0.38836615621811604,1.0,0.0,1.0,48.0,3.0,5.276548546928666,17.10085637025875,37.81143133025636,107.73821751003958,0.0,5.0,0.032677865289934424,0
0.4130331938810818,1.0,0.0,0.0,56.0,5.0,3.712585217101145,23.6604771985666,57.25456561325501,3405.6604312363997,0.0,3.0,0.0047447328878646175,0
0.08330784097819599,2.0,2.0,0.0,54.0,3.0,6.525963602549069,24.56245872232134,48.279718825574705,1726.5223777997257,0.0,5.0,0.007945815256507015,0
16.319717122953968,31.0,24.0,21.0,200.0,163.0,7.745308612875804,79.29269855844568,66.56762081807767,37570.293563495274,15.0,44.0,0.8478267913431357,1
3.927226491725625,29.0,19.0,22.0,179.0,192.0,7.004839972196255,75.24457715953783,60.1578859742331,41853.06069005186,14.0,47.0,0.8947220267787533,1
2.4772997060603705,35.0,24.0,16.0,217.0,168.0,7.759111083830044,90.38589426982641,67.82172851662459,64685.94152147516,13.0,48.0,0.8565139304807593,1
0.06190003906636505,3.0,1.0,1.0,51.0,7.0,4.919856558158782,0.0,31.399963963043092,1737.7923979315303,1.0,7.0,0.10079060340325628,0
0.0017325916548761562,4.0,2.0,0.0,51.0,6.0,5.086023744055136,0.0,0.7615245704067348,8715.991317921436,2.0,3.0,0.013313681896315167,0
0.23736713939453924,3.0,2.0,0.0,38.0,4.0,3.3562664605035453,14.808740002795062,42.450518828017216,3464.724744352133,0.0,5.0,0.0171134755406814,0
0.25930552240579874,2.0,1.0,1.0,57.0,5.0,2.994306127831254,15.613802114876487,32.33437761302203,479.1357860442284,0.0,5.0,0.12203015809068186,0
0.20049609889857492,1.0,0.0,0.0,52.0,6.0,5.569413764731721,17.885084212452007,49.92433431460964,4304.394111992134,0.0,6.0,0.06484999745968945,0
18.059163263195543,30.0,28.0,21.0,198.0,167.0,7.171981376315032,95.78459439811165,59.233863615059164,147758.7094436696,14.0,45.0,0.7968566010810302,1
0.2903326522688557,2.0,2.0,1.0,55.0,1.0,3.185255642921441,9.475093790285573,35.23401359911549,2249.542118500836,0.0,6.0,0.05580444861809176,0
17.14261344648742,43.0,13.0,11.0,219.0,185.0,7.991120189402759,64.01144983270873,49.683669668184464,27748.349587161185,15.0,41.0,0.8082824808043159,1
28.112936240709853,36.0,30.0,12.0,221.0,194.0,7.110449841204883,83.21512030909236,72.03671343391774,123513.7910593716,14.0,45.0,0.5276730107384421,1
0.15672170473637917,1.0,0.0,1.0,42.0,5.0,4.061319891387221,22.6856061212434,29.172779377666455,579.6070264225424,0.0,8.0,0.07527781032408824,0
0.5243929887860548,29.0,25.0,14.0,182.0,176.0,7.345729203804367,93.70453790476073,62.55032144270919,15707.288216564988,20.0,48.0,0.8544554181053314,1
0.13743884473701945,1.0,1.0,1.0,55.0,6.0,4.94622315257829,42.005944609534296,20.752768925727867,2677.6364850933332,1.0,3.0,0.00812196091954461,0
0.6162106671007195,4.0,0.0,1.0,51.0,5.0,4.90102379966606,31.992375566092388,43.84964861189218,975.2700221219496,0.0,10.0,0.03568636168993119,0
0.4540275690388396,2.0,2.0,1.0,40.0,0.0,4.586532441080155,28.849384811937618,28.919036538819583,467.70231800107257,0.0,2.0,0.027969183459604346,0
0.04785791526806485,2.0,0.0,0.0,48.0,5.0,3.3426717309338443,22.305488382242373,57.03971290484934,536.3799735986283,0.0,9.0,0.0023101719731061354,0
0.4751450101911925,4.0,2.0,0.0,47.0,5.0,4.898553351491571,23.71588550068787,64.87235992432943,327.2262101625602,0.0,3.0,0.13668322282114292,0
3.01248282264372,23.0,14.0,20.0,209.0,189.0,7.364166152745647,44.31880548115632,82.75425843201695,15755.999916406296,18.0,37.0,0.9127700734281013,1
1.5544860846109436,23.0,24.0,20.0,203.0,173.0,7.655494084110648,67.65698537368542,75.42233047523422,43972.208936302675,22.0,45.0,0.6798358581566668,1
3.962925005709266,43.0,26.0,17.0,191.0,175.0,7.58085667035526,66.45429253116251,67.38772191186257,7035.730850808952,11.0,47.0,0.7734545441981082,1
0.18517493544208566,32.0,30.0,21.0,199.0,183.0,6.7392054527297365,93.47412919053147,69.02297920138562,93356.90304615864,11.0,48.0,0.6073497039303514,1
17.94731688623782,19.0,21.0,15.0,186.0,217.0,7.001195959725486,84.13795818514524,76.39595219102829,17493.776686953664,14.0,45.0,0.9832992400424888,1
0.10542440691969167,3.0,0.0,0.0,50.0,9.0,4.275385162063419,18.568124399739453,47.27034714485859,1697.1981620147717,0.0,2.0,0.0045234040656158495,0
6.4715886408194105,34.0,33.0,21.0,192.0,160.0,7.450690288901885,100.0,57.64005254266295,14128.929735004189,16.0,47.0,0.9274055220757634,1
11.30727852985015,34.0,23.0,22.0,184.0,174.0,8.0,96.89096902556058,52.37521300113944,46885.88473784302,15.0,47.0,0.8349783296902014,1
15.458305457017664,20.0,26.0,18.0,205.0,186.0,6.492045099658383,69.87571704701804,65.66762774709912,46587.70444430132,20.0,47.0,0.49434049492310994,1
0.4403752607466586,27.0,21.0,22.0,216.0,169.0,7.689535429281466,79.22290402939147,69.67674287596017,42767.204627748804,7.0,42.0,0.7699295664555024,1
0.017977170031144754,2.0,0.0,0.0,54.0,3.0,5.622499796859431,5.343786961352281,23.493756843225903,602.9293727692548,0.0,6.0,0.007209013360366084,0
5.3568515637339384,24.0,31.0,16.0,222.0,169.0,7.583346272816891,83.51643412938573,91.5089992738574,56053.94065186391,12.0,53.0,0.6962376444655078,1
3.6254502383212444,29.0,27.0,14.0,199.0,176.0,6.264337374018655,92.65333324683449,54.1986163062359,27159.820890767773,15.0,54.0,0.6513068180724083,1
0.605886191466159,0.0,2.0,0.0,45.0,8.0,5.060927765743718,26.7893715936758,42.51379163999059,701.2845090092942,0.0,6.0,0.03632187776017866,0
12.862925277995387,23.0,11.0,21.0,230.0,177.0,7.015309885033793,62.77486847581391,82.06316600063906,95905.6949398827,11.0,49.0,0.7590832153209552,1
3.2482909954701142,32.0,31.0,21.0,198.0,191.0,7.470106284627137,62.43942489714767,76.61884840466506,40071.40433076466,18.0,44.0,0.8560069694145146,1
13.05250156592302,27.0,31.0,26.0,231.0,161.0,6.767327871223763,78.34215532903943,83.13861784481556,6965.24265297708,20.0,48.0,0.7538178276847396,1
8.362202000404379,24.0,32.0,23.0,205.0,172.0,7.190814725013842,66.23393994992949,76.23200941523694,21377.61748170764,9.0,58.0,0.8836315661860845,1
0.27609852682614733,2.0,3.0,0.0,50.0,7.0,4.312652726752122,37.482642300112815,28.316753728534746,1180.8481264923657,0.0,2.0,0.021713913969873207,0
34.34154690616075,36.0,23.0,20.0,195.0,185.0,7.171078145202779,66.18151003894862,49.23471424234998,140954.46119213558,11.0,70.0,0.9947626445250201,1
0.010130053711657216,3.0,1.0,0.0,53.0,5.0,4.097151517664822,4.848345333949052,58.23829890365239,682.9538528644838,0.0,5.0,0.026272484354859047,0
22.908553836310574,23.0,31.0,15.0,184.0,154.0,7.973206596744283,100.0,69.56751117181983,6623.4614965415285,9.0,47.0,0.7133934083033163,1
12.285224301850747,29.0,22.0,27.0,209.0,142.0,6.432521736362131,76.17547440245114,71.70573520492296,20329.574701307007,12.0,54.0,0.8140823917349653,1
0.5536112976185915,1.0,1.0,0.0,58.0,5.0,4.636476607912004,29.060926237765614,36.18550065529281,3526.0576315351104,0.0,7.0,0.052027341137840986,0
0.060241525862587644,1.0,1.0,1.0,60.0,5.0,4.4128947946414705,14.579051662845256,18.11073226565584,1558.703492424621,1.0,7.0,0.1877177450200677,0
0.093870164332946,1.0,1.0,0.0,55.0,5.0,3.166353643397801,22.057146516356898,27.68640952633944,3478.105775831796,0.0,8.0,0.002830982426066296,0
2.7396187584607965,44.0,25.0,14.0,182.0,206.0,7.085807840664175,77.48729468161663,88.93635685194266,105812.17342901534,20.0,48.0,0.7803529714430212,1
0.04413913464585601,2.0,0.0,0.0,61.0,2.0,4.398397017472362,22.934996407169066,31.262341551555693,3640.308287223074,0.0,4.0,0.034447113718151255,0
5.664850359201244,26.0,24.0,11.0,186.0,180.0,7.309217093815758,80.06554278316231,70.67932485903985,6759.27488862494,21.0,64.0,0.6680635062253112,1
0.10394187859129417,4.0,3.0,0.0,55.0,3.0,4.2414247929291795,12.884084160421162,32.76738696846733,1405.8326003036873,0.0,6.0,0.020407414263882116,0
0.02535583417066756,2.0,0.0,0.0,47.0,1.0,3.8558231444320556,15.047858110991779,18.661722523404563,470.1326977072119,0.0,5.0,0.02425502619340433,0
0.08939362594166896,2.0,1.0,1.0,44.0,5.0,5.274421403605489,18.146766436487194,15.772367582635997,490.1570966131252,0.0,7.0,0.023738979992286215,0
0.7244196144629038,27.0,26.0,22.0,172.0,193.0,7.8809541164932595,61.57481907461208,86.28205984832195,52070.04197233476,20.0,30.0,0.8695968958225351,1
0.2387093538416795,3.0,1.0,0.0,44.0,5.0,6.134661024246238,23.28813653042261,44.74845207538486,5651.091764825329,1.0,5.0,0.024192391132215336,0
20.147840513603885,28.0,23.0,11.0,194.0,180.0,6.664017160307986,84.73086327415916,64.08397203929437,787.6559203382219,14.0,53.0,0.9440678326757622,1
0.11805962604092604,4.0,1.0,1.0,59.0,4.0,3.8725923616766424,1.0996073639497972,42.41227511867655,257.94353092621674,0.0,3.0,0.004993614967616915,0
3.951094998279154,23.0,29.0,23.0,173.0,164.0,7.472570976681678,53.586649590892584,75.81983009047357,125120.02708865282,19.0,52.0,0.826199210260469,1
7.968475298074717,30.0,21.0,23.0,191.0,191.0,8.0,65.46847180499248,83.39148484841921,81907.94581974753,15.0,51.0,0.7813810756865619,1
11.58985532833535,21.0,27.0,21.0,204.0,191.0,8.0,76.41369142019147,57.91720080904842,116356.48922118515,23.0,61.0,0.6277222936969385,1
5.741773755104691,31.0,20.0,20.0,202.0,167.0,7.7786556300472585,84.47333933362482,64.58297603693747,34406.63849231744,15.0,44.0,0.7070855871078993,1
0.2531140669158429,3.0,0.0,1.0,58.0,1.0,5.08375014366301,16.068007550190877,24.903204635381837,1263.189780329247,0.0,5.0,0.006033415120345039,0
0.9157737484682875,32.0,23.0,18.0,203.0,175.0,7.413275361790579,77.77452060480896,54.69745951057381,69584.21245362634,15.0,54.0,0.908694871291021,1
1.5353276628577095,42.0,29.0,15.0,183.0,193.0,6.784343718242544,63.49671914034438,61.085959883704554,54956.45728322748,17.0,41.0,0.8976461401092782,1
0.07386757678228,3.0,0.0,1.0,63.0,7.0,5.030322881436889,1.0399411122544713,15.720723331356883,3370.396983308858,0.0,3.0,0.043563589764949465,0
2.5416482437983765,34.0,22.0,22.0,194.0,154.0,7.577361640067429,80.74351622229354,67.63514175933264,67462.27219840411,22.0,63.0,0.8544843298999143,1
2.110355588195549,35.0,24.0,19.0,212.0,175.0,7.157166795245902,66.2283534169041,71.98579397602438,31332.52193010389,20.0,58.0,0.8767648648863041,1
0.6181799262054766,25.0,21.0,15.0,211.0,177.0,7.063277909565569,70.55731548340707,75.23933683051678,101949.95880192392,20.0,54.0,0.8127450030927729,1
19.820926779793773,40.0,36.0,18.0,199.0,157.0,7.738774318122802,81.90155287995319,65.18353261931532,128764.52122754478,11.0,52.0,0.9796186235542602,1
0.20354738780020792,2.0,0.0,0.0,50.0,2.0,4.905314636204498,19.252625341436545,43.539185260176005,81.18403651222697,0.0,5.0,0.12210946791687068,0
7.623973892610613,36.0,18.0,20.0,192.0,186.0,7.403568150395899,71.9828978783216,75.07328941858461,40552.757589083645,20.0,53.0,0.730319157164618,1
3.806051246005521,27.0,19.0,13.0,207.0,173.0,6.495478315687191,83.50471059259716,65.70891230752073,110561.03844785404,18.0,48.0,0.9279516741300275,1
0.6120807729655382,28.0,21.0,21.0,209.0,154.0,7.260847132156991,78.12812730159827,76.29792111422255,163168.72182107397,16.0,50.0,0.9187164846721319,1
0.09608439858083787,1.0,1.0,0.0,47.0,5.0,4.073791099740929,7.997506688299033,28.426753514392065,694.328164742091,0.0,2.0,0.03174526314393438,0
0.4630178345626758,3.0,2.0,0.0,48.0,3.0,5.136368854779848,32.662982636734554,46.62869382184767,5175.657471475651,0.0,8.0,0.004516132045138365,0
0.24303970820595241,0.0,0.0,1.0,43.0,3.0,2.897108234736042,29.96166354398644,26.7010372905196,9651.589895776677,0.0,8.0,0.015363163018735108,0
1.3739198932500996,26.0,23.0,19.0,202.0,196.0,7.26283673610804,61.750828141324654,59.39414914912117,15091.614997730645,16.0,42.0,0.8622202357370782,1
9.35950657040963,29.0,24.0,19.0,197.0,187.0,8.0,74.96989056034076,55.01659084266002,19570.026743550286,17.0,52.0,0.8628546259042764,1
7.57439583026875,34.0,20.0,19.0,216.0,179.0,6.85456718468891,77.54973528685115,80.78705784401437,23917.50616408714,19.0,60.0,0.799065964393902,1
2.9666101252370964,31.0,18.0,17.0,194.0,172.0,7.778791233087736,68.94409718160853,77.33227517774478,78928.90777274118,16.0,41.0,0.7499266252435802,1
5.696538996545599,30.0,27.0,22.0,213.0,193.0,7.898190104023378,77.08561167111985,67.52378380197342,4150.261894093758,16.0,48.0,0.7137023498588306,1
0.0639087095579892,2.0,1.0,0.0,55.0,0.0,3.031817508913023,19.872013301289158,22.9910198226467,2918.737190647775,0.0,3.0,0.03176441217183115,0
0.3733791286764852,20.0,26.0,31.0,218.0,181.0,6.998403161428387,84.00295542794495,68.24585708423805,147236.14772673626,10.0,47.0,0.9325350822273022,1
1.0836928218488777,0.0,1.0,1.0,54.0,3.0,3.882354641122134,13.08082814657576,25.68253997009981,3767.8719779571256,0.0,6.0,0.018561490082591923,0
0.2284006897724195,3.0,0.0,0.0,52.0,3.0,3.929897384736595,10.210905533439448,15.71396052841322,2333.604120027625,0.0,5.0,0.003478751950647616,0
0.8688515048623308,2.0,2.0,0.0,49.0,3.0,6.105934138728761,31.71559010470227,29.082476993196558,5418.6814157124045,0.0,2.0,0.03433216918207592,0
0.09300775881339773,40.0,26.0,21.0,184.0,189.0,7.8647282243982195,74.34124327904912,50.61326388287106,45748.59756613245,12.0,53.0,0.8051545946185732,1
9.409197727477672,30.0,23.0,20.0,205.0,178.0,7.376115816839831,61.364788565679156,88.9784333130463,9852.395018823503,19.0,49.0,0.8301643921106377,1
5.101229291392112,33.0,26.0,24.0,192.0,181.0,7.255052425728927,60.66082313409173,69.0907088382069,685.9387180751385,12.0,41.0,0.4289799982007131,1
0.2611359204877331,4.0,0.0,0.0,33.0,3.0,4.326079187401484,29.516400623246152,42.63731444920984,124.83953209817868,0.0,6.0,0.036131237928479255,0
12.284181881629848,33.0,28.0,20.0,226.0,148.0,6.370458611249648,66.87713117525847,57.60955538391023,4477.922104045644,19.0,55.0,0.9172535614177625,1
11.10993443244812,25.0,33.0,21.0,202.0,195.0,6.67563171687387,78.65839536438743,59.60776128982142,16332.440953866135,10.0,50.0,0.9254245205891475,1
0.17266424800946814,0.0,1.0,0.0,59.0,6.0,3.2756997857555215,28.662652183210668,46.38467557286402,644.9004651229675,0.0,3.0,0.00658416138599741,0
9.33097339233002,24.0,31.0,17.0,202.0,167.0,7.796953535069601,89.13428822364305,70.15183466848592,95543.10629351206,7.0,52.0,0.8667273822581316,1
10.271508032720059,32.0,19.0,21.0,201.0,175.0,7.142344584233217,66.5723102861256,70.27616147492752,6443.638536059927,16.0,54.0,0.7596924187811628,1
0.38704093116611327,1.0,1.0,0.0,46.0,5.0,4.589855755242562,27.480408052698735,48.439060918117264,1035.3064241207517,0.0,5.0,0.12278132875348083,0
0.0015223311155391007,0.0,1.0,0.0,50.0,11.0,5.259340292802117,18.844571627247745,51.42234428644668,1875.9096807579251,0.0,7.0,0.08922210303379922,0
0.0388622814014857,0.0,1.0,1.0,51.0,6.0,4.744257667475431,19.72445689744523,50.16514730535994,7131.609818957348,0.0,3.0,0.019736940223300165,0
0.2674192126994834,1.0,0.0,0.0,55.0,3.0,3.1510451956573675,38.47669102118555,24.435316857497916,311.8571598976109,0.0,4.0,0.06599155846657197,0
0.9862139769805806,6.0,0.0,0.0,55.0,4.0,3.120317740873826,17.358318937440885,58.33319460734171,5981.304320009725,0.0,7.0,0.0012817865060757853,0
0.09796443558934366,2.0,0.0,0.0,38.0,10.0,4.866204538236972,25.945928416180895,6.597456983491469,1139.452657975912,0.0,5.0,0.02909264538762862,0
0.20348803000250804,1.0,3.0,0.0,50.0,4.0,3.5756795629892912,17.741641402927183,50.60255624639795,554.4425974769973,0.0,7.0,0.00584276760947433,0
0.09399983898373722,4.0,2.0,0.0,53.0,12.0,2.7307299177012236,20.948445593905365,42.263376324910254,4990.0141085936475,0.0,5.0,0.08961962988376132,0
0.5404161261487175,0.0,1.0,0.0,54.0,8.0,5.904103435205101,29.312116687382726,24.123016392183217,975.741180794209,0.0,4.0,0.0067079805431480895,0
8.64143008413609,28.0,27.0,16.0,236.0,175.0,7.784797968121002,43.68824044080738,67.42766925998198,168146.2362371839,18.0,49.0,0.7143498774520848,1
0.03195696106546844,2.0,0.0,0.0,64.0,6.0,5.01463632406669,17.908133222663622,41.0454386907927,1074.7982974047993,0.0,5.0,0.07193623026661354,0
0.05274250755001885,2.0,1.0,0.0,66.0,6.0,5.161889603517041,17.058574304247237,39.576947806966025,245.5148382784225,0.0,6.0,0.0032485635555634523,0
0.8270182485209232,31.0,20.0,18.0,213.0,186.0,6.6209315272191915,95.16746588553983,67.9725813926454,32507.4537405544,15.0,46.0,0.8906192524597603,1
0.07906144950530498,2.0,1.0,0.0,49.0,3.0,4.845303297353404,6.770450577195232,31.070516689019314,117.36565873807741,0.0,6.0,0.056910507397228055,0
1.0468226502995766,35.0,31.0,24.0,193.0,186.0,7.080692754969217,95.8894080504175,53.75815498410198,68076.9787238222,11.0,49.0,0.8063855875149132,1
6.785415050341041,29.0,26.0,18.0,199.0,174.0,6.685970766960545,51.63590803337674,78.91393163951749,54633.64351156116,12.0,48.0,0.7563108134341968,1
3.2274117847252963,35.0,34.0,24.0,201.0,170.0,7.794345347497183,75.887680059791,61.93531303790344,50166.95166546101,11.0,43.0,0.9408156245604234,1
0.003327768006460159,0.0,0.0,1.0,58.0,6.0,4.271968283709598,40.280478497139,19.7442080790677,548.0388167738807,0.0,6.0,0.11928977279704896,0
0.013235699585550568,3.0,0.0,0.0,50.0,7.0,6.25276588617367,30.25789429834216,55.43159581492087,1029.5968037404189,0.0,6.0,0.0034511060479390783,0
4.647804137838025,24.0,18.0,30.0,218.0,199.0,6.944087453590527,77.54439864655636,59.64445333803653,30433.296162125855,14.0,53.0,0.6217426736512862,1
4.341911317190458,29.0,31.0,21.0,195.0,177.0,7.364068129579918,61.698127072604294,72.86822169126336,47434.59831640799,15.0,55.0,0.8236016427091082,1
0.3037328676012813,2.0,1.0,2.0,54.0,3.0,3.546922211700469,28.566008465286505,51.407154810684375,4259.675685003856,0.0,4.0,0.036806273421018255,0
5.090088708995254,30.0,35.0,18.0,217.0,171.0,6.590737743901794,60.03208618288357,59.599912191662156,12059.206582397905,16.0,58.0,0.971299424671239,1
0.20334628276606473,0.0,0.0,1.0,39.0,3.0,6.273346472770756,22.96594543674097,38.238636110216845,1082.1588846211864,0.0,2.0,0.052271684631176006,0
3.5715929560157127,29.0,23.0,21.0,191.0,182.0,7.265916406161575,71.54523788929072,60.892826564136975,18588.111706274784,14.0,56.0,0.8586001090012466,1
0.30924814735349454,2.0,1.0,0.0,53.0,6.0,4.364905400416688,27.170790290656974,19.067658162098677,1189.8665337659215,0.0,6.0,0.016948587599649404,0
0.11711514086444232,1.0,2.0,1.0,47.0,7.0,5.147917588333574,21.771637608623962,7.5769101920393105,8127.753724392442,0.0,7.0,0.06270007439672129,0
0.3449010382791747,2.0,0.0,0.0,46.0,3.0,4.211465890815524,24.830524341038057,33.2784250869674,429.52179479290163,0.0,8.0,0.010261387019969103,0
0.5442260551862798,4.0,0.0,0.0,36.0,3.0,5.7740751564877035,20.086946204007933,64.4621202343404,7542.550989771023,0.0,3.0,0.14824438487306166,0
0.5667568393600168,39.0,30.0,18.0,173.0,180.0,6.354911759945458,77.3261240112639,60.62403476191274,2359.1260157755455,10.0,59.0,0.6872122872238275,1
0.48101175690693754,1.0,0.0,1.0,41.0,4.0,5.364600586388684,19.170270943483864,37.79356639183808,926.8103412957607,0.0,4.0,0.03687537183047992,0
19.0066133374226,33.0,31.0,18.0,202.0,173.0,7.971100314458344,98.47943869930374,71.1882065705103,40254.39870000071,11.0,51.0,0.9200148162494082,1
0.10365465360072068,3.0,1.0,0.0,50.0,2.0,4.4122834935415955,4.44683000207017,45.29814822764543,885.5262382295487,0.0,9.0,0.02180169786545129,0
0.09567786192901051,3.0,3.0,0.0,33.0,4.0,3.942023110580196,26.307792702521226,47.15677051809933,83.19425187901334,0.0,8.0,0.002814342990334981,0
1.2632331354993551,34.0,28.0,21.0,189.0,194.0,7.624252033781716,70.83340512013329,87.58034497912274,6686.150959400397,7.0,59.0,0.7793344821547173,1
0.09159604175373824,2.0,1.0,1.0,50.0,3.0,5.227352109581682,20.21551212050941,6.980762570274674,5881.755349691226,0.0,3.0,0.061169004354759714,0
0.28295989722880693,3.0,2.0,1.0,47.0,6.0,5.092324728205216,26.85678277122469,29.673519762022703,495.37913104482334,0.0,7.0,0.0005380874964545776,0
0.4704586248663446,3.0,0.0,1.0,59.0,6.0,4.46222643056549,0.0,33.040876881428694,2043.4416566565208,0.0,4.0,0.016491308336584378,0
11.084276909308723,21.0,34.0,20.0,194.0,202.0,7.230080691291995,99.04887917838931,65.49418288548439,52609.59590091099,19.0,54.0,0.6180655551249723,1
0.03750786960223688,0.0,1.0,0.0,60.0,4.0,4.664885966803606,22.64457777444623,35.161832190933886,1061.6099297519904,1.0,6.0,0.035604624515678404,0
0.03512000087419844,2.0,1.0,0.0,62.0,3.0,3.3244916869494014,38.00133040402787,35.91410149994331,4939.418289369884,0.0,3.0,0.018512113217596573,0
0.304466807677806,1.0,1.0,1.0,35.0,6.0,4.026545743439171,31.51280275071432,52.890767913098685,343.6946339935996,0.0,9.0,0.049690795754812805,0
0.1412810366182669,0.0,1.0,0.0,40.0,3.0,5.052668967022764,15.030445184305126,32.340822855683015,6923.460180847949,1.0,8.0,0.07428309497082311,0
30.944287691116063,24.0,22.0,24.0,208.0,200.0,6.594172658160947,89.01948221427796,78.60618509906898,101828.73753689279,13.0,47.0,0.974244128194835,1
0.5099692828996556,3.0,1.0,1.0,52.0,1.0,4.105678740916259,21.69759064787222,31.551196859946,750.751903219462,0.0,4.0,0.018593723584615293,0
0.4914594963508054,1.0,0.0,1.0,41.0,6.0,5.0611077487342975,24.476359805878413,62.265538608864674,1395.9251683597222,0.0,8.0,0.15463334779932617,0
5.735578318655521,32.0,29.0,15.0,185.0,176.0,7.35940201019343,77.59298320617222,71.40204052188851,85811.45537986052,19.0,55.0,0.8021562041015267,1
0.8326129260982708,31.0,28.0,20.0,215.0,186.0,7.625772821394548,58.053748629113855,68.0940856341153,41692.94076761245,12.0,45.0,0.540674080879654,1
0.02039008205374694,2.0,1.0,0.0,46.0,6.0,3.1933307690235395,23.04581462119787,32.94015603839597,414.77921707538474,0.0,4.0,0.1364752142433727,0
0.24319547779241818,0.0,1.0,0.0,51.0,10.0,4.236671547397355,14.7326080911809,58.56064614398094,309.09857368014076,0.0,2.0,0.0023908578763095064,0
3.2503053958846793,27.0,32.0,14.0,197.0,213.0,6.986579065505801,94.5326394561954,61.95128566562352,33817.651139766196,17.0,61.0,0.8309487849118588,1
0.6947960054725576,39.0,29.0,17.0,210.0,195.0,6.58972017577605,83.40981982651165,76.46121203182601,108387.66267609001,15.0,48.0,0.8216453880005165,1
0.8148625961627983,1.0,0.0,0.0,39.0,4.0,5.7190316718317575,0.0,41.48696698767412,196.09464373326603,0.0,5.0,0.02529599772002331,0
2.6072254888799704,32.0,24.0,5.0,228.0,175.0,7.014343173014291,75.18429145528752,67.44948229833284,8844.947757992797,19.0,52.0,0.6124718536936841,1
0.11582620417203159,21.0,28.0,21.0,215.0,192.0,7.940360628719993,90.99941148062952,52.07386942103608,57458.338975482824,12.0,42.0,0.8323752475138545,1
7.259097985855955,26.0,19.0,27.0,204.0,185.0,7.0114670331135205,100.0,66.71051117543232,129177.60655190684,15.0,41.0,0.9376737501350495,1
10.023065656177577,31.0,25.0,19.0,200.0,174.0,7.2583235981034875,83.67443929292446,52.768867429208555,11485.315476705198,14.0,38.0,0.8358637075928551,1
3.054797788722144,30.0,24.0,17.0,197.0,187.0,7.76082197585359,71.75166076890042,67.43095029336853,55539.68567958882,16.0,54.0,0.6814033579763595,1
7.297975002340078,29.0,20.0,24.0,208.0,184.0,8.0,75.77931521101603,69.10372526085611,232310.30291394616,21.0,53.0,0.8349101100060965,1
0.028004693862906542,1.0,2.0,0.0,46.0,5.0,2.636996052469157,8.999374117588001,27.97579859644736,7142.017550698306,0.0,6.0,0.08803861497262092,0
0.09431034171843238,1.0,1.0,0.0,47.0,3.0,7.020107908822168,0.0,43.884077998771474,1204.1458424344175,0.0,0.0,0.050089143035494214,0
1.9178796170774557,27.0,22.0,25.0,208.0,177.0,6.528422696604652,78.03802718631091,59.58686780711003,112076.85656716979,13.0,47.0,0.8817424220078236,1
6.187540899483614,35.0,29.0,16.0,194.0,173.0,7.52346346250491,79.8104555001005,84.76593717703041,11603.158107260784,14.0,53.0,0.8027500076903302,1
0.31616659019580806,3.0,1.0,1.0,39.0,4.0,4.419074439041403,13.289128015969478,40.91728787834684,109.85254924758287,0.0,0.0,0.01720843023226545,0
10.78571471091485,39.0,32.0,14.0,189.0,191.0,6.881725743651139,97.1512293714487,70.03881165666823,25127.57291795102,22.0,55.0,0.6757749845617059,1
18.868663259335992,34.0,29.0,22.0,173.0,172.0,6.675525740737436,73.95025253800863,69.39036107479275,112109.96747487636,19.0,59.0,0.9132142859869848,1
0.10834621201546504,2.0,1.0,2.0,57.0,4.0,4.3854908675319715,5.054584413386301,52.84594383626937,8337.52597538063,0.0,0.0,0.04148257047416969,0
2.2208391866115345,30.0,21.0,19.0,174.0,174.0,7.609409001258041,40.56709700063054,67.21902400969648,43496.21504609835,19.0,61.0,0.841111312383504,1
2.3432654179351804,22.0,26.0,19.0,204.0,195.0,7.960087679228352,56.925779446783636,61.012225695396985,122061.38483820068,12.0,68.0,0.8210278134225016,1
0.6792727947858693,0.0,0.0,2.0,53.0,2.0,5.475114521120707,19.427484322538135,24.003021129127614,5488.843789228048,0.0,6.0,0.06788235846473835,0
0.08161458666269857,0.0,0.0,3.0,51.0,6.0,4.5295854267290725,7.784246329551522,45.52142545244459,1676.0429058581767,0.0,8.0,0.008855509126536494,0
12.156208095017353,28.0,26.0,18.0,207.0,194.0,7.193661272569431,66.55022247095273,53.058358413486815,9602.903697286649,16.0,45.0,0.7817264146853375,1
0.24409512657142265,4.0,1.0,0.0,53.0,4.0,5.507868354191521,25.48735831492293,63.70568888009976,3139.50922020661,0.0,2.0,0.0998074432859537,0
11.851132996622027,37.0,25.0,23.0,202.0,186.0,7.277235148704288,95.74310042732955,78.7836591199277,36225.786906224,10.0,53.0,0.7961472803486932,1
0.2555991873165791,2.0,0.0,0.0,49.0,6.0,5.073773772428019,7.129071692007404,39.60173803800054,6321.007048424934,0.0,4.0,0.13528380319284075,0
0.8828471210991633,5.0,3.0,0.0,55.0,5.0,4.605007214892136,20.496975930026764,35.516635823191415,1748.039539630624,0.0,4.0,0.0063247593606001054,0
4.311792802882785,36.0,28.0,24.0,196.0,164.0,6.808419263753449,87.63875575748128,66.1565102234546,33726.75645748953,10.0,57.0,0.9484138099586631,1
0.1803168413888355,3.0,0.0,1.0,54.0,5.0,5.387932544798412,38.42910963016902,4.892359664040949,2201.1854766920383,0.0,1.0,0.08648834084837567,0
0.10552139436902964,0.0,0.0,0.0,55.0,2.0,4.975660561418247,17.533087163743936,34.95203722329696,2432.5432979049237,0.0,4.0,0.004635572909257054,0
16.619680343583312,34.0,25.0,11.0,203.0,179.0,6.864772694267359,65.08958398839232,73.4318145317988,107116.74995119408,13.0,57.0,0.9655326219363938,1
0.05581138203137818,1.0,0.0,0.0,48.0,5.0,4.527990295807072,22.95449932616162,21.538298036965728,1435.921260745324,0.0,5.0,0.029544276632940604,0
12.295685066799022,25.0,30.0,25.0,184.0,165.0,6.984836358288743,86.46210213119609,75.1810108293828,11637.64268803371,16.0,59.0,0.8544247123762438,1
0.6053850142103744,2.0,0.0,2.0,45.0,5.0,3.8333010128565133,0.0,29.242843069808018,416.70669784051717,0.0,6.0,0.011084216651301219,0
2.3072091231861798,33.0,22.0,13.0,200.0,197.0,5.894974663170841,63.03948666283294,73.6190253779312,92257.83084241916,17.0,64.0,0.4574378404595641,1
0.14384210992742882,3.0,1.0,1.0,49.0,5.0,5.482117875346927,6.149892639961772,58.22172121082784,898.7146726683183,0.0,3.0,0.0688896481625812,0
1.0511125663127887,1.0,1.0,0.0,49.0,6.0,3.980222731746441,40.462816562890794,6.486978421849315,3100.2423241405004,0.0,1.0,0.059088148573143054,0
0.49046705750433217,25.0,29.0,28.0,189.0,212.0,7.237171809155214,71.0225307554747,74.25061700232742,14409.953858715528,16.0,44.0,0.7206908777300263,1
1.682623869212717,3.0,1.0,1.0,60.0,5.0,3.1950261691147634,34.01358652683081,0.0,1665.4788649843763,0.0,5.0,0.07115351782874975,0
0.2098318357823369,2.0,1.0,0.0,50.0,6.0,4.907097229598012,5.441817148494081,56.657010716594215,1276.1421605866963,0.0,6.0,0.02331070744771434,0
0.24478665329039437,2.0,0.0,0.0,49.0,4.0,5.169217486933525,5.999120156325315,33.17480628149715,184.82007355300667,0.0,5.0,0.009876364293142394,0
0.32027525720526273,2.0,0.0,0.0,49.0,6.0,4.325074337710344,24.422793360073822,55.53390226132478,2203.153923410368,0.0,4.0,0.041908715170053144,0
9.933167103357828,24.0,24.0,21.0,176.0,189.0,7.539632697645723,75.76864076824066,62.95920541455936,8697.96665817576,11.0,41.0,0.6894017336136754,1
0.15824146535091865,2.0,1.0,1.0,42.0,9.0,5.829078673989019,20.070126793477726,72.57254130115173,546.8115588374893,0.0,5.0,0.0352252563630241,0
0.23107750898844676,3.0,0.0,0.0,45.0,5.0,3.923594350997454,25.87153766832767,23.226445930857192,3525.6211553298667,0.0,5.0,0.14630296415286748,0
6.954631733809022,23.0,27.0,15.0,181.0,189.0,7.634661424975659,62.819926418793514,70.52755222589131,117299.11478256571,19.0,45.0,0.9874656369044311,1
6.043470362839098,18.0,21.0,14.0,189.0,186.0,7.009960675276247,95.09899900237784,60.653241562836435,41826.59954423099,20.0,56.0,0.9346594379714174,1
18.080632334016734,34.0,18.0,18.0,198.0,175.0,7.162130932765614,40.30593425089049,69.28695982197426,46804.71131267512,13.0,46.0,0.7227501194544466,1
0.3539069629141061,1.0,1.0,0.0,44.0,6.0,4.338336565481166,14.73832751408672,31.798685684773723,433.46036965633044,0.0,4.0,0.055523205991779255,0
0.39915927207291024,1.0,0.0,0.0,46.0,3.0,3.233830635493275,25.40949804627092,31.649537591966745,7740.578836879034,0.0,4.0,0.00012772971055006682,0
1.937468887312656,27.0,33.0,11.0,223.0,158.0,7.7662028641629846,84.97955693605952,57.00455671320551,59824.52363364535,16.0,39.0,0.7415094318225186,1
0.5468484186099098,26.0,25.0,16.0,211.0,209.0,7.201152366635994,83.63640681324327,75.59746577398188,22404.241660739575,18.0,45.0,0.7567564564877327,1
0.01248892793830356,4.0,1.0,0.0,56.0,4.0,4.585382310434991,7.565491980755219,50.74601534283864,4518.13735484799,0.0,7.0,0.10113237947790851,0
19.28189680776577,22.0,27.0,23.0,204.0,164.0,7.040180076350157,71.71725919412337,81.5750450317556,2662.7125303940907,10.0,58.0,0.8136632955032976,1
0.08445001008013224,0.0,1.0,0.0,38.0,5.0,5.738426322710763,7.67372302898173,36.51726900010573,422.8078185999105,0.0,4.0,0.06452759417382592,0
0.0033170188895091587,1.0,0.0,0.0,48.0,4.0,5.581127474119951,25.561051882043998,25.54167100708017,5244.660376148861,0.0,9.0,0.07042344505424342,0
0.4111793152789418,6.0,1.0,0.0,55.0,3.0,6.245695524291667,31.94863671116437,10.947034413260905,2018.8774573237688,0.0,4.0,0.004127564624560635,0
6.682852727001058,37.0,26.0,24.0,191.0,191.0,7.184478175953684,88.21435885505302,69.97950570872088,47789.47013992865,21.0,61.0,0.8286239104754749,1
0.1632113596596154,2.0,2.0,1.0,63.0,2.0,3.8399505094946282,17.743816284713535,32.94560800697168,6811.400559402615,0.0,3.0,0.08701297937078628,0
0.10937943658428065,3.0,1.0,0.0,54.0,2.0,3.8815540622787097,19.49354834611199,43.657118737172475,504.39370496684313,0.0,5.0,0.09219383920495557,0
21.86374802588491,37.0,31.0,17.0,207.0,199.0,8.0,85.78598701866714,81.57864348237858,99102.77204215672,22.0,53.0,0.7432952061150718,1
0.5101735569778326,32.0,34.0,21.0,192.0,164.0,6.670444605575054,90.2830491193269,50.22147988793208,8286.990002292314,22.0,56.0,0.8745946787287944,1
2.7957249282880605,26.0,25.0,12.0,191.0,159.0,7.303671586938123,51.89001917420556,75.59532231343965,34678.571632363055,12.0,43.0,0.8718139114971288,1
0.7072728551309757,1.0,1.0,0.0,51.0,11.0,5.310759359755671,13.12487628639817,50.4345786495324,3449.7138327632497,0.0,4.0,0.014689918672766315,0
1.738140867561723,32.0,22.0,23.0,186.0,180.0,7.880983148494166,77.03051104314955,67.25142485820965,60351.983752148044,12.0,50.0,0.7898152530005704,1
13.996432048637702,26.0,17.0,14.0,221.0,205.0,8.0,77.96555391732656,70.24557846587265,86921.254184413,23.0,58.0,0.843233054137064,1
3.9632242481368882,35.0,30.0,18.0,183.0,179.0,6.748919062890342,75.68835778996078,67.1157679389412,22345.552797519427,16.0,65.0,0.8440650880859462,1
9.240918063996247,25.0,31.0,14.0,174.0,166.0,6.698808199467871,99.37470932103929,60.91775465498758,4214.177381881687,15.0,39.0,0.9229832014347331,1
0.04091388915842125,0.0,0.0,1.0,42.0,5.0,2.6340637747440185,21.29480778910344,22.829210899617983,118.87738008061761,0.0,4.0,0.06527126461915937,0
0.11856295079935804,0.0,1.0,0.0,46.0,4.0,4.16963629674539,12.229635147958307,37.00529004995901,362.1603052938403,0.0,5.0,0.034233032963329704,0
12.320505044654624,30.0,21.0,15.0,198.0,186.0,7.0025467684071945,87.03414362492451,76.60423745968096,10840.818908412033,15.0,51.0,0.633884931131413,1
6.292922451993857,31.0,18.0,17.0,215.0,166.0,7.014904356568109,55.25357850286334,63.1075821797824,25583.256179344273,17.0,55.0,0.6044581276853399,1
13.722755541208576,21.0,27.0,14.0,193.0,169.0,7.162588520320702,80.14338205221256,52.61188400718209,7302.143106839961,14.0,38.0,0.7576558243391218,1
1.09948803675677,4.0,1.0,0.0,51.0,4.0,5.057587405674681,30.725465119446486,35.28669584405111,2624.418318668498,0.0,5.0,0.04746857832808998,0
0.3163787576627969,2.0,1.0,0.0,45.0,7.0,4.745130213530057,25.940979373049316,23.258610985709296,166.8724931524128,0.0,3.0,0.03517011289325285,0
0.9338396175012615,1.0,0.0,1.0,59.0,8.0,3.626464707753164,22.80915175654445,12.867616834728398,3555.1553826274653,0.0,6.0,0.05087306939976666,0
0.3621625414959299,5.0,2.0,0.0,46.0,5.0,3.4915861099423298,14.152885962852938,37.98803888945641,2176.0920241365507,0.0,3.0,0.011678428442968458,0
0.1970575080809384,2.0,1.0,1.0,47.0,8.0,4.624495095430636,36.35115787679277,12.832342608026714,778.5502150085682,0.0,5.0,0.09356909313337222,0
0.14637825820505612,0.0,2.0,0.0,41.0,5.0,4.582457029897585,20.678522418095504,39.004403626839505,112.81682851757157,0.0,7.0,0.17810089976414648,0
0.37744947273813295,3.0,1.0,4.0,33.0,5.0,4.583185352469779,2.9811865548373575,51.584713801382776,2595.1847178901157,0.0,10.0,0.019290368349003547,0
0.48028497969254624,5.0,2.0,1.0,60.0,5.0,5.4585903186942275,17.025487823422687,17.228032203331193,175.75405734878842,0.0,5.0,0.07959444455818693,0
4.193263474904238,27.0,22.0,12.0,191.0,180.0,7.2522099469531005,61.69947369145397,71.65571394619215,29899.904704752254,13.0,40.0,0.8382453559189283,1
3.6585995355188166,38.0,41.0,16.0,193.0,156.0,7.651459422323923,100.0,59.24539675815522,76482.3809727871,13.0,46.0,0.8629017865780586,1
0.08854551716328991,29.0,36.0,24.0,204.0,157.0,7.518054027060527,75.96326628020124,79.7072245508871,50205.45682255535,19.0,52.0,0.9504481188440617,1
0.0032690419845526433,3.0,0.0,1.0,58.0,4.0,3.882405019046834,25.167290191258026,48.919220376968255,619.1974765017551,1.0,4.0,0.023970591531397092,0
0.6138100383047259,2.0,0.0,1.0,53.0,7.0,5.359464415251526,19.94883244817862,17.11247253919356,5707.24518986168,0.0,10.0,0.09187608412252267,0
2.5508745448421863,37.0,18.0,22.0,188.0,190.0,7.053397136496557,92.92409073005634,100.0,35422.577558571575,13.0,40.0,0.5845413547418822,1
0.7970593030271038,19.0,22.0,27.0,197.0,168.0,7.471513506071449,57.98524169915984,57.298841742050314,39961.00579701425,20.0,48.0,0.9062836062325201,1
0.04828407129305402,1.0,1.0,0.0,47.0,6.0,2.8695658736725633,20.278983146916218,28.736509114788387,155.27921015256643,0.0,0.0,0.004482153173661489,0
0.10941395590465718,2.0,1.0,0.0,60.0,9.0,3.678808589308191,19.853796572610452,49.880487744666745,1230.9805546248795,0.0,6.0,0.011548729580860818,0
0.48460547440182516,28.0,21.0,21.0,183.0,179.0,7.5410099834816045,100.0,59.87111354033251,23778.070772806524,16.0,57.0,0.8503167957575372,1
0.39236273518732223,5.0,0.0,0.0,44.0,2.0,4.446189130994671,31.654714207692926,44.69059051030143,92.13007526390881,0.0,5.0,0.05181760229338297,0
0.08894128802774524,2.0,2.0,0.0,52.0,5.0,4.155269025378648,28.97372701848969,35.60672015516466,529.5384938824957,0.0,5.0,0.0015245589611187181,0
7.280434990167081,38.0,31.0,16.0,197.0,190.0,7.400019113297812,55.280651276230785,68.06862800535879,39586.13001812232,14.0,53.0,0.7286728811877851,1
9.14179256585149,22.0,26.0,18.0,224.0,197.0,7.512815796984357,84.23030538822945,54.285526866785574,4905.828026032173,23.0,58.0,0.7349345382342093,1
1.999525793151191,33.0,27.0,17.0,209.0,173.0,7.480469321430518,82.16221098441524,67.18377207991054,63451.9276532999,22.0,37.0,0.9079885697211406,1
0.31137722432286835,0.0,1.0,0.0,50.0,3.0,4.677791271771166,24.224848372332914,13.775440746060028,495.02971017383,1.0,6.0,0.00451000146447035,0
0.06347112894264476,2.0,0.0,1.0,42.0,6.0,6.972171451362533,14.330691921623195,30.36794227581995,608.9915862462615,0.0,11.0,0.04699169432154002,0
12.95870778818996,29.0,25.0,25.0,186.0,189.0,7.257534420160488,72.57769780138877,53.041116352376854,5133.983862141936,9.0,54.0,0.8485055659966221,1
0.13316780172486975,2.0,0.0,1.0,46.0,3.0,4.31009129292865,24.73233074892365,21.121665401077575,1220.8929943892226,0.0,4.0,0.08650631582444489,0
0.06936075825136075,1.0,2.0,0.0,51.0,2.0,3.1296625359996946,28.967305626758712,33.21355617764405,1103.469324579975,0.0,4.0,0.026527725543779038,0
0.45406865757927095,2.0,1.0,0.0,53.0,5.0,2.927317230727149,11.380538135786951,25.917238653301382,4558.421053273773,0.0,6.0,0.022962468125913557,0
0.8034220852243938,34.0,26.0,23.0,165.0,175.0,7.0765790439231235,74.14917909346649,80.17734013342242,73839.75651214954,17.0,54.0,0.8320363466422563,1
1.5418490024121914,0.0,0.0,0.0,44.0,6.0,2.7824623124991126,11.0626757505056,6.919626124173554,11106.429330356215,0.0,9.0,0.046577832673701566,0
0.049653152737236514,3.0,1.0,0.0,51.0,3.0,2.1747674760522,13.142559262803932,58.00583363569414,1201.9635800925928,0.0,5.0,0.02048703685844127,0
9.194153376348691,36.0,18.0,17.0,189.0,203.0,6.9217882883645645,39.09560735678201,83.99736885482639,51222.46246889995,12.0,54.0,0.7972287425792531,1
12.955130986354233,23.0,27.0,26.0,189.0,191.0,7.035345783146204,85.21612827273147,79.96037728552004,62329.7616120809,17.0,49.0,0.9092209419352293,1
0.19789565926613775,4.0,0.0,0.0,62.0,3.0,3.8534003724607118,22.15221323854431,57.17251928347336,369.6175082867106,0.0,9.0,0.0673319830310936,0
6.59064367069905,36.0,20.0,22.0,223.0,168.0,7.312543787473433,68.52737163667888,73.8993865730644,14113.759829693381,17.0,46.0,0.840235550766372,1
0.20953059731663112,0.0,1.0,1.0,55.0,3.0,3.989775084100513,23.210368678646528,42.486545215188954,249.4658329259202,0.0,5.0,0.013745431505751478,0
0.557697747202845,1.0,0.0,0.0,58.0,3.0,4.071124161736265,6.641283554544108,33.9471030305296,59.566585290629455,0.0,9.0,0.0053054250348081155,0
12.657746142817118,42.0,25.0,26.0,182.0,188.0,7.264114602154857,73.76235714097218,81.71255729728804,229039.92259931183,14.0,50.0,0.9534544017752679,1
2.8277402955301825,32.0,29.0,28.0,191.0,195.0,7.313297471040857,78.37221714676323,69.69316035259656,8353.948561375742,9.0,47.0,0.7748014552984541,1
4.049693298955644,31.0,18.0,19.0,191.0,163.0,6.468430763807687,78.42915024473247,66.23310450780394,60097.702174291124,14.0,53.0,0.8241072177958992,1
2.57074234115091,28.0,28.0,18.0,216.0,150.0,7.148941700004449,71.28254769795404,67.45905542880378,74906.27351162604,15.0,65.0,0.8724031278869452,1
14.201186250812919,35.0,26.0,13.0,191.0,185.0,8.0,85.0397229975202,69.4063070649776,35581.72844016996,16.0,36.0,0.8469996010538874,1
0.9074071295422343,32.0,23.0,23.0,203.0,170.0,7.6129619223178215,78.52082161677954,72.99394495286163,531819.2072704878,11.0,57.0,0.38270890314870626,1
0.23024982780793393,1.0,1.0,0.0,53.0,5.0,4.931185420035451,25.683900166935718,64.4026142898707,7090.461994242666,0.0,3.0,0.06600777433421544,0
4.22011930933541,26.0,30.0,18.0,208.0,161.0,7.222801886663366,89.82188157938718,83.52888520238704,32135.41910252912,9.0,50.0,0.6911310000093317,1
0.2502280023104921,1.0,0.0,0.0,54.0,5.0,3.6363844358882504,31.85349547075596,24.71451429492896,1549.8226326726906,0.0,5.0,0.02941196488034915,0
14.021218638434858,31.0,16.0,18.0,202.0,195.0,7.307985381880007,83.02574843348118,58.97833556120827,44092.7822121547,20.0,45.0,0.6595900247827504,1
0.6825369675583568,4.0,1.0,0.0,60.0,3.0,4.016016608136729,13.10331298273057,27.166997810909223,1626.5450477124127,0.0,5.0,0.22497591446808093,0
0.7143796589537926,4.0,0.0,1.0,49.0,2.0,4.854978203693751,26.413831774032033,36.24911061214506,1993.857904264049,0.0,4.0,0.006661947351928947,0
10.055381294982945,29.0,24.0,18.0,184.0,219.0,7.342978403606341,55.298984581199136,66.13594812211181,60974.828922280314,16.0,54.0,0.8342365212975162,1
4.092859293023796,27.0,29.0,18.0,230.0,191.0,7.009818925481255,83.63147858025096,61.96905436077214,2062.267868339838,13.0,31.0,0.6517560018286769,1
11.910673618449557,31.0,19.0,23.0,180.0,172.0,7.433569139418511,88.7618054716424,72.59506508162629,36286.68814211757,15.0,41.0,0.657386216005683,1
0.39112764058042704,1.0,2.0,0.0,64.0,7.0,5.0109440912254755,18.02485175982986,19.064908427309824,3443.874219498071,0.0,7.0,0.005128960164998939,0
0.5477739579488188,32.0,22.0,21.0,210.0,168.0,6.6674467137704045,87.44706891967155,62.821402149209355,66818.62288813006,16.0,52.0,0.5946545660763471,1
10.638926962334176,36.0,26.0,10.0,180.0,202.0,6.819636210734074,64.44781658484312,66.58701622324388,30644.593112618306,17.0,56.0,0.5939183187682855,1
9.95732102639155,20.0,27.0,20.0,214.0,169.0,7.016948906794078,95.10410252859432,57.48423493674641,87786.79986030977,16.0,39.0,0.7291149532788274,1
5.473285843671238,32.0,20.0,22.0,214.0,154.0,7.562180961996063,59.69454263639981,71.86915878367961,96371.16042162303,18.0,50.0,0.8447508145452177,1
1.4902936944453067,32.0,33.0,20.0,204.0,193.0,7.821477970453494,64.59583428587638,61.32125851409681,48418.56853872017,14.0,48.0,0.6199469596404888,1
3.691826251962798,24.0,26.0,21.0,195.0,187.0,6.492680861867576,88.38008303011675,64.4590759011102,7088.866007982974,14.0,49.0,0.7415683610937621,1
0.25746807558735063,40.0,19.0,17.0,172.0,196.0,6.22969564834769,84.87404000302571,64.10709511406189,58491.27540871225,16.0,61.0,0.918558306142413,1
6.188790399716334,30.0,23.0,22.0,206.0,165.0,7.304513952457302,88.69226367783462,46.932779225301175,56320.5383132101,10.0,60.0,0.7977131024380941,1
3.5928680837548526,28.0,24.0,30.0,219.0,177.0,7.39499118329861,73.472074526105,63.239687553869274,24615.90437756198,17.0,43.0,0.6505178265352404,1
0.3841168113734729,4.0,2.0,0.0,55.0,5.0,3.0315733985990745,18.63934780066101,40.65987112324621,946.4759151950213,0.0,9.0,0.0858636216685848,0
5.851579915523711,30.0,24.0,16.0,213.0,168.0,6.786637647923492,61.832543124524854,46.41465733908837,29221.034779507467,26.0,52.0,0.9591486813909122,1
2.0415691115786543,33.0,29.0,23.0,187.0,199.0,6.787731258486911,84.75389940432184,69.50640347836256,13707.974081820881,19.0,48.0,0.7656960274567068,1
0.006350225535484538,2.0,3.0,0.0,58.0,4.0,5.655161698227009,12.607272326699265,42.037677005604266,7624.66074713679,0.0,2.0,0.04332752038683115,0
3.1912570645368903,26.0,23.0,22.0,200.0,198.0,6.952629772787377,60.86593235802016,75.91042771664522,97292.31077302033,15.0,54.0,0.754975341962791,1
0.13434299267394662,3.0,1.0,0.0,56.0,7.0,6.365107159374155,21.699418749175926,50.22416771550979,181.0081125568825,0.0,7.0,0.03388456701013373,0
0.982416062730713,1.0,1.0,0.0,64.0,4.0,3.651398932569473,25.42396384639893,69.57866560178239,575.0721899595092,0.0,6.0,0.06607823151829434,0
0.5970638165684264,0.0,1.0,0.0,37.0,7.0,3.7437465188730026,26.66683958398271,29.087958139307645,8289.520523703466,0.0,3.0,0.02152821173467115,0
0.42722685428393836,37.0,27.0,24.0,205.0,213.0,7.002109075725282,66.12309442155396,76.91307914287451,13038.853049353269,18.0,48.0,0.8408271028412779,1
1.5737817220563353,42.0,27.0,29.0,194.0,184.0,6.659976518109803,80.5772468213857,69.7635549447175,1476.1125576805312,19.0,50.0,0.6641063422884206,1
13.318790330279528,27.0,22.0,22.0,207.0,194.0,7.557726096541012,64.56212178750914,82.55263504950646,66909.70690383304,17.0,53.0,0.7790595214611995,1
0.599321417648038,1.0,5.0,0.0,43.0,10.0,5.16863583518759,27.34454441421493,34.80044009285569,288.60103337005444,0.0,2.0,0.09559835935743258,0
3.1208549311783735,24.0,26.0,21.0,184.0,204.0,7.4428481015819905,64.05585313457529,73.02178144566928,66785.26331450175,16.0,48.0,0.5458259207628593,1
10.5290941531948,28.0,28.0,30.0,231.0,182.0,7.684655089765479,67.90503850393036,71.40694957148551,1029.8128052161692,14.0,42.0,0.8935189437746764,1
0.3166324446405746,2.0,0.0,1.0,52.0,2.0,5.4393053306312895,12.515780306530191,0.9622631723346728,1396.6463410839967,0.0,4.0,0.03510418138244891,0
0.1245978039205701,1.0,1.0,1.0,62.0,2.0,4.641610915687722,16.155482422037835,34.66025554688854,318.2119942406484,0.0,7.0,0.05568489258398613,0
6.3255643756035775,27.0,22.0,20.0,190.0,196.0,7.127715065360026,95.58998155724933,58.284041193433815,97268.46034388557,18.0,54.0,0.7842668401344934,1
0.06991508407194455,3.0,2.0,0.0,41.0,5.0,4.3211418960590615,26.42091361989841,33.03557025564913,3013.6074009604804,0.0,4.0,0.041498650157827645,0
0.12386816769465248,2.0,1.0,0.0,52.0,6.0,4.0771543016172345,39.23582262801804,33.16899336188135,1229.6277260953925,0.0,6.0,0.2507263982446059,0
1.0863256706007383,23.0,26.0,21.0,204.0,194.0,5.791000647225631,78.83788153112305,59.65152839313707,58358.849109196555,10.0,36.0,0.8208906529103921,1
0.10759358262919262,3.0,1.0,0.0,55.0,3.0,5.126892819484297,35.10129325879391,45.24062808639306,99.56830229794932,1.0,7.0,0.02141184705001339,0
10.961385669055344,37.0,23.0,17.0,184.0,181.0,7.043984391603172,58.00964465489802,62.124428558492305,4005.195047309707,11.0,55.0,0.9578112949192281,1
4.036168908759959,28.0,27.0,19.0,196.0,197.0,6.593468773704782,62.02892459865156,88.65635669714953,30380.45136412114,16.0,49.0,0.8089067044954773,1
5.443999593933848,30.0,30.0,19.0,184.0,170.0,7.399618227948099,94.95715207208438,67.72849925044497,112662.95253800479,14.0,54.0,0.6630121304232649,1
0.34493571806724566,2.0,0.0,2.0,52.0,9.0,3.677340493811272,12.1200208974004,32.217825392076236,879.5590345334774,0.0,7.0,0.03153836686432116,0
0.38808120125884027,2.0,0.0,0.0,48.0,3.0,4.156713500848916,28.667877755870737,52.39923993055748,2203.898488165934,0.0,7.0,0.024289579827300435,0
0.056738555133964946,2.0,1.0,0.0,55.0,4.0,3.3662231434741834,27.00006309872019,3.8667725793957963,5172.554491915977,0.0,7.0,0.0796516198071789,0
0.26460478650873437,38.0,21.0,21.0,181.0,184.0,7.874899954959223,72.4405932298714,75.13514872645375,113909.5643357896,14.0,58.0,0.9541216607806097,1
0.4420949877440204,3.0,1.0,2.0,46.0,7.0,3.648642299645131,19.04659957773365,44.4786763044538,1098.6992053901295,0.0,7.0,0.12618242295016122,0
5.542804883384158,22.0,27.0,19.0,228.0,171.0,6.987609326124734,100.0,72.79909954819266,151400.3932608712,8.0,47.0,0.8242715069585023,1
0.8687120268127225,24.0,25.0,25.0,219.0,158.0,6.832364531596914,83.50381822086399,64.67668705198855,34968.17655331898,13.0,42.0,0.7572975051348799,1
1.3092826404660503,2.0,2.0,2.0,43.0,3.0,5.258647175593827,28.389588711543635,24.893194830633785,72.61781234216662,0.0,3.0,0.01825297244268485,0
0.26037331645958117,2.0,1.0,0.0,55.0,6.0,5.845999664724023,16.816488622951454,25.512726878344733,436.9311178932304,0.0,3.0,0.025636303831945952,0
0.6281002033157813,2.0,0.0,0.0,57.0,5.0,5.073104916180811,36.96997465294707,20.348520598380944,3697.492545023827,0.0,4.0,0.0761985071872786,0
0.6996082976765253,32.0,21.0,13.0,195.0,187.0,7.004363421184805,49.74793070552329,70.15568234298308,47628.28111926209,13.0,69.0,0.7687258326062093,1
1.957196491354532,20.0,25.0,24.0,219.0,199.0,7.50534429081233,67.01503521588278,58.08953861391751,172959.33642928637,11.0,58.0,0.809527373414621,1
0.46764930955462247,0.0,0.0,0.0,45.0,9.0,2.888395355524767,35.226398916731725,34.7862855367847,450.7741212200808,0.0,4.0,0.10516785706716669,0
0.03497764803715525,4.0,0.0,0.0,50.0,4.0,1.564509178567306,23.447412877670445,33.07702786839071,3410.8521302286003,0.0,5.0,0.06865471244528007,0
0.012985276117813407,22.0,23.0,19.0,204.0,169.0,7.0022992479223,83.21222450135038,65.55663753628916,10577.574181995516,18.0,46.0,0.628137101988077,1
3.8995123902747926,20.0,24.0,14.0,226.0,158.0,7.035269984125016,55.655051549688615,59.485527010981855,7773.222033303613,11.0,56.0,0.8953635139657513,1
0.05738786443650657,2.0,1.0,1.0,46.0,6.0,3.547213644766522,32.6677451774029,44.57990960128113,559.0489246161102,0.0,3.0,0.06530410010282059,0
0.12247946589022234,2.0,0.0,0.0,44.0,5.0,4.141844074027589,16.514825340401824,55.75094333920224,1560.53229442561,0.0,5.0,0.023107439214412332,0
0.3999990362369502,0.0,1.0,0.0,58.0,7.0,4.080746736557073,12.992771605249136,49.43540599833226,879.98007736074,0.0,8.0,0.03576764687493996,0
1.046147412546343,2.0,0.0,0.0,41.0,1.0,3.4295950072110424,22.050837523675803,50.83293470189602,123.42325678392636,0.0,2.0,0.01714036606316575,0
0.009580104387916146,3.0,2.0,1.0,67.0,0.0,3.637184754127385,6.432109716237221,11.733222337142582,2795.7705624296736,0.0,2.0,0.05186054527235001,0
12.282044068906439,27.0,19.0,19.0,182.0,200.0,6.210670092170635,100.0,81.9748579914215,44411.5454150026,15.0,42.0,0.8406666170194299,1
0.002945668615368968,3.0,3.0,0.0,54.0,5.0,5.070197055523189,24.156734300289436,52.07140426031103,10282.145081329334,0.0,6.0,0.08120919914641421,0
9.404768567792948,36.0,23.0,29.0,193.0,198.0,7.159426183416554,64.45918526548765,71.30010084996982,58250.670284865635,16.0,48.0,0.7854387504964861,1
25.123195658769433,31.0,19.0,28.0,183.0,179.0,5.983777384491188,69.05996405144874,68.85666539783186,2876.3873697246154,12.0,50.0,0.8291497155574209,1
5.114347343884758,29.0,15.0,18.0,205.0,174.0,7.192514702901665,91.56746887469204,63.84146329807035,50806.26760947515,14.0,47.0,0.953992433447577,1
0.7882963661420263,1.0,0.0,0.0,27.0,2.0,5.103921206841406,9.028049683619699,33.970066793870984,5860.504875804222,0.0,11.0,0.022238454901364838,0
29.146508670186233,38.0,18.0,24.0,203.0,162.0,7.133525264888067,66.72813026930102,74.27682816784126,77072.53239701588,18.0,38.0,0.8963338170089679,1
10.889154824000434,33.0,28.0,16.0,198.0,187.0,7.4846713623133425,49.34796080606063,58.282968411330415,47310.1890823684,18.0,41.0,0.5728834641838692,1
13.49148022763644,31.0,21.0,21.0,199.0,184.0,6.7631381560925865,73.56861267039265,73.10353191967226,81963.54359718597,23.0,49.0,0.8706854905030493,1
19.387753873649675,31.0,18.0,24.0,196.0,170.0,6.851342183478052,89.46591675284198,70.74949896854699,22574.92888296152,18.0,50.0,0.8496971542183736,1
0.17320472431039785,2.0,1.0,0.0,54.0,5.0,6.189462897998741,8.245742742652372,27.53511690405211,1354.1790769324668,0.0,5.0,0.06425441175623284,0
0.5188286776557105,3.0,2.0,3.0,52.0,4.0,4.804456661573391,17.774671173323135,32.92057687151548,2243.891747866216,0.0,5.0,0.09437207574625953,0
18.441587243307676,31.0,28.0,14.0,193.0,183.0,7.751851915426006,88.66123722802396,61.0287426309876,9578.06333446469,21.0,50.0,0.684305849545319,1
11.23222104834204,31.0,26.0,21.0,197.0,207.0,6.493544895406176,66.77064555374832,71.36280530162503,78064.01831671975,7.0,53.0,0.9629848215847381,1
0.0338156744294034,2.0,0.0,1.0,53.0,6.0,5.211593538024513,12.058980145496076,36.734974338241,871.8935570676211,0.0,4.0,0.006955207559020724,0
0.0034255768297625005,2.0,1.0,0.0,54.0,13.0,2.2171261348803903,19.994957901262644,11.53712852359524,652.9584471631823,0.0,4.0,0.13662400146699347,0
9.324019167479975,28.0,23.0,21.0,209.0,153.0,7.6186376844474575,67.39885835690546,52.64831232954307,19672.596159552188,15.0,58.0,0.8897101734032449,1
2.686183857091579,29.0,27.0,10.0,219.0,208.0,7.5079386025064645,75.85326657956381,62.33474449562459,10359.852473797338,18.0,51.0,0.8499992047813341,1
4.042126126895455,28.0,21.0,22.0,225.0,163.0,7.73086296709228,80.28309650922913,57.312466907891455,121197.990733244,7.0,47.0,0.7877077228721715,1
0.357946622531974,3.0,0.0,2.0,50.0,3.0,5.8700994866880025,20.08919871847262,47.435293458062986,1240.983701685148,0.0,4.0,0.0061641764474489776,0
1.2712012285707721,30.0,18.0,22.0,204.0,164.0,6.315419701226099,80.22130611533876,70.18438607090816,42807.4343263224,18.0,55.0,0.9334430876340581,1
0.3034206464624563,3.0,0.0,0.0,45.0,6.0,5.246643077516658,34.286399456288706,30.646783825595623,3015.2598270613853,0.0,5.0,0.09321664551474514,0
12.152850175924433,34.0,19.0,21.0,203.0,204.0,6.633718912280578,65.50918824626798,87.24168921973767,24395.221639337837,21.0,67.0,0.6766138429610676,1
0.0750039387318367,2.0,1.0,3.0,56.0,7.0,5.84013337213961,26.59340964957789,29.950540438266465,10440.993405004165,0.0,0.0,0.008151031337306675,0
0.04122543724097493,0.0,0.0,0.0,56.0,1.0,4.792972882202167,14.640414303642084,29.53145538209407,1432.8592604162689,0.0,3.0,0.10005015845805977,0
19.96499747177453,27.0,25.0,17.0,200.0,181.0,7.488165240579907,91.14556041435651,71.27065111537539,12723.910506444483,15.0,53.0,0.6092775752227031,1
0.2792499025401628,1.0,2.0,0.0,52.0,8.0,6.726441337337686,7.873397519444168,53.4555075554034,712.5259705919874,0.0,2.0,0.047634726489615836,0
15.502582825947844,32.0,25.0,25.0,204.0,164.0,8.0,86.45576463346175,61.46654279212892,8362.598110200373,13.0,51.0,0.7855627129138523,1
6.6847184695605595,30.0,27.0,20.0,215.0,170.0,6.553519191450007,80.80308417794578,61.26842856109903,149665.53355815797,13.0,53.0,0.7571000686867225,1
6.671395719896109,33.0,20.0,19.0,192.0,180.0,7.28234441326923,43.056998756391785,52.80980466197811,127374.01596604013,13.0,29.0,0.894028795327037,1
0.21919741259676542,3.0,1.0,3.0,66.0,5.0,4.5454267869617775,16.400290759152533,56.57188512356924,104.71869854633799,0.0,4.0,0.10994391230444432,0
2.85886113562582,22.0,22.0,14.0,186.0,194.0,7.082544617237527,70.72767979035218,72.49927708931821,58354.4811724287,15.0,53.0,0.9356767916009069,1
1.6898417746421468,23.0,28.0,23.0,190.0,197.0,6.865394905912018,74.1052631998185,67.96452015488406,53140.05971914322,10.0,49.0,0.9238648000599644,1
0.4809636336386776,35.0,24.0,21.0,188.0,196.0,7.727795428671463,90.68998945430414,73.36569846451268,76860.03167350254,12.0,56.0,0.6978169238184517,1
2.494622958416856,29.0,28.0,13.0,210.0,190.0,6.624179098561587,75.76107437531051,55.61313123797103,2394.9056372339996,13.0,41.0,0.8488021179615317,1
0.16065033436098206,1.0,2.0,1.0,43.0,3.0,3.392725145035405,28.006813556621356,14.94015769144066,185.19336990829717,0.0,5.0,0.013795571626510935,0
0.0778811176255451,0.0,1.0,0.0,53.0,4.0,5.044300614830853,6.628680493205174,27.298392606004015,4428.370210886365,0.0,7.0,0.05230858025724755,0
0.3747379032949798,2.0,1.0,0.0,53.0,5.0,4.277469347118213,31.241323862320854,58.53417432774885,2442.5257662850313,0.0,4.0,0.054489743585111376,0
11.004370066690074,20.0,25.0,25.0,178.0,168.0,6.206825752465621,92.56611992613043,84.41267100657602,101274.18435175008,16.0,48.0,0.6922744080561097,1
6.064990251015888,29.0,31.0,23.0,191.0,166.0,6.846828458990531,42.858163414608185,83.82925803213153,57838.76643861412,15.0,50.0,0.9354561908287855,1
1.0890583125433024,1.0,1.0,1.0,48.0,8.0,5.046561485404427,24.13504858916835,27.222800802308154,1805.1812607402276,0.0,6.0,0.0028714545591259698,0
0.6456962910078001,1.0,2.0,0.0,49.0,7.0,4.8176096345450725,38.77002243395442,0.0,1150.265317919922,0.0,5.0,0.017231336156454478,0
0.6373309111391934,31.0,21.0,8.0,202.0,192.0,6.4945240352788,86.75117729815673,78.16138992083359,84398.82053232432,16.0,57.0,0.6987450437737217,1
0.4011755757428235,2.0,1.0,0.0,46.0,5.0,4.50702587134297,2.715127948382314,36.9903028235675,1982.395827643812,0.0,8.0,0.09404905867306891,0
6.170201444020022,43.0,23.0,17.0,192.0,193.0,6.634056627939489,69.89380493118432,72.3863768111774,73051.12050911337,12.0,53.0,0.7603748203543975,1
0.01285697619273271,3.0,3.0,1.0,37.0,5.0,4.268576164228393,17.507969392073694,38.02250678221982,2218.0783682996516,0.0,5.0,0.032694680741602075,0
1.8616647221623381,24.0,25.0,24.0,214.0,183.0,7.488431930204165,85.11421994970266,79.58131506951673,35095.32725449049,22.0,47.0,0.8548414623612923,1
29.43930183458833,23.0,24.0,27.0,192.0,180.0,7.004493595110818,88.52754701639381,57.07553990610181,11030.878276934229,11.0,55.0,0.5577023584285175,1
0.11367918768121538,4.0,0.0,1.0,53.0,5.0,3.29731043079761,18.356540441035488,58.704432621028815,474.64116056813884,0.0,9.0,0.009860396262662987,0
0.6122945059122544,2.0,0.0,1.0,46.0,5.0,4.358712687910061,11.068253991164848,39.70785868661179,1351.7599315529048,0.0,12.0,0.017918624216993126,0
2.713151446774819,32.0,24.0,23.0,217.0,184.0,6.506409374629016,82.76829588280715,81.98100320671679,43179.081892239046,16.0,43.0,0.9218195209459247,1
0.276301741340844,3.0,2.0,0.0,67.0,3.0,3.1756217808995095,14.538440465244786,23.943619477563075,1817.8230386852952,0.0,5.0,0.08960830532536324,0
0.003926156518885501,1.0,0.0,0.0,52.0,7.0,5.118622174098429,9.93967836966638,14.934334609023246,185.6583691267184,0.0,5.0,0.023611069668684384,0
0.3226610981004266,3.0,2.0,0.0,64.0,1.0,3.55499258355196,0.0,19.885552712897493,2754.9362560549025,0.0,7.0,0.026669013741751176,0
0.31569961212307923,2.0,1.0,2.0,44.0,2.0,5.7542567846801465,19.344916780805082,58.63102462472634,2872.9809696472776,0.0,5.0,0.021040973707399192,0
0.007384944324206584,4.0,0.0,1.0,52.0,3.0,4.965610344028402,11.687759455360506,57.24308884847194,909.7267508650084,0.0,6.0,0.0011337887498812395,0
0.1957063174545748,0.0,0.0,1.0,46.0,4.0,5.436747239440672,3.565249976361386,63.72823451933046,4901.254501195637,0.0,8.0,0.026889629361275008,0
15.993294510855163,32.0,21.0,17.0,205.0,177.0,6.283262073483754,45.169840864744714,84.27573604968605,23698.353682530822,14.0,58.0,0.9700241077241971,1
0.07460887835412494,2.0,1.0,0.0,38.0,2.0,3.5799595037742358,30.155002672566503,28.138827353371624,1027.1301083804133,0.0,5.0,0.0021055935610921287,0
8.60360618969203,37.0,12.0,23.0,208.0,189.0,6.301440276782442,66.91317608733652,67.0141263104813,33679.34749087613,13.0,60.0,0.9438041875387235,1
1.281411259115371,35.0,22.0,18.0,198.0,188.0,7.136152032763251,81.77258389347939,64.64512139235343,12467.790164226197,15.0,53.0,0.8035329816983007,1
0.23021557498570464,6.0,1.0,1.0,52.0,6.0,4.056143060503051,32.937679234012506,42.94549978932611,2324.2089907482796,1.0,5.0,0.06547114876318026,0
2.2148067863444987,35.0,20.0,24.0,190.0,185.0,6.120287381604621,75.2101770019528,83.67087030516511,23293.521454765087,12.0,50.0,0.8757917937690736,1
0.32055176722441486,3.0,0.0,1.0,56.0,6.0,3.3144448828617796,23.023386891539,7.094903117178319,103.91177057746785,1.0,5.0,0.0032598255359983885,0
0.5714179957434239,2.0,0.0,1.0,35.0,5.0,3.8619518306568192,11.877715032085273,47.32665809055871,934.484171306515,0.0,1.0,0.1523129328983451,0
14.37813435169802,35.0,28.0,18.0,197.0,193.0,7.114650116969961,64.24833848812675,76.77579163855498,6350.815558200705,17.0,44.0,0.7925273585448787,1
4.275294853019136,21.0,29.0,22.0,209.0,192.0,7.954153742503415,75.8331334073438,76.5934352732966,30134.715435215505,19.0,51.0,0.8468434638031855,1
1.9172370302614163,28.0,10.0,31.0,193.0,164.0,6.891423614197618,80.10031346001334,69.59043359030007,143623.83267746228,13.0,49.0,0.8241365723315602,1
0.06006196844509417,2.0,0.0,1.0,62.0,4.0,4.68071115594577,22.975389380239708,72.84272344449565,7481.539327790016,0.0,6.0,0.00015367359377456698,0
0.04502232564921466,3.0,0.0,0.0,58.0,3.0,4.169960216986712,11.694209318518817,0.7686237983029045,5372.111139119878,0.0,2.0,0.020484832198570033,0
2.936228194030263,22.0,23.0,25.0,200.0,173.0,6.999841896876839,75.08915665879758,71.4424578303805,10408.036703226566,21.0,45.0,0.9613566052454451,1
0.04356540969856908,0.0,0.0,0.0,47.0,5.0,4.001335516637702,28.706240608526812,52.9921801688624,3147.5883739390424,0.0,7.0,0.039516768986651025,0
6.7440795220158485,29.0,28.0,10.0,194.0,182.0,7.1500169799789575,87.03650417442881,68.32799735320441,55784.70521049951,15.0,43.0,0.910400969014364,1
4.4440106151168495,18.0,27.0,12.0,185.0,209.0,6.443710522659113,69.67181113023703,64.95744720980109,43933.38801287127,16.0,50.0,0.8552762019058016,1
8.346072358407492,22.0,37.0,21.0,200.0,178.0,6.3022120394739,81.39678542228505,83.90520539953796,36648.974348922944,16.0,57.0,0.6032260732939321,1
7.330901874875807,35.0,21.0,33.0,207.0,190.0,7.512740822308243,68.25143917121991,68.3507132730762,31884.559789397754,16.0,40.0,0.7275876300970257,1
7.544078512195615,32.0,26.0,17.0,202.0,179.0,7.51359343199336,61.36971834136194,71.57704064199547,38068.18193781093,11.0,56.0,0.7632676970722712,1
6.134191321496905,30.0,28.0,27.0,188.0,190.0,7.8314509065069995,96.09211240113541,76.4413357152034,5466.224230046721,22.0,63.0,0.8202660313870986,1
0.8580027994481664,0.0,1.0,1.0,57.0,4.0,3.5160478626058973,24.521786316203126,7.780289142269396,1028.4255148754028,0.0,6.0,0.017575647654913037,0
0.3913215821195437,20.0,29.0,25.0,207.0,169.0,7.619961447148668,98.24855955891833,63.0843846971604,12234.677657869244,17.0,58.0,0.7684086589898024,1
0.12101501751787844,23.0,29.0,25.0,195.0,182.0,6.9834298007674755,93.30136408753704,73.59797185748455,9388.743981996513,11.0,56.0,0.9322799334942822,1
0.5229755066433693,0.0,2.0,0.0,35.0,2.0,3.3849442859388024,28.473134257116072,40.87820378019593,9488.652719846297,0.0,8.0,0.05241038291358374,0
0.12550682699673335,1.0,1.0,2.0,40.0,1.0,4.547374434015311,11.031922229409624,49.00740827341041,375.5346156471784,0.0,11.0,0.020696375659035263,0
0.6095498728103733,1.0,0.0,0.0,47.0,6.0,3.53253887839832,17.897318163113717,23.766057025963665,2119.15860220662,0.0,3.0,0.0021561605379618073,0
0.12724179473844158,1.0,0.0,0.0,43.0,10.0,5.570108842989874,14.121140165730901,0.0,352.049713892691,0.0,3.0,0.0660678462865445,0
0.15217739812272912,2.0,0.0,0.0,48.0,3.0,2.8580446520453155,49.61659948593395,25.792648644191413,4627.087069168115,0.0,4.0,0.011422380041014682,0
0.20506416844024503,1.0,0.0,0.0,43.0,2.0,3.6693340072734464,28.08492274428852,30.453492641834742,1699.658744784274,0.0,5.0,0.0005694515039565816,0
0.4135849884615043,2.0,0.0,1.0,46.0,5.0,5.905606024457332,22.60000660875965,44.504627898576835,522.9863079395401,0.0,3.0,0.2054148819387353,0
1.2955033211480826,23.0,26.0,18.0,176.0,180.0,6.999600311193332,89.4867874360271,83.95909751898957,8364.277568727455,15.0,52.0,0.8447930773571092,1
11.614506991879441,31.0,34.0,20.0,212.0,201.0,7.502148979967089,59.025589700631215,60.16525104216761,75225.01671528467,15.0,54.0,0.8107533623180355,1
0.12204705250807646,3.0,1.0,0.0,45.0,6.0,4.46798642490365,27.125870083839217,37.72996742783504,3679.8975034815717,0.0,5.0,0.012102141608511856,0
0.13868621894921002,1.0,0.0,0.0,48.0,5.0,3.7324293521138587,26.797437943734774,30.18867911146922,2648.9608538699354,0.0,6.0,0.061963466125887066,0
0.319473750359586,4.0,0.0,0.0,50.0,7.0,4.583941214033708,15.793474327854788,27.967777664221323,1770.135632631177,0.0,3.0,0.0029992671736107325,0
0.009339634957085844,0.0,2.0,0.0,59.0,7.0,3.60668676801358,21.629336644195053,53.44472875047265,881.126696328236,0.0,2.0,0.012208578259033567,0
0.01324003383527582,4.0,1.0,0.0,44.0,4.0,4.358951553815888,24.21350682300796,46.91540242937555,703.3975208110852,0.0,3.0,0.00450495010784984,0
23.091465309431737,31.0,19.0,18.0,204.0,185.0,7.0800437900023825,69.65635064762208,80.6429263953606,20680.152124347933,18.0,49.0,0.821661112297185,1
2.3765403695521057,36.0,26.0,19.0,194.0,177.0,7.418365253220301,77.0558103889689,78.93131017593161,39584.81937276144,19.0,48.0,0.8376880088584148,1
0.33497372517136087,2.0,1.0,0.0,68.0,6.0,3.4844744653745634,27.215264311289797,53.65167602974551,1811.142766168877,0.0,9.0,0.11670094041914637,0
1.3831709243538952,1.0,2.0,1.0,45.0,5.0,2.989311249147158,29.959989643864738,23.727345247178054,2433.813818453443,0.0,6.0,0.011766312926589004,0
10.297967043181398,30.0,30.0,26.0,189.0,201.0,6.73729650837376,54.892238408240615,55.2982280142483,95329.74598059614,10.0,50.0,0.5263779969732512,1
10.368072630575313,25.0,28.0,28.0,194.0,161.0,6.889365100186453,67.48204816680779,61.89844385422725,32934.969476334256,13.0,47.0,0.9031085325030708,1
9.506140451437815,34.0,22.0,29.0,217.0,185.0,7.205686630694752,64.0749888470383,82.4579374359667,94934.0501498643,20.0,56.0,0.7622490288909463,1
17.289220000454907,24.0,22.0,23.0,180.0,177.0,7.100768470208603,67.47620401027834,74.9558523331053,22134.83292925614,15.0,53.0,0.7909609137557508,1
21.633960917703973,32.0,27.0,20.0,169.0,194.0,7.461708403259512,77.60966637759628,64.13247944560446,23341.94184738717,10.0,58.0,0.6544694270798621,1
0.2069664128408453,1.0,0.0,0.0,53.0,7.0,3.641741877536772,18.880080853652167,37.36767609955863,172.9530004597762,0.0,6.0,0.03248345879296876,0
3.6280678832167146,45.0,32.0,14.0,185.0,181.0,6.956095025474796,77.1912103154548,59.03453374854372,80241.01259132318,8.0,49.0,0.6566209488133888,1
1.0282450475760265,17.0,26.0,15.0,215.0,195.0,6.8916710354969215,74.25973929610197,59.308048402987765,90522.40060025462,11.0,48.0,0.6611282071259537,1
26.7220136796579,32.0,21.0,27.0,185.0,173.0,7.12332898855702,85.61769855256705,80.46155015007437,39150.12917058979,16.0,57.0,0.6903619846294913,1
14.3503843406312,31.0,29.0,19.0,227.0,189.0,6.962574548244154,70.15361517007554,72.1982959126826,30677.895961503593,10.0,51.0,0.7467673870049348,1
0.20295538973916996,3.0,0.0,0.0,38.0,3.0,4.431292433295438,20.67322569572097,32.900538943504735,1812.813868494294,0.0,8.0,0.0018676979717943726,0
0.21147648415185868,1.0,2.0,2.0,38.0,7.0,3.825506294001946,10.509863686594102,24.026078937601703,285.06045168049724,0.0,4.0,0.004259310888823685,0
0.7108486826128879,3.0,0.0,0.0,55.0,3.0,3.740763705638439,35.553750872889026,33.043966543212164,1324.0996970365761,0.0,3.0,0.07174319944456363,0
0.15399577701642578,2.0,0.0,0.0,53.0,7.0,5.3044705829791265,13.368675760806422,10.189155415500998,3539.267182336319,0.0,3.0,0.0357972929653639,0
0.2977884871143562,0.0,0.0,1.0,52.0,6.0,4.4031702530350705,16.61627817215715,39.633176323230856,2147.282284716843,1.0,0.0,0.010056233289742663,0
1.2533779785050836,3.0,1.0,0.0,50.0,10.0,5.991297637591503,6.404107707726494,22.7577230644876,3624.753105100376,1.0,7.0,0.00892771781184954,0
2.5356916481567215,26.0,28.0,19.0,201.0,167.0,7.688445237710904,98.58802140597282,70.31132475419105,523.9839415591356,14.0,58.0,0.9437390352645594,1
3.2724284465905358,22.0,37.0,22.0,190.0,177.0,6.788218082199738,70.10384432017456,77.3446475197915,44644.389655195075,14.0,39.0,0.8701908343884365,1
0.7923661763537592,42.0,19.0,18.0,225.0,201.0,6.948816683502283,75.96108783989897,76.98731144712383,41438.88703076576,15.0,53.0,0.8091167760076697,1
0.12725495813797902,1.0,1.0,0.0,47.0,8.0,5.5751707322839845,26.137318469757055,31.17749096733632,724.3495304970689,0.0,3.0,0.05714313437962459,0
2.5607838707991495,35.0,30.0,16.0,201.0,182.0,7.114995884896475,80.3376661111975,63.286245986863086,39710.47515227216,7.0,61.0,0.8505236014677461,1
12.306475214065058,41.0,27.0,26.0,183.0,193.0,7.516720820713161,81.76816294474821,57.84933802181113,167704.30892111713,20.0,72.0,0.8404765995663958,1
2.2617295135700686,33.0,21.0,14.0,193.0,190.0,7.125424626780666,49.450378770612815,71.72323324920798,26989.900404344746,16.0,51.0,0.7667755624708656,1
10.476582684541741,28.0,25.0,23.0,216.0,184.0,7.613912496120758,74.14797276063116,65.61096524859207,49220.16172448354,14.0,49.0,0.7836521250235695,1
2.440208581575048,33.0,18.0,22.0,192.0,188.0,6.96148006448911,91.23359467946634,83.92180903280823,106025.17713043948,14.0,64.0,0.5700214333227165,1
6.437277937825787,29.0,25.0,27.0,205.0,187.0,7.104322460185023,62.3789497274809,76.17455264891586,63234.973962871896,11.0,49.0,0.9456368711158795,1
0.019294939139858126,1.0,0.0,2.0,50.0,10.0,3.5492865593254934,14.235491976787802,35.253555358349516,1793.8341840540484,0.0,5.0,0.010631165730669193,0
0.8598106151340587,2.0,0.0,0.0,47.0,1.0,5.263135841650728,20.026700897065265,23.430041313384322,2900.1154189943663,0.0,7.0,0.07254148665660592,0
12.72288979275995,38.0,23.0,23.0,192.0,184.0,7.434451860182358,80.45528684836773,62.063783748789845,154749.5273175497,14.0,63.0,0.7287277097543229,1
8.552513478316754,25.0,22.0,11.0,207.0,208.0,8.0,91.62491665132377,72.86513014927218,174616.04242158087,15.0,47.0,0.8863247125121648,1
0.3230733707148787,1.0,0.0,0.0,55.0,5.0,5.642662282915742,17.534320442142022,31.885332425547617,642.6317817961295,0.0,3.0,0.022984419844240895,0
0.5900962513209307,0.0,1.0,0.0,49.0,5.0,5.484859638470869,30.94424865642317,42.50673449724578,353.5367957261599,0.0,3.0,0.019493453134735213,0
16.921812635868225,26.0,27.0,21.0,188.0,182.0,6.76283817630144,55.13093263129516,70.7524567852448,1229.881847569139,16.0,67.0,0.9437130145780392,1
1.037839260254061,25.0,35.0,20.0,200.0,190.0,6.786783059358987,73.30266451421197,74.40379638300408,58047.228153400676,15.0,51.0,0.8091580471730316,1
0.15750434997307944,3.0,2.0,0.0,55.0,1.0,3.194642582299318,7.9420873856036,61.86351321674606,1008.2149861332803,0.0,4.0,0.008969539649636628,0
0.18626733276627527,4.0,0.0,0.0,54.0,6.0,6.8464493568647145,13.482866271071876,32.17987261898486,1735.0488388665108,0.0,6.0,0.030606775941484875,0
0.013908697206160418,3.0,1.0,2.0,48.0,3.0,6.088810413807449,27.72320381773479,24.05561638663226,3175.107307811156,1.0,4.0,0.00877159301295688,0
7.0516382266397155,33.0,22.0,27.0,189.0,170.0,7.033697219642713,57.133740806342786,66.43893368552008,2425.740181952979,11.0,49.0,0.5892754844094099,1
33.97638238301393,21.0,31.0,21.0,212.0,176.0,7.496582811993139,92.75689053889987,49.666795213311545,63189.979486666394,7.0,59.0,0.936087849019122,1
0.16535799022662304,1.0,2.0,1.0,40.0,3.0,6.220091280167027,19.627861436263846,4.514946883401521,4250.802819771946,0.0,4.0,0.025489714355656678,0
6.459912457464124,36.0,28.0,16.0,186.0,160.0,6.838011648550358,56.38415752904292,62.02906019740951,39420.015019548584,11.0,49.0,0.9425893105760872,1
0.272528651996268,3.0,2.0,1.0,47.0,6.0,4.904548788826146,19.119352121588186,33.02644486870218,315.79832809772125,0.0,4.0,0.08782421678043208,0
0.048171495400925676,1.0,0.0,0.0,56.0,3.0,5.588492953244101,14.65727531655898,61.77739604515086,3.711354371816533,1.0,2.0,0.036600961874785336,0
3.854426164726214,32.0,32.0,22.0,189.0,168.0,7.10940974693195,63.573390537850166,61.64484190097161,6592.893695488994,11.0,50.0,0.8196013636498714,1
17.98763925843062,39.0,27.0,26.0,195.0,168.0,6.32276930431551,63.9712714054871,58.74531177051889,31240.425178182602,11.0,53.0,0.7848985062462427,1
0.09361851294458186,1.0,0.0,0.0,48.0,7.0,5.805158570998731,19.903369224052483,32.092927193172066,5944.343080726774,0.0,9.0,0.03508102190409888,0
11.32330142675367,30.0,18.0,16.0,195.0,188.0,7.666088569850265,90.81681233219021,61.48357252438897,118256.80714096136,12.0,59.0,0.888103555793349,1
0.21503373366252024,5.0,0.0,0.0,45.0,2.0,5.5570422611960595,28.542611340236164,43.29653375958816,958.1514699399124,0.0,7.0,0.014663776945121774,0
0.04424031520016678,1.0,1.0,1.0,54.0,3.0,5.017533445762506,15.289564323671723,30.844059797016172,1409.3777226233374,0.0,4.0,0.056569949040181124,0
0.8826493613889731,0.0,2.0,0.0,65.0,4.0,5.091076235420115,16.87782580914028,18.137142264186583,2109.344141542013,0.0,2.0,0.15705736612291593,0
0.09725305293859524,1.0,1.0,0.0,44.0,1.0,5.427300192237135,23.192451130125196,21.464277699524455,356.1852974693463,1.0,0.0,0.19177400586598076,0
10.47021327447593,33.0,20.0,15.0,218.0,181.0,7.730953388951225,78.9868039959468,62.28666538233754,57042.56111095996,16.0,45.0,0.3948920973371268,1
0.2871224511494297,2.0,2.0,1.0,44.0,5.0,4.859393420467794,31.00049941643021,39.25299823863156,1258.5997788130908,0.0,1.0,0.02158781741958724,0
7.2831812818305615,21.0,24.0,22.0,172.0,188.0,6.1335550032965775,78.4570160444544,82.52076697488187,18329.764456080673,16.0,55.0,0.8923131718294213,1
4.293366353941401,24.0,25.0,24.0,221.0,186.0,6.862843457728431,95.36528643607969,54.35190552889385,114613.40163731475,13.0,51.0,0.6847515747116225,1
2.917546795750484,28.0,18.0,23.0,198.0,208.0,7.530510365286787,62.40426451637492,56.14444916836858,15758.212630560134,14.0,51.0,0.7793264963741025,1
10.136109199253148,32.0,17.0,27.0,189.0,177.0,6.531765265615445,60.56259777100436,55.271536246797154,8028.379490944338,15.0,41.0,0.9822982116558431,1
3.02659712552221,22.0,34.0,15.0,174.0,159.0,7.211165110034822,57.082307749928574,67.39902110230409,28397.238174726874,15.0,55.0,0.7635808814978761,1
5.0140854764882015,37.0,29.0,15.0,184.0,177.0,6.8588893406207605,100.0,80.22724962774625,5967.517344119543,19.0,45.0,0.8323539749709532,1
0.014823899668290206,2.0,0.0,0.0,46.0,5.0,5.307174682312596,24.837926606320075,21.441653846359557,686.3543267216724,0.0,6.0,0.01264149704987658,0
0.607614875746688,1.0,0.0,1.0,53.0,3.0,4.353120828904732,1.569903207111853,19.53352664188619,6273.6154115168565,0.0,9.0,0.016701818999169518,0
4.531183357239142,27.0,25.0,14.0,191.0,198.0,7.604095987322983,56.87210836274198,80.81043639402968,42837.5295324206,17.0,53.0,0.9010168623426184,1
0.6154559191562439,5.0,2.0,0.0,56.0,4.0,2.6864857148303436,8.686441223480909,43.807693535262196,2199.2729674802326,0.0,3.0,0.011253291563516527,0
0.27748487859553683,3.0,0.0,0.0,38.0,9.0,4.41132621633715,13.404304611191161,54.82355139723606,6300.422391667477,0.0,7.0,0.014948549324356408,0
0.053355860630192195,2.0,1.0,0.0,48.0,6.0,3.8338127157296134,6.309586606956971,24.16983218630552,1808.448911331515,0.0,2.0,0.02006122424268994,0
0.07189802441365738,2.0,1.0,0.0,44.0,6.0,4.086417676343247,13.526600101134957,57.025409797199444,3564.9790090106703,0.0,6.0,0.04320698619174341,0
0.025588629112900278,4.0,0.0,0.0,37.0,8.0,5.01390906501423,7.021220132785311,50.30138836949436,4756.6963741983855,0.0,3.0,0.03698654205465334,0
1.0918204134110214,20.0,19.0,20.0,189.0,186.0,7.176436811238825,81.29623700421631,100.0,25234.408650593527,10.0,40.0,0.877728147639991,1
15.466924657105439,22.0,23.0,25.0,196.0,157.0,6.826868507624684,60.34242816376347,55.24013351018402,8580.165373745505,15.0,66.0,0.6553186762960498,1
1.1615737100905175,25.0,38.0,18.0,185.0,197.0,7.014727919735113,80.36184086402392,65.87015861156479,100878.74739506535,20.0,44.0,0.8240624488171302,1
4.156817833048608,21.0,29.0,25.0,217.0,174.0,6.93364928610883,75.4713992348401,70.2965366042599,66030.88718374998,7.0,53.0,0.661836051605943,1
6.000558861742302,21.0,29.0,18.0,174.0,181.0,6.818988511464185,82.43145908071409,67.47863659623857,84803.07280465175,24.0,48.0,0.6890595427349119,1
5.501742401413892,23.0,22.0,21.0,230.0,166.0,6.603221898226387,88.39796204037734,39.50401156590657,35856.55691352657,18.0,43.0,0.8444322018431766,1
0.06544040838938023,2.0,0.0,0.0,41.0,3.0,4.775093252999772,1.4228904856828066,34.89112036022833,392.62048303649857,0.0,5.0,0.02597928047514302,0
31.86708132338207,37.0,26.0,17.0,222.0,182.0,6.356693533696323,83.40699410181182,86.03984254256575,51154.69862727858,14.0,52.0,0.8463637863576633,1
8.328986767407786,39.0,33.0,21.0,189.0,170.0,7.282791666486856,83.38234120504085,67.10722202877521,18466.531147431782,9.0,53.0,0.8657429886914663,1
4.273259596766188,28.0,26.0,26.0,202.0,156.0,6.572167195060144,81.50741675995101,70.45541067648496,14272.554946097212,13.0,57.0,0.8304521637076705,1
6.1029688023835815,31.0,30.0,22.0,182.0,175.0,6.811456839404445,67.06638557487997,62.58888400273644,50311.001364796706,15.0,55.0,0.7723480380425457,1
0.04012312473490152,2.0,0.0,0.0,51.0,7.0,5.161948172663081,16.488595682933905,56.071854405016786,6185.639980767131,0.0,4.0,0.09412160601230085,0
4.641095946909094,21.0,21.0,9.0,211.0,171.0,7.156967909721336,81.31818102169417,54.327631545444945,3968.6072602995446,16.0,51.0,0.5418264641063896,1
0.8917085260458684,33.0,20.0,14.0,186.0,188.0,7.064372465945593,81.22240456633908,77.5639922055716,62379.97466404211,14.0,62.0,0.802140604548194,1
11.443782947270126,27.0,33.0,12.0,211.0,160.0,7.069500849308936,67.50988844381295,78.03948481997297,73941.97640275334,13.0,58.0,0.9177352625506858,1
4.2814318214361515,32.0,24.0,20.0,187.0,204.0,7.427809047381661,65.1163814115264,63.00375873734674,156770.5960814457,11.0,57.0,0.9357521863612106,1
12.367204974664663,35.0,28.0,24.0,225.0,201.0,7.608664213791235,78.17386530321632,73.20978553777687,3565.2322376493453,6.0,44.0,0.9186786171912629,1
0.4293759200482871,2.0,0.0,2.0,57.0,3.0,5.0320823926656395,31.444227347417815,33.60476488884467,279.4690546640974,0.0,2.0,0.004945265772738243,0
5.903694053814642,31.0,27.0,16.0,215.0,181.0,6.690072079110351,44.043835263520926,71.33815328359611,18203.067147365186,16.0,46.0,0.9065243380278601,1
0.1317304111568972,1.0,0.0,1.0,48.0,4.0,5.775682245025044,20.877467749356818,60.47447594088878,3082.942828987362,0.0,6.0,0.020998179434054118,0
0.3652996043393629,4.0,1.0,1.0,51.0,6.0,4.709869217105292,12.51770659235582,43.90459196563447,586.6051279678056,0.0,3.0,0.012457180927010631,0
0.4980211841309696,1.0,0.0,0.0,44.0,6.0,6.9806655578622765,32.18741229007503,35.87232166324524,2873.337709807894,1.0,8.0,0.07755469367420782,0
0.5247266204806017,1.0,0.0,0.0,53.0,9.0,5.488674799574821,25.478962318033183,52.921523811945065,2184.7069842577553,0.0,4.0,0.017041579757939483,0
0.017784511934621338,4.0,1.0,1.0,45.0,4.0,4.766499867277807,34.04804551935522,56.22029027034706,114.29682144923679,0.0,3.0,0.006462041660301891,0
0.21565552577773234,2.0,2.0,0.0,48.0,4.0,5.654655905388987,25.867633820969807,13.946040506290885,537.8875828804563,0.0,7.0,0.011905707381862888,0
0.17680119766798671,1.0,2.0,0.0,55.0,5.0,5.615654871666828,19.368652705094085,60.72666675053145,184.49158899020426,0.0,7.0,0.02911666373055695,0
0.34098988736790947,0.0,0.0,0.0,44.0,7.0,4.581187471165513,4.368937765015113,35.59690177460759,132.05600340500789,1.0,5.0,0.06063559294860519,0
0.0016612261127806425,1.0,0.0,0.0,44.0,2.0,4.13059087765893,16.777718272185837,76.50548557130249,3008.3127959300855,0.0,5.0,0.03813893831758385,0
12.222073282122519,28.0,22.0,13.0,191.0,171.0,8.0,68.1990978258725,79.23976193782796,106237.82811804625,24.0,56.0,0.7920421071754845,1
0.002812629649336847,2.0,1.0,0.0,50.0,4.0,3.596568905540651,19.236483418092305,37.556343678234626,384.81637018510713,0.0,6.0,0.014809185585075484,0
0.21365137573039106,2.0,3.0,0.0,43.0,4.0,5.347131153523144,18.292365116432716,9.38774184080323,262.88430538977417,0.0,5.0,0.027742169018623485,0
0.3225713145511208,2.0,0.0,0.0,55.0,5.0,3.2058479875323957,6.323616757101503,25.31147246337406,8429.727819264184,0.0,5.0,0.11712109693355412,0
0.06119388961854014,1.0,1.0,0.0,49.0,4.0,4.24401607542435,34.70176722984515,41.589926632329096,875.3741607365142,0.0,2.0,0.03741286096850255,0
13.652144985827217,28.0,29.0,19.0,191.0,186.0,7.361849287879976,93.9550855082272,79.89618733195738,6681.504820294743,13.0,57.0,0.8819337589523828,1
0.23468837570613776,1.0,0.0,0.0,40.0,5.0,2.20123570157145,8.94848767363962,42.51217381914691,3174.37648117205,0.0,9.0,0.018195370079440335,0
0.24693437429404413,2.0,0.0,0.0,42.0,4.0,4.483572427269024,16.37922657441087,23.38440390669576,2133.439108497268,0.0,9.0,0.016521645729410103,0
11.358989298945641,28.0,23.0,36.0,191.0,182.0,7.315269880961262,41.854936813287296,84.89804091027669,178216.21950864376,19.0,47.0,0.9163465203206216,1
0.2429615737042847,2.0,0.0,0.0,54.0,7.0,4.050867185734433,16.43169460852879,36.55631349325178,2852.965054247906,0.0,5.0,0.07931627598857478,0
3.038821356074454,26.0,24.0,24.0,211.0,170.0,6.974845808899747,92.5609567137647,67.83365550265543,27428.44811173803,18.0,61.0,0.6070766379397803,1
0.07766221975095007,0.0,2.0,1.0,41.0,7.0,3.6829939925360886,15.786978236149242,18.801274166624868,11143.35819911227,1.0,9.0,0.11005911130724007,0
3.1000830971663063,26.0,23.0,20.0,211.0,162.0,7.5678165012402925,70.78189773585443,73.06001679817066,26430.353127772927,22.0,46.0,0.6644347651363112,1
0.996270689817982,38.0,24.0,20.0,193.0,162.0,7.748389639841606,84.30411870557823,62.350645426485926,44818.173901646966,15.0,50.0,0.7292466336867482,1
2.45260764192938,35.0,26.0,22.0,200.0,174.0,7.591851311003579,71.60009425346011,61.13295616410408,18948.629192160948,15.0,43.0,0.8347839493625792,1
0.9001471959368288,1.0,1.0,2.0,48.0,4.0,5.236413795056577,9.114508450286005,16.2431977653867,3956.9615636761914,1.0,5.0,0.021173607723781896,0
2.360606402294124,29.0,27.0,15.0,200.0,209.0,6.608377784936585,61.69225441083137,78.5859475378181,3221.51232539848,13.0,47.0,0.5823995043331135,1
0.4342082202995513,2.0,1.0,0.0,44.0,2.0,3.7877069027049655,17.247103004566863,30.475320049591115,1790.0139148135177,0.0,4.0,0.07640668854045549,0
3.3845354987763256,24.0,20.0,20.0,211.0,180.0,6.687654813514165,100.0,69.30402748893154,21738.273726606883,16.0,59.0,0.8783797122311131,1
0.0857907710927553,0.0,3.0,0.0,53.0,2.0,5.841305874842286,38.10475865770133,41.24746130820262,5067.771870136738,0.0,4.0,0.0530990277593176,0
0.3081428064148762,3.0,0.0,0.0,58.0,6.0,3.3335888480048173,24.07059542382665,18.00834920600697,4845.363481161626,0.0,2.0,0.008564974211706898,0
0.18776187839472266,2.0,1.0,1.0,54.0,11.0,4.40232906251993,27.58999133910385,12.372760910830227,481.15014737274515,0.0,6.0,0.1144862294239877,0
13.155407906052355,36.0,18.0,15.0,214.0,188.0,7.615285821129797,70.60634221999761,76.33146149845308,29215.654679513114,20.0,52.0,0.7527062246327253,1
42.15415739833042,25.0,19.0,23.0,195.0,197.0,5.722395231097411,98.12046891228029,86.67720879292756,73129.83965794045,13.0,52.0,0.8420819113044615,1
4.980132404553176,26.0,26.0,11.0,203.0,192.0,7.657350450323985,99.3863724178398,64.93386413400924,54810.90517873408,19.0,45.0,0.748962915261634,1
11.200728346414989,28.0,19.0,24.0,208.0,173.0,6.962231161279637,65.62563143908056,67.82320482569271,107943.92320089656,19.0,53.0,0.7725871739099293,1
11.680421003995965,23.0,14.0,22.0,209.0,200.0,7.999857670099306,63.378429650542905,63.39225824831161,10086.479504172466,16.0,53.0,0.7724897389033808,1
0.026596160333342007,1.0,1.0,0.0,49.0,6.0,4.685981116494709,14.126898021518125,42.79522662272738,125.76333544311582,0.0,6.0,0.01026070658954058,0
0.8975215575100308,2.0,1.0,0.0,33.0,7.0,2.5059786462347624,28.918181780704725,47.36034269055263,2837.3876206386303,0.0,5.0,0.10231740459435351,0
0.017874902499830543,2.0,1.0,1.0,56.0,7.0,4.906019339679797,10.987472998312809,45.30884321942121,7359.641593521797,1.0,7.0,0.013726927228328831,0
0.04942797046700189,2.0,1.0,1.0,43.0,6.0,4.948695200218555,17.098244606020934,43.727281518698284,154.70253155388494,0.0,1.0,0.07269120350700282,0
0.037783339345810206,1.0,0.0,1.0,49.0,8.0,3.368521236124939,18.151956744971944,5.195746766199637,692.8658765922817,0.0,10.0,0.037377892083280975,0
0.20701092655466555,1.0,0.0,0.0,55.0,5.0,4.183397011678757,16.638556385839024,46.17858706792502,605.1035199284465,0.0,6.0,0.04101260616926459,0
0.4919576152306077,2.0,1.0,0.0,62.0,3.0,4.108358909546221,24.481222517902246,28.47018952145435,544.6494557661835,1.0,7.0,0.02570451275820725,0
3.0828652792288893,32.0,27.0,24.0,200.0,162.0,7.754857524475345,74.32157122304208,75.99499113487902,141450.49771988278,15.0,57.0,0.7743366380109664,1
12.073386137931898,27.0,26.0,16.0,181.0,203.0,7.722174891862236,49.53417081928119,74.15718980913178,9312.623001157564,16.0,56.0,0.7893756167463297,1
1.7606887873749888,34.0,30.0,28.0,212.0,187.0,7.701498222622698,65.95032366584752,68.50912393066068,110486.50039376308,15.0,45.0,0.7704793627382424,1
1.4993651677684137,19.0,23.0,24.0,180.0,173.0,7.9596464139428615,79.03609542616852,71.22258111538801,56873.894780847615,21.0,38.0,0.7549941368280798,1
1.5251428100055968,27.0,31.0,17.0,200.0,200.0,7.39753158392162,76.96333261421073,91.40277177747669,2875.7741284490553,14.0,41.0,0.7461076751295442,1
0.8018716521897519,1.0,0.0,0.0,52.0,6.0,3.187350744709792,13.510697086486722,2.260749494855453,1415.5681973986477,0.0,7.0,0.028887114567957343,0
30.197690450057973,46.0,25.0,25.0,212.0,179.0,7.237411943417262,70.29340887401386,66.6108522248495,36015.02269323445,12.0,49.0,0.927511032767597,1
0.13206202789554183,2.0,1.0,2.0,46.0,4.0,3.7190848529019376,20.745761520361274,37.849328368788036,258.23320051989674,0.0,4.0,0.005674609537891114,0
0.37484756248680773,1.0,0.0,0.0,44.0,8.0,5.158177698509115,17.135960246497895,11.48117217328046,581.5671530755876,0.0,4.0,0.040255579643459286,0
0.025090713777600047,2.0,1.0,1.0,58.0,3.0,4.024628848919835,7.537235738779701,42.819121059291106,6995.598221284652,0.0,4.0,0.027453693819201767,0
0.28764230682923403,1.0,0.0,2.0,52.0,5.0,3.2439089284750837,37.7115530556045,59.8418242611384,276.30545358906375,0.0,6.0,0.06234360788302042,0
0.13754555501488058,2.0,1.0,3.0,51.0,9.0,4.867117044422369,23.297778582886394,24.97267280173388,19.967418968153595,0.0,3.0,0.017529887677796924,0
0.18183832670308525,2.0,1.0,0.0,47.0,7.0,3.714584372066359,13.802127529539245,28.496839703847762,5434.918095409837,0.0,2.0,0.021618499852377997,0
1.321539949014398,5.0,0.0,0.0,52.0,6.0,3.8934644993370435,12.997531435787224,38.39305762992983,35.536088589596766,0.0,6.0,0.022448686894181707,0
0.5534219612946385,3.0,3.0,0.0,37.0,4.0,5.595436282679029,21.210593624736628,12.967771900558986,719.9111464723374,0.0,7.0,0.018138395629942915,0
14.917149385814183,26.0,15.0,18.0,218.0,181.0,7.785452912155818,80.93950879187798,86.63813043305981,30349.202542391078,9.0,49.0,0.710718811981996,1
0.20689938487788284,3.0,0.0,0.0,55.0,4.0,4.963558320829564,30.18174442838346,39.89065909516963,424.8590014652455,0.0,11.0,0.02867002267816941,0
0.033813920634808814,3.0,0.0,0.0,49.0,4.0,4.698573011674247,0.0,22.33205933671227,1975.243840430949,0.0,2.0,0.061957965056076605,0
1.1616346574846532,28.0,23.0,17.0,217.0,163.0,7.604664710906569,66.82390695852433,67.89939333947488,59475.062697738045,18.0,48.0,0.8866485100318214,1
15.905954727345181,29.0,21.0,23.0,187.0,181.0,7.818799024377245,86.87418072718684,62.83206954896955,50903.25959617863,9.0,43.0,0.9068000393195732,1
21.807863568419073,39.0,30.0,15.0,196.0,180.0,7.750919003869883,77.35118428890954,73.93595325987224,2206.879635690669,12.0,58.0,0.8564014044459217,1
0.01117030255730165,4.0,2.0,4.0,39.0,7.0,5.132144708437578,16.34089030234007,31.929207406726636,2575.1978819544224,0.0,5.0,0.030812320648960223,0
0.3052695053190308,1.0,1.0,0.0,65.0,4.0,3.5462281678372745,26.715589707549213,29.11726189315703,1106.65747511275,0.0,6.0,0.031071631509567675,0
0.020917778218428395,0.0,1.0,1.0,38.0,4.0,4.517788740355915,5.592665950336384,59.56820975074038,545.2557802292187,0.0,3.0,0.008929315812211281,0
4.503288225976513,35.0,25.0,19.0,183.0,195.0,7.206548408674415,74.12653718080045,73.39921971332225,19214.38636650001,13.0,46.0,0.7187924612620181,1
18.133097498189606,32.0,22.0,15.0,208.0,173.0,7.226546842177133,73.2804472730474,42.5720806691961,67894.52284778083,16.0,65.0,0.9047998217994114,1
0.5028352317749769,3.0,0.0,0.0,52.0,4.0,4.834186932298905,16.21903145815172,53.59112858427882,571.6897137646429,0.0,1.0,0.024050301726184917,0
1.7924992454043531,28.0,27.0,23.0,218.0,180.0,6.89615216007466,77.7340788899821,63.24265159000727,84580.6419163177,16.0,50.0,0.8733600695679585,1
0.061316579852371725,2.0,0.0,0.0,46.0,3.0,7.391211849838983,23.92907833334636,64.26101961174473,4009.566658163764,0.0,2.0,0.04354943725568123,0
25.794340815009093,28.0,34.0,17.0,201.0,159.0,7.252950846090052,64.63730651260875,64.21834972619264,19408.008325736297,15.0,51.0,0.8694798930874426,1
1.727231682746522,31.0,36.0,20.0,189.0,194.0,7.091220059171722,80.39620945225995,67.05109636069666,62395.50702521742,11.0,60.0,0.877436305472533,1
0.24961323110285416,3.0,5.0,0.0,45.0,2.0,5.710918047315004,16.339492939017195,56.3836086224935,246.9023115071941,0.0,9.0,0.0008494710961529396,0
12.436816907420823,32.0,24.0,13.0,212.0,188.0,6.81518262593134,89.48638061906132,69.39234699422089,1414.981540948964,9.0,43.0,0.8113411883097825,1
0.012901434281204197,2.0,1.0,0.0,62.0,4.0,7.640071117493788,27.78399871180435,69.65424191819505,4157.805398948642,0.0,4.0,0.0029807551129096147,0
0.3937654090381522,1.0,0.0,1.0,47.0,6.0,6.287869904551495,21.88908570314719,28.537843346405523,5128.685319821992,0.0,5.0,0.038020018368738334,0
0.08215816564262311,1.0,0.0,0.0,48.0,5.0,2.6208658256681896,5.775419306963119,25.021731807647654,252.5289202900884,0.0,7.0,0.13096671260399206,0
9.361309245354791,30.0,22.0,22.0,178.0,185.0,6.836850586818858,66.69822108532618,51.81608462564404,82706.5675126603,19.0,35.0,0.9115250203058275,1
7.92632692705085,34.0,22.0,11.0,197.0,198.0,8.0,96.62123662377105,71.10756550910746,13474.14193236086,13.0,56.0,0.8471410906315212,1
0.2753333010662376,2.0,1.0,0.0,48.0,8.0,4.401556191930111,20.660613443247836,50.070027246448625,238.30540835560365,1.0,1.0,0.04036654545425925,0
0.24209790562895445,1.0,2.0,1.0,49.0,9.0,5.583604799206479,36.944787837776865,36.93873941030415,1880.85003554776,1.0,7.0,0.13366379451553298,0
16.507546907124237,33.0,23.0,24.0,207.0,189.0,6.75116578892703,78.67950529170882,67.46194315115923,37255.88603581947,14.0,44.0,0.5460288287140468,1
5.91300971687394,19.0,28.0,25.0,190.0,174.0,7.568458563148914,49.17939963853976,57.23308347940424,17394.711180353606,14.0,65.0,0.5673550269674335,1
10.166609753516692,29.0,27.0,25.0,223.0,163.0,6.894219461179893,53.303282944629345,84.51932171967947,19500.804400999812,13.0,56.0,0.6953695211916648,1
1.305409935188633,20.0,33.0,13.0,216.0,185.0,7.839363004565416,80.96798280390495,70.80068060790364,85824.48585920045,12.0,50.0,0.776833428269586,1
38.68886103006237,34.0,22.0,22.0,187.0,179.0,7.368250763391868,67.50190952435929,54.62583810247018,68203.09504999369,19.0,47.0,0.9344441159534508,1
28.30594913017432,33.0,24.0,20.0,208.0,189.0,6.860480007327714,46.38446235579838,66.09628002006475,15449.815358737034,13.0,57.0,0.6815150434370617,1
4.82124164062077,38.0,23.0,19.0,188.0,184.0,7.37845277445931,44.183294318136724,71.14490599165578,33894.17801476293,23.0,43.0,0.7847766263726912,1
0.022194802552918197,29.0,20.0,31.0,205.0,197.0,6.596143116103252,85.63240992317117,71.6173021676279,20592.979498601162,12.0,52.0,0.8283478035025947,1
8.436686975157603,23.0,25.0,18.0,194.0,160.0,6.8088233612754445,68.57770075073849,62.2292784148373,144732.95970362093,15.0,47.0,0.8858875310351505,1
3.443343423100736,28.0,21.0,19.0,200.0,193.0,7.7003908585470535,69.0251107383387,95.05723598651792,27067.69899148112,12.0,54.0,0.857569361160413,1
0.19388945798748533,3.0,1.0,0.0,57.0,7.0,3.50555757867284,26.44425211729871,29.92813218129204,1671.4840709853374,0.0,7.0,0.11186199084630438,0
0.3041722894003672,3.0,1.0,1.0,46.0,5.0,5.233375186363284,20.417689918609227,24.731834518269274,340.03031166781517,0.0,2.0,0.020053567764903066,0
5.993414635535099,27.0,28.0,22.0,198.0,196.0,7.408522311691113,63.89146522920056,68.57668619982105,30634.41821406558,16.0,44.0,0.5706713611123112,1
0.11799726131667812,0.0,0.0,0.0,39.0,6.0,4.61755969444974,26.018978456230794,34.8833124436239,1097.5864096069245,0.0,2.0,0.017895943585012213,0
20.705808636223562,29.0,29.0,18.0,231.0,201.0,7.6832129099125615,80.74068017952979,69.2766686607274,137059.60280227396,16.0,58.0,0.8444681206494148,1
0.36804678208780345,3.0,0.0,0.0,41.0,3.0,3.455527461621112,13.633175162766712,50.72102943126562,324.5931471063326,0.0,4.0,0.0208353807815106,0
0.6156338534630738,1.0,1.0,1.0,61.0,6.0,3.35941606705443,9.908130783279287,31.30046220459546,690.6016265023187,0.0,3.0,0.005121752445572999,0
14.348966617749829,32.0,31.0,23.0,213.0,182.0,7.659154063325437,45.729617162525486,72.36365774111466,19731.05092561301,17.0,41.0,0.6453239516055268,1
0.33041889515169204,2.0,4.0,1.0,51.0,4.0,3.7988777882709175,30.63442289187257,43.3760342470635,4510.48958373486,0.0,8.0,0.0208504146736697,0
10.376497947101594,23.0,14.0,14.0,194.0,189.0,7.555258856699403,80.85933960390476,79.81180453617084,33092.54870895421,15.0,28.0,0.9304347648999736,1
3.0042154604880853,37.0,19.0,13.0,180.0,187.0,6.583014018893599,78.43191935709741,66.28643522963884,2916.229602700187,15.0,42.0,0.5613809517201243,1
20.211256045516134,32.0,27.0,19.0,179.0,182.0,7.571212773686973,79.90457279899653,71.42031513059243,15897.968414053104,20.0,56.0,0.7521761023512219,1
0.072935401028971,0.0,0.0,0.0,59.0,2.0,4.096592237930491,29.96904331396859,53.33181588741067,611.0210291221402,1.0,6.0,0.10299175854908182,0
6.771995777366722,24.0,22.0,21.0,199.0,175.0,7.224074385882649,61.123192009272,61.77455912052653,27649.51549094236,17.0,55.0,0.9133912646383714,1
0.003506575815279271,0.0,0.0,1.0,48.0,4.0,7.136946836579339,23.22411855409523,37.75436227901911,326.2066892623112,0.0,4.0,0.003178097157098943,0
2.7860309491631443,32.0,27.0,17.0,193.0,172.0,6.390855756436132,100.0,65.5225022890696,7259.140981281847,12.0,55.0,0.7952844565474975,1
0.054558511514781693,0.0,3.0,0.0,52.0,2.0,5.762727694202554,21.56227899809024,36.48389504055855,1313.2936930319736,0.0,5.0,0.047927338542002665,0
0.02100205391323241,1.0,0.0,0.0,52.0,5.0,3.8154390900232795,5.978274813816265,68.0316460233765,3000.361369119907,0.0,4.0,0.05273573997590038,0
0.1854332083434627,31.0,31.0,21.0,180.0,186.0,6.892672711707729,74.31121303818342,77.00204778754473,83965.09187026891,19.0,45.0,0.8035042104879672,1
0.09009787564418356,1.0,1.0,3.0,53.0,5.0,4.922327800023018,10.164692994785508,57.89156482594423,4622.366441024799,0.0,0.0,0.16307562223727365,0
0.02011565355320456,1.0,0.0,0.0,56.0,6.0,2.726508146161381,16.13935544366056,29.549016622783526,1742.8390445344162,0.0,3.0,0.008420848677818957,0
0.23296640734457838,3.0,1.0,0.0,50.0,5.0,4.530975526569029,33.809449925788094,49.681559894595665,1569.1835794892993,0.0,8.0,0.05185500548468703,0
2.4975736122464016,20.0,28.0,19.0,219.0,199.0,6.35228918465232,78.21395638508565,44.51312177383315,50570.09913305004,18.0,51.0,0.7547586996177224,1
0.08519909099831113,0.0,6.0,3.0,47.0,3.0,5.89390252398389,36.050972287208104,9.909029537547998,103.50827909816383,0.0,1.0,0.0372162788876885,0
0.027590675131215218,3.0,2.0,0.0,56.0,6.0,4.313591648110943,21.25126428658865,43.415920632134466,356.1094798548407,0.0,4.0,0.014186791485425348,0
5.661190558246962,26.0,19.0,25.0,196.0,182.0,7.299284113460409,57.56271729388425,60.4884825559122,6608.913598182581,15.0,50.0,0.7637447439192933,1
0.29493749843481853,3.0,0.0,1.0,62.0,8.0,3.701594342579043,22.94193923171262,39.36177488186061,4153.752133025288,1.0,7.0,0.07580740967593899,0
0.05941936823404337,0.0,1.0,0.0,51.0,3.0,5.8057947677352395,0.6401959678517422,31.310644229489014,1345.3875288455579,0.0,10.0,0.15080712134428592,0
3.0864255554487885,31.0,23.0,17.0,184.0,185.0,8.0,60.44531321360742,73.64016055871238,12836.929469923632,22.0,60.0,0.5233115567545253,1
0.11902476906959479,1.0,2.0,0.0,58.0,2.0,2.8990495088790866,25.30502437774453,66.50691363425778,1394.5663627457905,0.0,6.0,0.0024251256857333154,0
0.08834091198501971,33.0,21.0,24.0,187.0,187.0,7.085472766871757,76.41815592561808,61.983452336947295,78802.58806494204,17.0,57.0,0.6523049692728612,1
0.1528788501111886,19.0,18.0,16.0,186.0,200.0,7.081279819272665,57.60163087671342,64.33255697391955,34416.82260362382,9.0,52.0,0.8126521280502395,1
1.1140770906381248,3.0,0.0,2.0,59.0,4.0,3.9094990190361374,38.03654811853507,39.05890603641587,224.87917240118026,0.0,4.0,0.012707340429517749,0
0.10068175446463395,1.0,1.0,0.0,50.0,3.0,4.390784615186732,10.977640616471433,12.956822226215852,1971.7200562300386,0.0,7.0,0.043534393803995756,0
26.353105842495168,31.0,29.0,26.0,222.0,192.0,6.148353274128627,49.81666817651093,63.400630638488835,36896.475485006216,18.0,47.0,0.5064610340404384,1
17.381083923015748,28.0,27.0,21.0,207.0,209.0,7.711128101636678,64.76775416124437,68.03125745565647,9036.703504219311,12.0,56.0,0.7215787255643047,1
5.476708258079442,27.0,17.0,18.0,217.0,170.0,7.203444830821418,80.00359341685818,69.29239935122698,23140.70021335189,14.0,52.0,0.8510241338995966,1
1.3401099696047687,29.0,30.0,23.0,161.0,179.0,6.642217324726925,86.58369230068219,73.2580756682099,23285.15174098652,14.0,61.0,0.38477873272464397,1
0.2939797516464114,1.0,2.0,0.0,52.0,5.0,6.446788825991345,23.079960776308482,33.92072478157201,298.1501945103009,0.0,5.0,0.049600988125575174,0
0.23378580572096683,0.0,1.0,1.0,40.0,5.0,4.708817356605428,8.966578782200097,16.41632956369168,2080.774110477637,0.0,7.0,0.005195064550331721,0
3.856762909426498,27.0,21.0,18.0,192.0,162.0,5.921635600652636,93.13698146166604,60.499476548585434,13016.239149132169,20.0,48.0,0.7368918994686559,1
1.914515703697489,33.0,28.0,23.0,203.0,175.0,6.6547902377468775,68.2665194669231,61.67658277510046,70439.19363295214,22.0,45.0,0.7424480567403072,1
10.381743859650166,27.0,23.0,23.0,191.0,180.0,7.395825850407055,41.43191552757115,67.50410207683483,88028.86224510535,15.0,45.0,0.8785496339302116,1
0.10102253336370551,3.0,0.0,0.0,51.0,9.0,3.860979778337441,0.29397179320358546,25.34528854640767,1186.781199687203,0.0,1.0,0.018632205668358374,0
0.1554148802431198,0.0,0.0,1.0,62.0,5.0,3.6369941523894833,11.671467469587204,37.144278148304686,160.72922229772618,0.0,2.0,0.11613737928503494,0
3.558321370392607,28.0,14.0,15.0,187.0,184.0,7.299272516743674,89.40668298151986,71.6621301744175,3829.1220249498574,6.0,43.0,0.8890459108386445,1
10.071847354839031,31.0,29.0,24.0,193.0,171.0,8.0,75.33287233439759,58.277787991432106,3761.623148563102,20.0,47.0,0.9256996985791722,1
0.5965313343105394,24.0,36.0,17.0,204.0,179.0,7.733980956138187,63.9906276891085,67.69705985031437,25359.578177410334,19.0,41.0,0.9013751115505276,1
0.16430961040620742,2.0,2.0,0.0,60.0,6.0,5.74943728074607,19.142293791286733,34.556604815521034,3458.7547145508065,0.0,4.0,0.03803233791285365,0
0.26268271639097956,2.0,0.0,0.0,41.0,3.0,3.789689251873707,28.87315709963142,30.546845849272703,1051.0877702415107,0.0,4.0,0.054507394691270715,0
8.281471876821671,31.0,15.0,18.0,190.0,176.0,7.9591954271944285,100.0,72.96013497421114,26293.641478309797,12.0,54.0,0.9168960825407007,1
0.9846029593624194,2.0,0.0,1.0,57.0,10.0,4.940999944705157,30.60603002577569,55.99215999728463,2007.1742200530718,0.0,5.0,0.09128208199845918,0
0.185972251896349,0.0,0.0,0.0,49.0,4.0,4.222712415246348,29.165652227744854,27.303975430074164,6829.690696570181,0.0,5.0,0.003754191571989279,0
0.09852367841669878,3.0,0.0,1.0,61.0,8.0,4.35555916392162,19.865041883131536,48.626191862121765,1.298160368395354,0.0,4.0,0.0011689049696104051,0
8.95157814115843,33.0,23.0,20.0,222.0,183.0,6.855072151736256,50.246644728532566,57.744697755499494,90356.50607443388,18.0,47.0,0.6018004909802562,1
0.12871299051119245,4.0,1.0,0.0,51.0,9.0,4.335528820780368,35.21203616651506,25.616368335499004,238.26703470552857,0.0,5.0,0.02468948383668426,0
2.619036947495027,21.0,27.0,21.0,199.0,170.0,6.900244702164791,57.531505889111784,76.86716959267709,3916.823519409326,13.0,54.0,0.9396334615254059,1
0.9763950159059385,35.0,26.0,20.0,193.0,170.0,7.591233788792781,60.64940091149899,83.8944569989375,3426.846102569113,15.0,50.0,0.7744837367900368,1
17.273315466378044,44.0,22.0,18.0,209.0,191.0,7.232107055216439,63.61281034336899,87.95752031629063,10390.592365035727,8.0,43.0,0.8604010631907397,1
1.5285936854259152,31.0,24.0,25.0,209.0,188.0,8.0,77.5191562201466,87.37165718179338,77490.02130123513,15.0,49.0,0.88679417074015,1
1.5822582823867481,33.0,29.0,19.0,208.0,206.0,7.462946252548995,63.795143275875645,60.50799343900769,87899.15229393367,15.0,43.0,0.7394510794205332,1
0.137631642386881,4.0,0.0,4.0,63.0,2.0,4.024529678980815,12.497758140760174,32.622754160472574,696.2025132226597,0.0,9.0,0.04870299683500587,0
0.4922805549679927,1.0,1.0,0.0,52.0,3.0,4.027173579156709,23.266450993865604,52.257598633483184,1116.7937552217918,0.0,3.0,0.08678431103962979,0
0.14789653621805135,2.0,2.0,0.0,44.0,3.0,4.92312236735182,21.88933410314267,23.26395861356239,604.9162562035332,0.0,3.0,0.007099844457275117,0
4.776377791713683,39.0,35.0,21.0,208.0,170.0,6.740367992404957,77.16463257644973,69.74658937788904,1734.9558716597644,20.0,42.0,0.6072032589765195,1
5.005801850954583,27.0,18.0,14.0,203.0,165.0,7.018450765767826,62.63813060557068,75.7056149138458,13222.108603364193,12.0,46.0,0.8726122565117654,1
10.753765209318253,21.0,32.0,21.0,188.0,179.0,7.743945495119941,50.81037893197956,82.0094571029164,20967.636665267517,15.0,40.0,0.7488925128411753,1
1.0558474583175053,24.0,24.0,27.0,224.0,162.0,7.292155804844723,73.27931426156954,68.78807451682589,55094.500061468396,7.0,47.0,0.8567907240386609,1
5.411755591276078,24.0,28.0,15.0,194.0,171.0,7.719879309123948,49.102151979209765,67.64376563377444,38350.80811898952,11.0,61.0,0.6996824283995503,1
0.024276685329955437,1.0,1.0,2.0,56.0,6.0,1.8394770046067288,17.969775220264665,32.236591664483406,1678.1423377941926,0.0,2.0,0.08161611426351562,0
11.47120765993787,26.0,30.0,13.0,198.0,155.0,7.8549878922489125,83.18992424051535,93.13679274993186,84850.3544886342,10.0,43.0,0.8237920414494452,1
0.05705841384006749,1.0,0.0,1.0,47.0,8.0,3.969003150441387,31.804903685806785,63.331696756474585,3742.749936879573,0.0,5.0,0.04043560216695135,0
15.828347434776035,21.0,25.0,13.0,197.0,189.0,7.439815450097465,66.34702235846822,92.7315089758234,92040.72370014897,19.0,46.0,0.6324734164453099,1
6.602360028717927,35.0,29.0,17.0,187.0,194.0,7.49788078975337,68.35913830466501,72.65238465210639,34755.871731241525,12.0,44.0,0.460342137177075,1
0.08702510977782298,1.0,0.0,2.0,50.0,6.0,6.5946514531061515,9.651818434076588,44.11437081260567,590.9529802236431,0.0,5.0,0.037133175938169644,0
14.37277454141428,33.0,22.0,24.0,203.0,193.0,7.788784567413067,69.86445710364248,72.79805496824241,75480.55474858772,10.0,51.0,0.5126277583511667,1
0.07423624745416618,1.0,0.0,0.0,45.0,4.0,1.9249611556320847,12.749178272274092,38.95429256520586,156.98343104879228,1.0,8.0,0.0002012523574124921,0
12.291298006768496,34.0,41.0,20.0,202.0,200.0,6.347123141252591,83.78194351791738,82.55756168951267,12335.940637831918,17.0,65.0,0.8629501143324599,1
4.55461177770963,37.0,30.0,17.0,194.0,197.0,7.8986579811701665,87.78942886216738,65.47025776066609,50185.809562398834,18.0,58.0,0.8532350351733704,1
0.30436123446138474,3.0,0.0,0.0,60.0,4.0,4.1014447783487356,24.859516709579708,29.075896978264577,2921.4229829425067,0.0,1.0,0.05516718605529165,0
4.798891083746501,29.0,28.0,21.0,210.0,188.0,6.639531021434101,68.25152202473126,49.24342130258723,100158.80089764224,15.0,41.0,0.7709110181926243,1
0.6301300179986472,30.0,30.0,21.0,216.0,189.0,6.7467460370567025,80.73197035282566,57.613741749005634,19617.90978182299,9.0,62.0,0.9126769611004011,1
0.03220290138746606,0.0,1.0,0.0,52.0,5.0,3.9964778127000504,21.323909782814972,65.4610920480516,3017.266763652594,0.0,4.0,0.1243088280775981,0
0.03394410518874871,4.0,1.0,1.0,55.0,6.0,5.49005711078776,43.76255803259791,32.070598882709994,3038.0022394018924,0.0,5.0,0.053310472411953615,0
0.4294176337811181,2.0,2.0,0.0,61.0,2.0,4.161577041866722,18.738105440842837,62.683340284923446,893.4493728394996,0.0,7.0,0.007281160266394229,0
7.187561446179026,27.0,34.0,20.0,218.0,164.0,7.780809147664202,66.27108968509506,62.71346841987686,6568.434512911581,15.0,56.0,0.89579797994954,1
1.6844279860566362,24.0,25.0,15.0,210.0,209.0,6.169230109609527,87.95406934004417,74.95448103586689,347.710978829694,18.0,54.0,0.8347366535893755,1
6.693640991601357,29.0,24.0,22.0,198.0,185.0,6.700036491514947,56.14910253350164,68.84193550806742,2499.7412616344827,15.0,43.0,0.862630296162046,1
5.599876528352225,26.0,18.0,20.0,204.0,169.0,7.464292182044733,79.89198089759272,62.969237431379504,31826.13769165418,15.0,48.0,0.9674199294926173,1
7.3529664452461585,31.0,25.0,22.0,207.0,171.0,7.05291942986343,65.78499921082403,59.17050724697909,9281.393523515693,13.0,48.0,0.8841507548344283,1
0.11174650512310612,1.0,2.0,2.0,56.0,4.0,4.188876556020096,21.05704338716443,35.99959703087097,1266.573345711213,0.0,0.0,0.05068796154373252,0
9.329640880738753,24.0,24.0,18.0,203.0,192.0,7.819482023864404,97.35550086088273,68.15806341867808,4635.413880635382,9.0,44.0,0.9363629173143582,1
0.9405079458659367,0.0,0.0,0.0,33.0,5.0,4.700061833066255,30.389328785167365,52.621939024961875,168.2873231441695,1.0,3.0,0.010312017034156871,0
0.24235065462209557,2.0,0.0,0.0,41.0,5.0,3.0538972719814415,25.77793251028751,39.74975235014833,1500.6689072509403,0.0,3.0,0.09119731634795758,0
0.27726066569553465,2.0,3.0,0.0,44.0,4.0,3.7017252246968155,28.40601358016867,46.48320985038241,4477.710559168171,0.0,7.0,0.012609188037223941,0
0.3267804591107967,3.0,1.0,0.0,44.0,3.0,5.40693931969979,34.0711395867398,29.140572130865763,5128.850513631326,1.0,6.0,0.008492443425451636,0
25.809068260498826,30.0,27.0,15.0,175.0,178.0,8.0,61.838319960590546,65.48580321102324,37930.83813569558,14.0,48.0,0.6897483058706343,1
4.346184965450094,19.0,21.0,20.0,210.0,213.0,7.153621781922994,80.34373135967027,57.209462715470046,91049.47310392006,9.0,49.0,0.7887754711854159,1
7.478723254273195,29.0,30.0,20.0,200.0,171.0,6.737969346208805,71.79549989202387,76.88186941590037,3587.9326187351826,15.0,48.0,0.7128339165242081,1
0.05061090202828664,1.0,0.0,1.0,60.0,7.0,4.4278641238237535,11.543994730740225,24.87450365973823,657.2754997628864,0.0,7.0,0.01706520215476389,0
20.99486785751,25.0,34.0,17.0,217.0,181.0,6.237047199447527,78.99249670107106,74.00259516782852,1350.2774354944343,17.0,49.0,0.8498734535396785,1
7.078634330302104,28.0,25.0,24.0,188.0,185.0,7.30311838170144,76.27823577442832,66.27089809376714,319907.3812777209,10.0,61.0,0.8162802643718012,1
0.009292518630442363,0.0,2.0,1.0,47.0,5.0,2.9221827209604774,17.312436259617275,10.903462152970505,27.085641444317933,0.0,4.0,0.09010157976798921,0
3.120488457776255,27.0,27.0,19.0,196.0,162.0,6.944345805032393,92.11845978288781,67.85889913052652,18536.235696207692,15.0,54.0,0.6399634660964074,1
1.1791453730168493,30.0,25.0,19.0,192.0,184.0,7.3353399183778345,89.29467655821117,67.86192637225808,9610.272070324529,20.0,49.0,0.9120967167144977,1
4.085349413198241,28.0,36.0,15.0,209.0,179.0,7.5075016775313275,90.86110071966323,68.11952904651089,23853.03289214729,16.0,58.0,0.5370861613267851,1
15.409698389016063,22.0,36.0,15.0,219.0,177.0,6.453098366058073,100.0,70.28242078344556,47159.96196165554,15.0,52.0,0.5182758687502805,1
10.96106356723375,28.0,35.0,20.0,203.0,184.0,7.016372292349244,34.83077762593746,64.01641067615702,106332.28837596036,13.0,49.0,0.6293710404873682,1
0.03856686404800576,3.0,1.0,0.0,47.0,4.0,3.4450543564293827,37.22143225856191,26.400584693201523,199.23800427799574,0.0,3.0,0.022699574740246305,0
1.8320980819091095,37.0,31.0,20.0,187.0,173.0,7.132801483436401,43.39121209919515,67.40050703465292,34470.01275897031,18.0,53.0,0.9494758770793837,1
0.10463999257869994,1.0,2.0,1.0,42.0,5.0,2.984796131026399,26.595749003357806,32.807326559545224,734.2673080535689,0.0,5.0,0.13861613411200427,0
16.349006564963208,29.0,22.0,25.0,193.0,194.0,7.1882393731596474,60.04679856178551,64.5090732299782,39495.843676801705,14.0,50.0,0.7682395057324793,1
3.326733643614936,21.0,34.0,18.0,223.0,188.0,7.502904762516127,59.64013740248426,63.35488891569577,97081.92754261901,12.0,62.0,0.8105578968478969,1
0.1292926923219223,2.0,0.0,0.0,53.0,5.0,3.6477338090196607,13.431041035030333,23.822845260374827,3599.07616762275,0.0,4.0,0.050953276601300966,0
1.4188334058278438,0.0,3.0,2.0,50.0,6.0,3.05012348798905,9.91486248695753,50.88597120553756,3195.057511907708,0.0,6.0,0.004344479519990746,0
1.3562830280627711,20.0,25.0,15.0,180.0,201.0,7.393985281963222,74.51490711042281,75.26450514126817,8065.034844654474,9.0,48.0,0.8294979522787433,1
2.624107015434876,30.0,30.0,22.0,206.0,170.0,7.13046117239014,100.0,69.78090881092132,58946.71601978162,14.0,47.0,0.989200450002065,1
0.05782174888221106,1.0,1.0,0.0,51.0,5.0,4.60761496488576,0.0,17.383893299829538,5765.071619090757,0.0,3.0,0.09688156375469897,0
18.999553020772307,16.0,24.0,17.0,216.0,171.0,7.181050300899279,62.218817582194376,58.44514078787833,10512.760863180647,16.0,34.0,0.9438540783666727,1
0.0013928352199028655,3.0,1.0,0.0,55.0,8.0,4.658360152234175,27.14378107287086,0.0,1377.2992702572237,0.0,2.0,0.008550072027023101,0
11.87311073368771,27.0,28.0,18.0,190.0,180.0,6.840342527161955,59.20142192369452,87.23243118815535,3994.4889847064887,14.0,44.0,0.8786958224109859,1
9.814902210001218,30.0,24.0,15.0,206.0,185.0,7.038906916418919,100.0,55.6303352200701,51465.526096684865,16.0,67.0,0.9096460308115397,1
9.215072552517585,31.0,28.0,26.0,219.0,186.0,7.002664990670114,94.80999549095924,74.55737179534543,16415.037139790424,13.0,58.0,0.8285949488315608,1
0.8495188073298112,34.0,25.0,14.0,199.0,196.0,7.27861918263034,61.57729906078971,75.96263113472614,101464.18736545219,12.0,54.0,0.8448716746154763,1
25.938942924479075,30.0,29.0,21.0,193.0,200.0,7.172875890792079,75.47064072144519,100.0,17066.002753101646,19.0,55.0,0.9032119325969694,1
0.01601114570370241,4.0,1.0,0.0,49.0,4.0,3.3216913897847893,24.82843231284735,25.1441570398166,1176.5399724280676,0.0,2.0,0.013880784676105536,0
0.061419084574039745,1.0,3.0,0.0,50.0,5.0,2.995934408126427,26.026507592352537,9.906582499682465,2163.3506619399686,0.0,8.0,0.03961113263097667,0
1.6066904565903954,34.0,20.0,31.0,206.0,167.0,7.248570506986668,58.206051729233494,58.782766034508214,170078.87384338063,15.0,60.0,0.7677854972199913,1
21.1548454930252,20.0,24.0,14.0,218.0,174.0,7.584764382607283,83.7527470668052,77.97879480858231,19711.196495689957,10.0,62.0,0.6469199001111083,1
0.15265965425939976,1.0,2.0,1.0,49.0,5.0,4.639908780577464,15.696685576997218,36.24678524492289,34.814268878626535,0.0,3.0,0.012217439076593953,0
0.4310050106461536,5.0,2.0,1.0,50.0,6.0,4.316863900482756,25.949099580142956,0.0,4964.273511209912,0.0,5.0,0.14807896250017127,0
0.169661120034101,2.0,0.0,0.0,56.0,4.0,5.368221588532805,14.692646456671875,31.772248452377315,1253.4764814286764,0.0,7.0,0.03147743368909233,0
0.049609603596720835,2.0,2.0,1.0,39.0,6.0,3.9480587335760666,22.084215270222074,20.8490654401539,1782.5052318225078,0.0,2.0,0.014055575963667284,0
0.8003398381766562,0.0,0.0,0.0,72.0,5.0,4.0002931515139615,12.289905463363256,36.510075206399804,696.7513098980414,0.0,8.0,0.036612590705045946,0
0.06252124843081934,1.0,0.0,0.0,39.0,9.0,5.07223536669228,27.171100948669107,36.84878390830947,4166.493945436912,0.0,5.0,0.03459338863078057,0
0.24012443447096962,0.0,2.0,0.0,53.0,8.0,5.360729866710755,28.360844976888053,50.18524695881858,2198.1188273213525,0.0,0.0,0.03840737881731331,0
0.3270187575441297,4.0,1.0,3.0,62.0,4.0,6.598565904559242,9.798305836945884,33.978939990973196,326.848027472463,0.0,3.0,0.0657173106168315,0
4.25697108384546,27.0,28.0,22.0,196.0,203.0,8.0,88.631612443049,66.61211200745176,21389.12900304775,10.0,59.0,0.7504794875056036,1
3.0203984059615823,26.0,31.0,16.0,189.0,186.0,7.783808588681795,85.13648137887643,75.41648304846957,56343.89565749992,20.0,42.0,0.9822490600752017,1
7.96656290916677,27.0,34.0,20.0,207.0,193.0,7.023132548700339,77.9698358837168,74.61767188043184,755.5810903118363,15.0,46.0,0.9151230399429673,1
16.619184566188554,25.0,28.0,17.0,219.0,193.0,6.910376619721848,74.79918349037905,69.000696433203,66007.22693390913,12.0,49.0,0.9067621031003789,1
1.5978584813991212,24.0,28.0,15.0,199.0,192.0,6.665607411169333,84.752492964886,70.97814975215715,47585.74653811016,14.0,47.0,0.9820475615505354,1
6.2633105290780815,37.0,31.0,22.0,174.0,172.0,7.282039073269519,85.54592771011755,59.35022222528119,11917.678113851918,20.0,34.0,0.7753673791636994,1
8.218409858621598,40.0,23.0,18.0,172.0,177.0,8.0,59.602388283524476,76.0471524672803,130887.46230419546,18.0,58.0,0.9349759692521838,1
0.30104588218729783,0.0,1.0,2.0,48.0,8.0,4.348415912235708,25.943823707738918,28.657724754444924,222.5412990126099,0.0,5.0,0.0050041419715855864,0
2.004650817316533,36.0,20.0,24.0,212.0,179.0,6.409508770159663,61.1175740284954,80.59363955213475,94936.1393034,18.0,45.0,0.7815583367195823,1
0.09854250924319524,2.0,2.0,0.0,55.0,6.0,3.433428444200489,10.313551136278553,39.59128567136624,4470.9730612962685,0.0,4.0,0.019625710911579164,0
3.90559881290547,18.0,25.0,24.0,194.0,185.0,7.376131350076467,55.992311525956154,68.30722163235176,5760.682280138003,13.0,42.0,0.7038757336738127,1
0.2120470899759564,37.0,28.0,23.0,211.0,179.0,7.0612653243433785,89.39576799248512,81.2294103896901,17705.84139429,11.0,53.0,0.8785762417555291,1
3.7453241716915344,22.0,24.0,27.0,222.0,165.0,7.070341913642391,57.8178965547507,66.43915892346327,2942.629459889502,18.0,54.0,0.8340452642081915,1
0.0798591923052618,2.0,3.0,0.0,54.0,1.0,4.077933048490808,6.075313919212755,39.535020248492174,4714.117725419941,0.0,4.0,0.007500127321441022,0
2.4855473074931003,30.0,27.0,15.0,199.0,190.0,7.357462915732365,86.23690177540932,68.28882099510537,61390.12750858354,23.0,32.0,0.7917108022178608,1
1.2573415936091437,33.0,22.0,14.0,200.0,190.0,7.435722920029602,75.51661947912521,75.89822078976943,37520.868992278294,20.0,66.0,0.9517337218068112,1
0.2016652998513724,3.0,1.0,0.0,53.0,2.0,3.0991050408232264,23.419615133919024,53.411447059411046,2941.735002029557,0.0,4.0,0.039302262272872146,0
0.08270929354553541,28.0,19.0,14.0,200.0,174.0,7.365822597121911,72.13714033472166,75.22079308215335,159753.1586495332,15.0,41.0,0.8851924516871099,1
5.12703104206986,23.0,23.0,25.0,213.0,196.0,6.476574044591124,94.92359597541778,68.57084348952111,328985.82936400536,19.0,45.0,0.8639713711500523,1
0.14739020766717217,3.0,1.0,0.0,61.0,9.0,4.861761107761717,17.170961383977527,30.296954527029637,2176.879497855656,1.0,7.0,0.01748652186709195,0
6.863748909236214,31.0,19.0,23.0,174.0,179.0,7.161226585457347,95.13333134719753,79.9060313077057,20437.209541366105,11.0,62.0,0.9135145318828995,1
2.952182595492231,35.0,23.0,15.0,190.0,173.0,7.54194376137104,85.28654011411368,54.775965096471786,107794.10044509552,12.0,45.0,0.7712857720865797,1
2.449245802422187,27.0,20.0,20.0,213.0,179.0,7.076536466854248,85.75012764563954,87.77637644918353,22675.12592607076,25.0,57.0,0.8950685295310007,1
0.1547414894226899,3.0,1.0,1.0,54.0,6.0,2.627328553978325,19.553707779501842,34.380940715048546,1732.1594882819604,0.0,2.0,0.023909497177445407,0
0.025051934927448796,1.0,1.0,0.0,41.0,2.0,3.501873984907583,33.848389756973134,50.334687117472804,9320.482012747747,0.0,5.0,0.023505752551828435,0
0.2878588483091215,1.0,0.0,0.0,53.0,4.0,5.210107746046708,28.7937830734268,34.92068854271697,169.4815462590751,0.0,3.0,0.043868737837637437,0
1.9216418641902429,0.0,0.0,2.0,54.0,5.0,4.140725886635932,17.36682238289979,30.440610290724905,2836.0235800899254,0.0,4.0,0.04646485160145705,0
0.36851923601775544,0.0,2.0,0.0,52.0,11.0,4.589073378279733,28.466284281968086,34.23466757424316,778.823535890235,0.0,5.0,0.05798978653255955,0
30.648384779785044,35.0,26.0,26.0,184.0,168.0,7.081662260176509,100.0,78.17124108260916,73115.56252861294,14.0,53.0,0.6442262991700773,1
0.15250098437496207,3.0,1.0,0.0,56.0,2.0,4.877762580201149,17.230361458797383,48.26832507595569,81.00004552955278,0.0,6.0,0.09033653036243111,0
10.365457482110068,28.0,29.0,22.0,203.0,152.0,6.545016494732249,100.0,68.68612319860276,19504.196473779997,16.0,58.0,0.7449792427158292,1
0.34981279671994225,1.0,1.0,0.0,51.0,5.0,6.042370972438883,4.913675224838469,17.304001477347903,4210.006398754996,0.0,3.0,0.006135364848843543,0
20.456398239921487,23.0,22.0,26.0,219.0,180.0,6.788710594386983,71.28318523279601,78.14210025012034,51482.686786241415,15.0,43.0,0.8158466860264507,1
0.2095808447086788,3.0,0.0,0.0,56.0,7.0,4.7108898999471505,35.51411769920597,28.082349194502246,1840.3804623198992,0.0,6.0,0.05112843825630109,0
10.76682466950797,32.0,26.0,19.0,199.0,182.0,7.6982407444084755,65.25836596199076,65.46348638087831,45312.37643429018,17.0,47.0,0.879936160442658,1
0.6310571304729709,1.0,1.0,1.0,48.0,2.0,5.193506197439073,12.01446659592655,32.028058695691406,886.6593952043537,0.0,7.0,0.05404956220397966,0
0.10114006528909765,31.0,27.0,19.0,197.0,182.0,8.0,64.85531047204573,56.987152359554116,44865.52423916632,16.0,48.0,0.8890565968327484,1
7.474797121404392,25.0,27.0,22.0,237.0,180.0,6.30638176678244,58.496685248589316,68.87579140840212,193812.47847383923,20.0,50.0,0.4038176483310673,1
0.4952661241453708,4.0,1.0,0.0,50.0,4.0,3.537089598568032,40.52948439459977,76.04667149201627,57.88671173039202,0.0,5.0,0.001722957195828083,0
0.36590950426225183,3.0,0.0,3.0,46.0,11.0,2.985917970763909,35.25812745509924,11.42986138666068,459.28440008330097,0.0,3.0,0.013123533235664295,0
1.3493716440682313,39.0,24.0,20.0,204.0,208.0,7.412061045086407,75.25263896841676,42.108436426461736,8162.224785684796,12.0,49.0,0.6647695453717847,1
0.44963319140228925,1.0,2.0,0.0,41.0,4.0,5.459927870095646,2.11117154459059,14.708022178236476,560.0143439640888,1.0,4.0,0.001990015758814267,0
0.3399761693768553,1.0,1.0,0.0,51.0,9.0,3.635488974841781,21.630454732018894,33.20225475073708,421.7687325582906,0.0,3.0,0.0641100480538361,0
3.3558860958894754,25.0,24.0,26.0,188.0,221.0,7.248340321023839,71.96179860527006,46.47434430557807,87651.51794704176,20.0,43.0,0.8555584124112682,1
0.02579191707071361,0.0,1.0,0.0,35.0,3.0,6.0214501571692765,22.948378125036676,57.785098795706126,510.03446045735933,1.0,5.0,0.056967766237663725,0
0.2266996883059417,0.0,1.0,1.0,29.0,1.0,2.5114068927236626,29.646379134149313,23.860603232422733,506.2948610964015,0.0,7.0,0.022777917460940027,0
0.415470797088369,0.0,1.0,0.0,49.0,6.0,6.378430698660836,14.265024165587588,9.333464440267022,124.45998668367609,0.0,3.0,0.01808648308581857,0
0.1179942639552394,2.0,2.0,0.0,61.0,7.0,5.608441620082536,12.243312008653739,38.98632055073757,114.98438868430442,0.0,6.0,0.029577560972943024,0
0.08370880328333204,3.0,1.0,0.0,53.0,6.0,3.9731224440404826,23.814269129682902,48.26161540443754,2229.6503950331853,0.0,5.0,0.0003022190134212289,0
0.6371340021165007,29.0,19.0,14.0,220.0,180.0,7.250747735070507,100.0,74.11072934358248,13422.275377095513,12.0,52.0,0.5098934534800935,1
0.14882127190904207,1.0,0.0,0.0,46.0,5.0,3.697129973256639,0.0,58.10196004790603,3257.40538108439,0.0,5.0,0.045638593753071034,0
0.6138018005234547,4.0,1.0,0.0,42.0,4.0,4.483960538595844,26.130497709655632,39.421504233070436,5161.10528748356,0.0,3.0,0.03199848904263016,0
0.06194752363637412,1.0,0.0,1.0,59.0,5.0,5.2216119262181735,29.865268699191255,27.626778368821608,4632.602336350851,0.0,7.0,0.04751068816376168,0
2.494338731198788,23.0,24.0,19.0,204.0,183.0,6.511945698927199,84.91776010055445,55.79785415716451,24050.21350921928,17.0,51.0,0.8140950133592046,1
0.3668194689587187,2.0,2.0,1.0,57.0,3.0,5.8016168637924865,11.687455777349097,41.11501152866517,821.728362295281,0.0,4.0,0.04839768396151951,0
0.002092922754495194,1.0,1.0,2.0,50.0,4.0,6.104522946221803,28.526322267071528,39.63418998875477,50.201472398587136,0.0,3.0,0.1527983402446526,0
0.39627900453805665,1.0,3.0,0.0,54.0,4.0,4.446385584512635,8.081522297812159,41.67449482951365,4532.375460656832,0.0,7.0,0.01295364026876873,0
11.91818591334098,37.0,20.0,10.0,201.0,168.0,6.997898815317041,87.43234440905107,81.02270118271781,28516.44454853124,27.0,54.0,0.941292410452884,1
10.399723556574282,35.0,26.0,21.0,196.0,184.0,7.7800218058041635,72.20615587548757,61.350990268123354,347.2370195086621,14.0,48.0,0.8542461069505202,1
0.5807509012361789,2.0,1.0,1.0,55.0,8.0,5.2050125712466375,29.302983550762455,47.93555558182572,1772.9489169090841,0.0,6.0,0.021979563401484468,0
8.929648559524944,28.0,23.0,20.0,189.0,173.0,6.58709580318047,96.7924593915429,72.44305938629374,49333.3705130091,16.0,46.0,0.5662780593016347,1
0.26920413658227277,1.0,1.0,0.0,45.0,6.0,4.805045686365546,22.456085606151547,44.77040073513357,8827.359415659457,0.0,3.0,0.02634786692682193,0
0.11700591423179363,2.0,1.0,1.0,58.0,9.0,3.297436863972373,35.18354317545723,53.81239190235655,4081.010479438688,0.0,2.0,0.01195577275227049,0
1.7826228827880988,29.0,21.0,28.0,205.0,164.0,6.555527155857668,85.93524728100732,85.24010874813715,5975.979618653267,22.0,56.0,0.8078448736313449,1
0.3316765206392297,31.0,35.0,18.0,202.0,175.0,8.0,72.33132704491014,64.86734811008071,26137.262781207,21.0,50.0,0.8903270323328623,1
0.629824744226084,0.0,1.0,0.0,49.0,6.0,4.091391786115984,11.184058297941881,37.851287350897834,414.72025579293944,0.0,3.0,0.0044693425628731616,0
0.7166582853268021,3.0,1.0,0.0,47.0,7.0,3.6468859965228213,32.81723539594864,53.59673893793709,28.535120526368505,0.0,6.0,0.003360979034619185,0
0.8745666142339458,30.0,31.0,29.0,191.0,149.0,7.264874321611151,52.39916650444233,71.30769565544172,10632.702226945665,12.0,51.0,0.7826936136298631,1
0.3945713504960762,1.0,2.0,0.0,46.0,4.0,3.584639238156399,19.318066972643813,43.34756937025427,561.6309713647174,0.0,6.0,0.04412323372638075,0
0.2885804566652824,0.0,1.0,0.0,35.0,4.0,5.374667497277103,15.556676610014353,7.093492310566759,2815.4131727049034,0.0,5.0,0.06953688955655193,0
5.148335847591438,35.0,22.0,17.0,207.0,197.0,7.328600652356012,62.87096131222358,57.2688832990922,62052.240521782645,16.0,57.0,0.853676695688832,1
6.214187496799065,29.0,32.0,22.0,199.0,207.0,6.813969954296941,58.908398288697896,66.86767138572895,36002.31401353815,19.0,72.0,0.9731056597187142,1
0.17476658249618507,2.0,1.0,1.0,63.0,0.0,4.654948560826834,37.59547271829562,10.032328881938003,1334.8098167938192,0.0,4.0,0.01537818128015313,0
0.18691757964122963,1.0,3.0,1.0,45.0,2.0,4.515291995295807,31.890440542288008,52.96130509182375,22.523401915885888,0.0,6.0,0.0579178244090913,0
0.17712449621871254,1.0,3.0,0.0,49.0,7.0,4.657024817234789,21.266590315570358,47.491566328625474,840.7333768098936,0.0,6.0,0.016385017566190624,0
0.6517833808558681,28.0,27.0,10.0,199.0,188.0,7.360014546347629,62.93199423250893,72.10010258020199,67076.69568182366,17.0,51.0,0.6649612565502407,1
19.717823932510274,19.0,28.0,28.0,213.0,195.0,6.922619400656824,84.21217278350028,56.98214335949201,45457.30362189145,8.0,54.0,0.9063949760989884,1
0.0959073487675221,0.0,1.0,1.0,58.0,8.0,2.689807844636033,18.47718885557293,43.714889331441896,616.8461087009556,0.0,11.0,0.13208647684767771,0
0.06908340568677106,1.0,0.0,1.0,52.0,6.0,3.650529985789505,23.285286912260503,17.57491977208334,602.9090654902183,0.0,8.0,0.002345678372831852,0
10.653156031418844,27.0,28.0,20.0,210.0,184.0,7.435730109615798,51.93344984643478,65.5440806408296,2760.277784953828,18.0,48.0,0.812962912523822,1
4.617068131416811,33.0,20.0,19.0,208.0,153.0,7.715231482293648,68.0838477188668,57.75647373489657,4580.394780180796,17.0,56.0,0.9185487695704986,1
2.2125167072444984,30.0,18.0,12.0,208.0,187.0,7.374712024456904,68.66368115081046,82.02218680505376,62975.55038275021,25.0,56.0,0.7593731235767514,1
8.06194250632798,21.0,24.0,18.0,191.0,200.0,7.678507461589307,67.1340195027111,61.87873614775853,32253.532558885177,21.0,62.0,0.9335626550446622,1
0.06117742138510528,0.0,0.0,0.0,58.0,2.0,5.677996494959481,11.34045893713784,29.713927523029625,700.251760577298,0.0,6.0,0.023937032228234425,0
0.06156365347825152,2.0,1.0,0.0,47.0,6.0,5.369426378169567,17.141960750237676,14.061581054604105,3546.4668769931222,0.0,9.0,0.13855825905111926,0
0.933767581973463,23.0,25.0,13.0,172.0,198.0,8.0,55.3411117919477,58.21691765048999,206822.2097662607,9.0,42.0,0.825603775868193,1
15.571465805272096,30.0,38.0,19.0,204.0,177.0,8.0,53.21339815264005,75.60617169012326,116455.71851112894,12.0,62.0,0.6634482281894618,1
0.20885531326535975,2.0,1.0,0.0,59.0,2.0,3.855471689364318,5.27890293672694,39.49401640320084,513.5056888111536,0.0,6.0,0.034747035805693716,0
0.6629027485360458,3.0,0.0,0.0,47.0,7.0,5.882806482612089,29.990723528538666,29.866401200411634,751.9331831764706,0.0,5.0,0.03611625776914919,0
8.68037673314121,30.0,23.0,24.0,213.0,216.0,7.613361535260791,91.18987839941246,70.20450644891783,38680.11580834991,11.0,46.0,0.8278055785824467,1
0.15795137275362695,3.0,2.0,2.0,50.0,5.0,3.637144478498518,21.343635064545122,24.65285086951772,188.66316564793388,0.0,6.0,0.04521687738804804,0
0.11732634393576978,2.0,1.0,0.0,60.0,4.0,3.4167238524108288,8.029223167612098,33.68795490457931,64.40361386184634,0.0,5.0,0.048117277735038405,0
1.0226321463813242,33.0,32.0,17.0,210.0,162.0,6.7791773766912256,75.12574026314873,74.62009738681544,222304.89597281994,11.0,52.0,0.7899312990188886,1
9.534361772105859,28.0,13.0,23.0,206.0,178.0,6.813259136879251,65.75744966336968,70.14901627029417,60163.53560200066,6.0,58.0,0.8128108515066682,1
18.76743112924237,29.0,32.0,23.0,213.0,186.0,7.25122814821253,61.363388425575494,71.2559764040124,48969.1460639671,11.0,44.0,0.8422114911711993,1
32.35051773651583,25.0,18.0,22.0,204.0,149.0,7.857771349747685,57.42805588161805,71.40292855940837,14832.167092438218,10.0,42.0,0.97689221966874,1
0.011755235023126816,3.0,0.0,0.0,50.0,5.0,5.994979013554116,10.772803947254985,23.115230691352536,3988.5601556966535,0.0,5.0,0.025593237839129843,0
3.0250960691589897,24.0,29.0,23.0,208.0,169.0,6.660553195861278,82.87158926923853,47.56702215477114,29015.06819266615,20.0,51.0,0.8653010118115333,1
6.703694615078708,30.0,23.0,23.0,214.0,184.0,6.9150909507607246,56.35934725099317,59.32938695656187,65509.692773388175,10.0,54.0,0.935152793401335,1
0.19610619128555737,4.0,3.0,1.0,49.0,5.0,4.319017522056607,12.530541590738977,42.357492365060246,972.2756747488529,0.0,3.0,0.04799737345094155,0
0.6692440215706683,0.0,0.0,0.0,45.0,2.0,4.336799842413031,0.0,45.27006765614434,425.71906896918506,0.0,6.0,0.04744767810780296,0
0.8661521043722923,1.0,0.0,0.0,47.0,6.0,4.555163861744686,31.105622753312673,29.48507254378733,953.1141809482715,0.0,5.0,0.07204049694031357,0
1.20424211377126,32.0,24.0,30.0,190.0,195.0,7.821517039809084,89.07360063302978,90.75739195697776,22561.695157957955,17.0,44.0,0.5858389444607959,1
0.12374472214129625,0.0,0.0,1.0,43.0,6.0,5.938030886920464,14.782340541442604,51.66445647285588,806.9246744664795,0.0,8.0,0.08014018127053527,0
12.038772162120429,42.0,23.0,22.0,201.0,173.0,6.9989970972438424,81.43893057288534,66.26076511046574,84116.73854990101,9.0,54.0,0.7605546094040339,1
0.22421934418763087,1.0,1.0,0.0,52.0,5.0,4.364511058648504,14.186934537884827,19.961258515989247,1641.4875729137668,0.0,3.0,0.05206738759395027,0
4.289439981098595,36.0,27.0,24.0,191.0,180.0,7.140091429515987,67.59952057103261,75.90702931003591,43065.15694927694,15.0,44.0,0.9555930272988087,1
0.25069305921171064,3.0,1.0,1.0,57.0,4.0,4.913641694410805,33.069642136321406,11.71420837267543,2857.4549268133787,0.0,5.0,0.09101099243321874,0
0.5719995339984841,0.0,1.0,0.0,49.0,4.0,1.9352921948501085,15.594506921076976,38.037379859670665,5868.067496785862,0.0,5.0,0.03499638076275451,0
17.34813338991327,25.0,24.0,21.0,209.0,171.0,7.789028361091182,78.40787168624067,57.35373247075115,12207.808982173565,12.0,50.0,0.6875318652811669,1
0.06787472059556164,1.0,0.0,0.0,50.0,2.0,5.96982561892454,11.033694392276004,27.17451848757983,5718.5891458209035,0.0,0.0,0.052161396280566576,0
15.943469384809806,32.0,16.0,17.0,215.0,200.0,7.222543462616789,62.21341413248924,71.88050650898576,25580.096400194336,12.0,57.0,0.9534360547508773,1
21.64065253845903,40.0,23.0,14.0,195.0,203.0,6.579165289019303,77.07913507984554,77.7172470810553,11183.249563861,13.0,52.0,0.929950505388205,1
13.857602416415897,32.0,23.0,17.0,192.0,179.0,7.399531805395269,70.86591961485959,78.1217876216128,36124.575087111196,29.0,46.0,0.7325207735223173,1
0.4138071720642925,0.0,1.0,1.0,48.0,4.0,3.876998684106976,21.067539657161024,59.22679346119564,1135.5342459658536,0.0,5.0,0.044112977769993934,0
1.6426405556089234,20.0,27.0,25.0,180.0,185.0,7.085619902707404,94.24054481644316,86.78421819017458,89772.72697297309,16.0,49.0,0.6542973112325713,1
0.4399974978510575,6.0,2.0,0.0,42.0,4.0,3.72779133703241,19.931192046747586,63.78263633383992,495.2148380622193,0.0,4.0,0.025502617581705442,0
6.05928262046544,29.0,21.0,25.0,195.0,160.0,7.211419873210659,79.79383768168901,67.87996101063126,3697.0993667807415,18.0,53.0,0.7459701391271107,1
0.08314344406791786,2.0,1.0,0.0,54.0,11.0,4.813926446629339,17.650526688013553,39.62901583263302,605.248894100138,0.0,5.0,0.026388846550677546,0
0.06599599556815942,3.0,0.0,1.0,56.0,6.0,5.5018763842730545,15.259108126452379,25.509823200275154,2957.116406174861,0.0,0.0,0.06944855066690758,0
9.467551022272824,26.0,14.0,28.0,179.0,172.0,7.084161420797756,86.96671999329489,66.5497564574526,144000.56371006288,15.0,54.0,0.7948394187157454,1
0.8291853902676222,5.0,2.0,1.0,47.0,7.0,3.98070497473507,0.7663046888101057,5.284634352552715,10245.85707674177,0.0,10.0,0.0531020726379118,0
0.4572911509438023,26.0,24.0,20.0,208.0,191.0,7.385108038282274,88.10590106623474,88.87313367962393,53017.51497440269,16.0,49.0,0.8996370607013368,1
0.38848816887500526,3.0,0.0,0.0,48.0,6.0,4.561466337921856,17.74036542300715,41.481101907061685,330.8398530099024,0.0,7.0,0.03842709093366004,0
1.643470456925896,25.0,33.0,20.0,186.0,200.0,6.158014740037851,83.27910155409008,89.38717768553664,17106.442946892363,21.0,48.0,0.7768864120042024,1
11.595834771222005,40.0,21.0,18.0,204.0,168.0,7.660456164393436,85.42938780902522,69.04970716442112,7712.414396676102,18.0,49.0,0.7667366872518543,1
2.941906572927975,20.0,19.0,20.0,217.0,188.0,7.592816302074107,68.90806601130872,57.374647091140005,38319.85713634848,15.0,49.0,0.9099258311040956,1
0.3086406929408617,1.0,0.0,0.0,49.0,4.0,5.527596785948759,24.89288039579589,56.5497946409202,3136.577211527966,0.0,7.0,0.003395067714845074,0
10.074881011327282,35.0,21.0,24.0,219.0,169.0,7.203288470098884,77.79062710690997,74.08629502804216,153313.37675777116,22.0,59.0,0.6604490369924756,1
2.885381305339393,36.0,32.0,17.0,199.0,176.0,7.407451605989611,71.20411115187154,72.90417207605661,6673.216722835887,15.0,65.0,0.6374136549179445,1
0.4854347617790178,2.0,1.0,0.0,58.0,7.0,3.4829275489720732,34.90330047628447,3.5153940823992436,1238.310789916488,0.0,6.0,0.029509832232156974,0
35.53752692157024,22.0,22.0,25.0,228.0,193.0,7.03593629291264,72.18726501301373,67.9304105849872,33063.180849424774,20.0,48.0,0.7357219213186871,1
0.8958571246124003,0.0,3.0,2.0,42.0,7.0,4.333114093150319,15.89343297261536,46.922462206884205,793.7188852405468,0.0,4.0,0.14367373520804447,0
17.4537190719392,41.0,17.0,21.0,174.0,194.0,6.741449273133213,71.33391739053819,67.25432781037095,136096.58773413688,16.0,57.0,0.9648049767355517,1
4.025843078576505,43.0,32.0,19.0,200.0,176.0,7.061726983593972,73.40946137940098,68.00018473226996,54641.05648229878,19.0,44.0,0.9178269351449349,1
15.614018972187713,24.0,15.0,19.0,198.0,175.0,7.3867055099613985,46.15608220187402,76.77701077631522,157528.56556834592,21.0,52.0,0.5805294767483885,1
0.3071847613192478,0.0,0.0,1.0,54.0,6.0,3.9010980643555824,11.165059130858593,37.076855579209706,355.50328417050054,0.0,9.0,0.05805982857470174,0
9.879900041636164,40.0,28.0,14.0,191.0,154.0,6.414540378208394,56.38061367221089,69.54078554140513,6233.151741483081,23.0,58.0,0.6522870346176023,1
0.36773848185347985,1.0,0.0,0.0,58.0,6.0,5.1722546490030945,4.921460668028983,23.24129101838352,369.6498653880014,0.0,4.0,0.06686872571211996,0
0.03830411746369404,1.0,1.0,1.0,43.0,3.0,5.626651563038762,24.490394858353763,17.15749961085394,483.9170708111883,0.0,4.0,0.04577573055722828,0
10.28866849641442,27.0,20.0,18.0,202.0,161.0,7.35333065435439,67.6917277771652,67.4222512217136,8835.747407276753,12.0,49.0,0.9326748952211038,1
0.5193040239834666,36.0,27.0,18.0,191.0,201.0,7.8767452203525705,58.88257832822737,66.11477611743659,21112.527497803156,12.0,54.0,0.31614466113758005,1
0.1811503950880865,1.0,1.0,0.0,51.0,3.0,3.6184726912478213,6.868544376312851,8.921507334149805,985.2727365723546,0.0,6.0,0.01778502325541641,0
0.9737994816817279,0.0,2.0,0.0,55.0,6.0,3.509514200752344,14.7700872637803,32.45295208411399,1572.1483369431699,0.0,3.0,0.0031099234815722375,0
0.4012608129046982,1.0,3.0,1.0,48.0,6.0,5.811088344152324,6.831589149028099,29.993683058130557,2975.9645495547093,0.0,0.0,0.015568609993692644,0
0.030502345110708266,3.0,2.0,0.0,56.0,6.0,3.2715125623489154,24.379854223555526,43.3217378197672,733.7014585091065,0.0,3.0,0.0881266981962888,0
0.043630559858362415,3.0,0.0,0.0,55.0,7.0,3.694617149702623,21.67285452454499,31.92619035109522,161.46372898261703,0.0,3.0,0.026633687533855387,0
1.9145137648601505,33.0,21.0,22.0,197.0,197.0,6.505295351286304,65.9487966640609,66.29010590393487,32371.275953672444,14.0,57.0,0.9398655449320032,1
0.10426862528012855,2.0,2.0,2.0,62.0,6.0,4.498850445660122,35.34777597694422,15.82418543199558,984.2519988474045,0.0,7.0,0.0045226141772197765,0
0.08728098656471917,1.0,1.0,0.0,54.0,6.0,2.6935603297644786,19.807094424213435,28.49499201371591,605.2090296239795,0.0,10.0,0.006963441190373883,0
0.10969464992609558,1.0,1.0,1.0,52.0,11.0,5.0834159846036835,26.831883264593746,33.639894521148356,2308.4419446428483,0.0,2.0,0.19664465646464196,0
0.038543330241493215,1.0,0.0,1.0,42.0,7.0,4.151221350711122,27.92950703846344,56.14707458547447,271.01732501416467,0.0,4.0,0.034103048602167584,0
7.713944639658602,31.0,22.0,29.0,205.0,183.0,7.19265929298128,99.26964588035965,84.58846285180795,130088.23488442498,17.0,41.0,0.8650701794865672,1
0.18798208445463288,5.0,1.0,0.0,54.0,6.0,3.718765704544798,8.109913197653357,21.330250647348276,4370.29552257917,0.0,3.0,0.031201566754126525,0
0.06031113119365586,1.0,2.0,1.0,47.0,8.0,3.9196436246786264,19.67167792752693,32.38788240202608,1707.7362120206196,0.0,2.0,0.005938101835117922,0
16.136507649722667,22.0,20.0,21.0,232.0,172.0,8.0,78.49840984646717,76.13347398654561,79003.90548913773,20.0,53.0,0.8142928290094066,1
0.01591952877309282,2.0,1.0,1.0,57.0,2.0,3.8955674388419306,24.88798641403044,5.334237664871367,259.31061474675147,0.0,2.0,0.03343194510541241,0
6.855673941953152,31.0,19.0,17.0,178.0,174.0,7.939662193015236,89.66882613125978,59.369777968757546,6351.453686058633,14.0,37.0,0.587606036793343,1
18.862582468706858,32.0,23.0,29.0,190.0,196.0,7.674159922720533,69.86389110204232,64.87448197002668,18891.883645336264,14.0,65.0,0.725984525145717,1
7.566376242834655,26.0,24.0,10.0,189.0,175.0,6.739717688540391,76.1785343058594,83.85532091791636,24066.938708388934,24.0,49.0,0.9481758150655705,1
0.5462612584792936,1.0,1.0,0.0,40.0,4.0,4.958765521169928,14.235351007612007,38.39147190194058,691.5890668308838,0.0,5.0,0.01445738986600265,0
0.6323907302875019,4.0,2.0,0.0,41.0,6.0,6.433156494007081,21.030312989325154,22.75669861410925,383.29897309953185,0.0,5.0,0.03477946490252801,0
17.616618071006705,35.0,24.0,28.0,200.0,164.0,7.653028151969529,72.51056886692552,73.12446589125202,136759.28170790852,16.0,48.0,0.8803758080890228,1
1.26395914385528,32.0,25.0,20.0,186.0,181.0,6.7193548254477875,78.39806071178639,69.59538298392815,86105.67505515456,9.0,59.0,0.7968156968336497,1
0.3493157650673907,5.0,1.0,0.0,54.0,8.0,2.931903281861164,27.193692370702077,29.857550586053947,1035.3565162732668,0.0,4.0,0.16704901770161085,0
0.23472212496232378,4.0,1.0,0.0,63.0,3.0,3.026241992181024,33.17711726208887,33.95823088038961,91.29447395745765,0.0,11.0,0.003279275426627093,0
4.202849252653315,32.0,21.0,27.0,190.0,187.0,8.0,50.05531568504014,72.07729517458915,39599.778523808105,17.0,46.0,0.934099893028196,1
0.35027808932904375,2.0,1.0,1.0,46.0,5.0,5.609728475434537,17.01179637359806,23.260562032214416,1723.8031774493609,1.0,2.0,0.05106428438401215,0
0.38432844392910953,3.0,0.0,1.0,49.0,4.0,5.357446388176551,23.977573929764397,45.589936375833936,1524.0712221537933,0.0,9.0,0.02286422363976837,0
10.806290236120223,26.0,20.0,22.0,198.0,182.0,7.949739886989938,65.3509815884044,58.83299127661895,68675.25392543127,11.0,51.0,0.8240244142478943,1
5.959805164581786,27.0,30.0,29.0,210.0,174.0,8.0,54.57653268097931,65.65566905485862,7197.113173138001,15.0,47.0,0.9709520381209974,1
0.40108796340743724,1.0,0.0,1.0,62.0,6.0,4.504542379779986,12.462887459628815,20.25091771968279,5049.6621626322385,1.0,7.0,0.09103383020667381,0
18.81021292373757,42.0,21.0,17.0,188.0,177.0,7.139410382505379,94.58917323097583,71.13899009637412,47182.79967656922,13.0,52.0,0.743437661644809,1
0.03777835445252337,28.0,23.0,24.0,221.0,186.0,7.317357669333701,86.3315819240072,67.46976119421986,64389.93295291454,17.0,54.0,0.6749122843700596,1
4.6303804117757865,30.0,22.0,13.0,212.0,194.0,7.201189059667592,52.94651448804762,73.05505440017566,7187.292773209361,16.0,40.0,0.966177532143942,1
0.4751475758065199,4.0,1.0,1.0,61.0,7.0,5.569881304672221,18.777809709527176,32.51966279799398,545.7152563878299,0.0,3.0,0.01741148739764093,0
0.504272150246399,2.0,0.0,0.0,49.0,2.0,4.124814937854672,15.374692098743019,32.01322946253054,7146.67733251236,0.0,4.0,0.2557236862299831,0
5.98479703009526,24.0,26.0,19.0,202.0,185.0,7.540802299246518,59.898716018026285,72.48907827052014,1884.4418301151693,11.0,52.0,0.9431698575755497,1
8.446029862533575,40.0,32.0,18.0,210.0,194.0,7.37509616913666,87.39175492964097,61.0173166095819,29103.62420630876,21.0,33.0,0.946309416354458,1
0.03772503594873229,2.0,0.0,0.0,41.0,3.0,3.5944185035532557,29.196073816291506,42.76743582038137,772.5277498506109,0.0,4.0,0.05231605933306256,0
8.821365977096958,31.0,24.0,16.0,203.0,210.0,7.623359121244511,77.943581384873,63.27955176219473,19620.42967044525,14.0,64.0,0.7087039071431809,1
0.08902756892345157,1.0,0.0,0.0,40.0,4.0,3.2822080596157823,8.724972420174845,34.661369451439505,1468.1581186395608,0.0,8.0,0.06189583824987741,0
4.505511795390849,26.0,21.0,22.0,209.0,165.0,7.378310652852496,27.906972791395724,64.20149064152872,192216.0685891692,14.0,60.0,0.8349004735490779,1
6.781942845274152,29.0,25.0,22.0,198.0,192.0,6.810724792088579,72.31828370962695,76.67400157428875,4437.661062379455,14.0,46.0,0.9827265932049891,1
0.4928381478221272,1.0,1.0,1.0,43.0,4.0,4.410279810899551,35.340916219339675,51.74843561465872,83.50669494393894,0.0,5.0,0.023018146680426718,0
0.1640643929845793,4.0,1.0,2.0,59.0,3.0,4.994067336479657,1.0681359778729629,21.566202713934914,777.4205972248939,0.0,3.0,0.04741356835221366,0
0.7389878205758439,2.0,0.0,0.0,48.0,7.0,4.827775169905727,19.84552907642579,23.714102914407487,6465.808727668279,0.0,5.0,0.001981789005270734,0
9.517045055686173,38.0,21.0,23.0,201.0,195.0,7.424779256009211,58.08647323320728,78.60617499530217,18901.70765897577,12.0,34.0,0.7877276601442481,1
0.022154888083928105,4.0,0.0,0.0,44.0,7.0,5.63504437777503,28.839235012291425,46.66994368232609,2127.2100346461207,0.0,6.0,0.02734160161883525,0
3.9019757002056545,26.0,21.0,12.0,199.0,171.0,7.643728351432057,100.0,52.34958710947002,6734.4045382762115,19.0,53.0,0.7697948965668538,1
9.854544396489867,30.0,30.0,15.0,191.0,185.0,7.714268265668493,93.54305487631234,64.74372748502323,21194.63523652416,14.0,50.0,0.7197102413396211,1
2.411162054394112,27.0,27.0,24.0,196.0,155.0,7.027307049618618,97.64520653560515,62.68238155093443,17853.043175121617,14.0,68.0,0.8361630001854563,1
0.25777220066044676,4.0,3.0,0.0,43.0,5.0,4.307739187774164,18.651297925095662,48.61086654706094,1143.1583954581192,1.0,3.0,0.11645542368075114,0
0.052143445954545016,3.0,1.0,0.0,41.0,1.0,4.439146317257994,21.69499583756046,44.53191570382917,1402.6952494392833,0.0,8.0,0.016344699641773687,0
5.563777502993473,32.0,33.0,21.0,193.0,192.0,6.964795849881152,70.93825351324281,64.03992088601342,8261.19171185374,11.0,45.0,0.8334492861576196,1
14.501013316033493,30.0,27.0,16.0,209.0,170.0,7.365433739897083,66.39464132346907,65.52943622087896,43802.07823756731,16.0,49.0,0.8809703486171049,1
10.215931718965063,30.0,25.0,26.0,218.0,185.0,6.973815613029266,69.96343286556653,59.19395238340835,17006.875166304468,8.0,57.0,0.8871327816216215,1
0.6001278420009931,0.0,2.0,0.0,51.0,4.0,4.490978119426625,10.62203375644572,32.76976282393765,2171.8454003911793,0.0,2.0,0.027034081695251608,0
3.918130249241805,29.0,18.0,16.0,179.0,169.0,6.559864121117442,100.0,62.43443804709812,6683.050880717044,13.0,43.0,0.8411905189786016,1
0.22818203971658696,1.0,0.0,0.0,46.0,8.0,4.748657922762082,26.75402771908235,30.091954994121952,1805.850168291426,0.0,3.0,0.0329017952719859,0
0.10345041452233746,1.0,1.0,0.0,46.0,7.0,5.17104604659568,8.03087037252028,23.331626663289995,916.3683894306195,0.0,3.0,0.03637478078968113,0
0.32362882171317436,1.0,2.0,0.0,58.0,5.0,3.45089606271172,21.605519383122772,16.76340678864535,528.5161106138365,0.0,3.0,0.02079544109477229,0
4.18163958464457,31.0,17.0,17.0,205.0,177.0,7.497109401041714,88.74773689977403,90.08023294694475,22054.261112235436,11.0,48.0,0.7435607212237602,1
2.813929336595057,34.0,27.0,18.0,195.0,180.0,6.986159927655708,57.25140869983122,65.3999179905822,78462.0004188902,10.0,56.0,0.9152707075686239,1
11.27083911358299,30.0,19.0,26.0,189.0,172.0,8.0,50.81581149627213,66.41422620862606,2032.4034333250495,13.0,56.0,0.6507079068554532,1
0.022444328890387902,1.0,0.0,1.0,33.0,5.0,4.932000230527851,7.254417611943303,50.41161475538976,880.2585633951169,0.0,9.0,0.01871417445658265,0
0.02958191811653609,0.0,3.0,0.0,35.0,0.0,5.611351866993312,28.59409816869968,26.882603821623846,1592.0839815643385,0.0,3.0,0.05161513190009367,0
0.03899368785642016,2.0,2.0,0.0,46.0,4.0,3.935855491182818,4.997769374684326,47.29492293269516,4498.80652988508,0.0,8.0,0.03198322221408579,0
0.012127504919310946,2.0,0.0,0.0,58.0,4.0,3.7312107179574086,18.276392836706567,41.40240683428447,1643.2380983983162,1.0,5.0,0.12855998395678395,0
0.13589433465327555,3.0,4.0,1.0,49.0,1.0,4.311252167486628,0.0,50.102816966189515,455.44135670551543,1.0,3.0,0.004254723160328844,0
0.45527864796717904,0.0,2.0,0.0,48.0,7.0,5.2288844307948015,28.431290081480874,42.109881913982925,4594.77848087427,1.0,6.0,0.008615138097956578,0
0.13725974195546647,26.0,35.0,16.0,184.0,177.0,6.90822661005758,63.53791267009197,62.54482727542777,11393.240953561997,16.0,58.0,0.4492882038898687,1
4.502608634239355,29.0,21.0,19.0,220.0,191.0,8.0,82.86811839848086,83.48743902331533,6742.221617178861,15.0,43.0,0.928177153448821,1
32.195761950841586,30.0,22.0,19.0,202.0,197.0,7.059696501318532,100.0,65.71390341113157,68533.89659034419,12.0,52.0,0.8163543587350734,1
13.362232136092096,21.0,34.0,26.0,233.0,176.0,7.11108489367978,100.0,61.51525637380284,44025.539583798214,19.0,46.0,0.8431274289927789,1
6.1325354743257,37.0,26.0,23.0,199.0,179.0,7.5572153085671445,80.36059546232589,64.0823427797822,199418.41494494377,18.0,56.0,0.8052502492295429,1
0.1684551049255771,1.0,0.0,0.0,46.0,5.0,4.575829532785788,5.597158736092904,11.60894615446293,727.0887811564338,0.0,2.0,0.006153073287024344,0
0.08139995170074173,4.0,2.0,0.0,46.0,3.0,4.626183157253597,11.009513261587683,39.75940802135436,1501.8769629602364,0.0,2.0,0.006659066706193216,0
0.4284974045143134,4.0,1.0,1.0,45.0,6.0,5.254973324470794,7.273794190171669,37.745034613504835,616.4439928825917,0.0,4.0,0.08583527747304495,0
7.90582037761113,33.0,31.0,20.0,197.0,176.0,7.161521455806596,57.65840104234263,59.11707057101432,8449.58596858745,15.0,59.0,0.9389269215349897,1
0.060060900987081826,0.0,1.0,0.0,51.0,5.0,5.4118591448567255,4.499476141554206,25.91609169359016,280.27018474653613,0.0,5.0,0.046453709393199726,0
0.32249242921649934,2.0,1.0,0.0,47.0,2.0,3.8135864103557187,15.55426013962925,39.50672425888996,851.558727384099,0.0,4.0,0.03487722325047409,0
0.6735757520544396,3.0,1.0,0.0,66.0,3.0,5.450843599340236,25.17970510765314,47.104415842152264,5932.988201517093,0.0,10.0,0.0010557473192018961,0
29.456461842621124,29.0,16.0,15.0,215.0,206.0,6.983727580465814,77.74233155684527,51.73299481740261,17930.673402822176,12.0,59.0,0.7518011096226156,1
0.5026726209848031,2.0,0.0,0.0,50.0,8.0,5.112697717024086,24.169725629801533,33.37168067561106,1833.0020674929374,0.0,4.0,0.003648025679678,0
11.19794455438516,23.0,27.0,15.0,176.0,176.0,7.4327767588663045,78.48694344352202,58.33796654575744,94645.56113090272,12.0,48.0,0.9511663282590992,1
0.04499304618492774,1.0,1.0,2.0,46.0,3.0,4.46153560949669,7.213876752904131,59.24677064011847,50.85437563501933,0.0,3.0,0.005846969111668095,0
0.06493325461842407,1.0,2.0,1.0,50.0,1.0,4.133699535107372,7.077812056023603,38.37739540196001,4492.177937798417,0.0,6.0,0.11540478156711317,0
12.615520282422795,29.0,22.0,23.0,208.0,184.0,8.0,69.71040957745821,76.83182709682758,32021.711549800468,13.0,45.0,0.8442232218242309,1
0.02451155057510097,2.0,1.0,0.0,43.0,5.0,4.0498195772683,9.099093039183243,37.55275158651226,400.4367414089989,0.0,2.0,0.02169848507234201,0
0.2203831272558113,0.0,0.0,0.0,46.0,2.0,3.7149492585087303,21.081012631251653,15.534476108802362,797.8359687921061,0.0,6.0,0.10562374406556181,0
4.198178476813283,31.0,23.0,18.0,177.0,187.0,6.861569632900827,80.12013034721987,77.47667160263025,93874.82627773294,12.0,50.0,0.7482761733092639,1
18.432464818934164,33.0,19.0,26.0,201.0,162.0,7.304409342634204,50.03441957178328,69.80735243675134,167277.46681585663,12.0,48.0,0.9069690517832716,1
0.21788733576910688,5.0,2.0,0.0,51.0,4.0,6.7783368999575675,10.768362202610998,23.23712135326187,285.6900909250774,0.0,4.0,0.026524893102275904,0
0.03659498164324063,1.0,0.0,0.0,53.0,6.0,3.921964325025418,7.0614383793339535,14.278180976621904,1242.4960571831145,1.0,3.0,0.023193527649227642,0
0.19673974856808343,1.0,0.0,0.0,38.0,3.0,2.8433260352461813,25.337580112475123,16.575686546075236,4813.778420540359,0.0,5.0,0.039918378562739415,0
1.1775500931217147,31.0,16.0,26.0,192.0,178.0,7.758732962268597,95.62683995289359,68.93483668068417,41165.32694618541,12.0,44.0,0.9799365088554962,1
0.2936397911571992,1.0,1.0,0.0,52.0,4.0,4.7989086772907115,16.190693669585517,28.63259953521422,4232.1035852167315,0.0,5.0,0.02797936673419103,0
0.14951774912571517,0.0,0.0,0.0,56.0,5.0,3.8473762365611384,15.691398392437216,15.106039437850857,674.8890140325398,0.0,4.0,0.047876618772281644,0
13.826333558101181,28.0,30.0,21.0,175.0,176.0,7.222826325371309,89.4766642351799,80.36591860802244,8955.710167442336,12.0,54.0,0.8369350413476636,1
5.713491385681666,33.0,24.0,22.0,189.0,186.0,7.23004991572513,72.59746766773601,62.961218554915234,32216.567939413475,17.0,58.0,0.8239742699154329,1
0.32689977692780353,2.0,1.0,0.0,55.0,4.0,3.569359913025289,17.78074849801327,28.72843295641712,3035.357138720269,0.0,4.0,0.0023855710507756397,0
0.0716062875746841,0.0,0.0,0.0,50.0,7.0,4.506297492454958,26.25776514830617,30.728064943480277,45.850523320934315,0.0,4.0,0.02233156562252331,0
0.1576468702821739,4.0,2.0,0.0,54.0,6.0,4.0446995899700005,22.093701139065047,41.40777463566887,145.33876788297653,0.0,5.0,0.05627052089034007,0
0.1798092888910853,2.0,1.0,0.0,46.0,6.0,4.631826175481114,16.402508307315593,26.693366178358637,148.20858140716618,0.0,7.0,0.009085342849022472,0
0.013881881595936835,4.0,0.0,0.0,50.0,4.0,4.697359585158924,13.980943066528486,26.34399073032532,475.5811797712015,0.0,1.0,0.03381368880084317,0
0.16085869255975388,25.0,31.0,12.0,181.0,156.0,6.700336602849351,84.93566188026423,56.60410571446221,53022.05171469053,15.0,60.0,0.9576420014476922,1
0.028717683164542575,1.0,1.0,0.0,51.0,9.0,2.4337853689901143,25.053370849016986,28.132092752279977,1329.8361000726666,0.0,1.0,0.015332418392997501,0
1.327378727640874,26.0,23.0,21.0,209.0,196.0,7.378252111322339,64.17846290928712,65.75294753682793,164010.71339712653,18.0,49.0,0.8759685584583736,1
49.9849994064833,33.0,31.0,30.0,205.0,181.0,7.258721671690334,67.39777934699717,58.88563604675395,18357.630136833013,13.0,47.0,0.7810083130934521,1
0.3267487161870723,5.0,2.0,1.0,41.0,3.0,2.846957784996075,38.623919682037865,31.95727423094349,730.0630042822063,0.0,10.0,0.12070581859845982,0
4.204341517742646,36.0,33.0,25.0,207.0,186.0,7.334549860080571,51.1402903759855,72.13214569008737,21398.975109556886,24.0,54.0,0.7727478862652262,1
0.01738512931977773,4.0,1.0,0.0,42.0,5.0,4.717187307280484,37.32588943559756,13.900521889519492,3563.875963150091,0.0,2.0,0.018779557390118558,0
18.548780625533627,25.0,19.0,25.0,217.0,168.0,7.40039879870276,91.3355358521654,96.4892003036568,10801.085760113718,8.0,51.0,0.6400695712117601,1
7.363220062455811,31.0,22.0,18.0,189.0,156.0,5.991069031754146,79.29812767281746,79.63497765126809,12314.064840686384,15.0,44.0,0.8602633800051288,1
6.651569818886428,35.0,16.0,24.0,231.0,201.0,7.846061824723077,67.27349005724503,77.17566960184965,9121.634442266273,14.0,48.0,0.63876152888285,1
7.211387195700791,34.0,22.0,15.0,198.0,184.0,7.873201109227688,81.59547673180408,81.87338968990996,11560.904971720642,8.0,53.0,0.8259445563016693,1
19.67500819954053,35.0,23.0,19.0,217.0,163.0,7.379715939095686,89.31444297625002,81.883774152969,180509.16240559952,11.0,44.0,0.952428605879913,1
0.42954011387565777,1.0,0.0,0.0,47.0,9.0,4.293706704010132,17.321535842196983,60.9107494057083,6125.317544822983,0.0,7.0,0.04092469416000035,0
0.1847449866274159,1.0,1.0,0.0,41.0,4.0,5.301782782072592,15.224243173962991,38.271178594172,180.89696364972184,0.0,2.0,0.03559518839590306,0
22.348118643203502,24.0,16.0,18.0,211.0,178.0,6.994960488809523,52.33547915315904,74.9487826123113,7877.3532947664635,15.0,46.0,0.896816523384442,1
27.7336810374309,32.0,27.0,20.0,200.0,150.0,8.0,66.61098028384257,57.083447413856696,2594.15750506395,19.0,56.0,0.5568996020790651,1
0.24082623570644623,2.0,0.0,1.0,38.0,8.0,4.128099939729655,31.123510774232184,37.90694538697426,1580.9834935418792,0.0,5.0,0.17172009095737442,0
2.593574726287102,33.0,28.0,15.0,191.0,177.0,7.392836846166649,100.0,64.07362741347454,131355.53237420818,18.0,46.0,0.5832277245729864,1
2.3448067493434652,27.0,20.0,18.0,176.0,187.0,7.888529352533022,81.23315187547041,73.64251732623245,59890.64181745672,18.0,44.0,0.8611378026494559,1
0.02928075269695681,2.0,1.0,1.0,55.0,5.0,3.679258136298787,9.536267180061731,28.133015186290724,18240.352847991402,0.0,12.0,0.14351999030811316,0
0.03400840156219901,3.0,2.0,0.0,45.0,9.0,4.403917613541313,21.56355523316917,27.26418862157123,3702.569797452052,0.0,5.0,0.08736789942449999,0
1.9295348216739066,29.0,24.0,24.0,165.0,191.0,6.9007446036329245,73.98397035363226,77.10978603461355,11730.48651829687,15.0,48.0,0.7775584194946187,1
0.15775789333954257,6.0,3.0,0.0,46.0,6.0,5.230029531206208,38.969290449692906,38.21056917081939,4446.085804007814,0.0,2.0,0.002377702835478596,0
14.142903366709124,24.0,27.0,18.0,197.0,191.0,6.9545085014959565,65.72288575454317,79.15805147979685,287445.5248668464,20.0,44.0,0.7174431180329662,1
8.521382475340499,21.0,23.0,18.0,207.0,168.0,7.7739617185587875,60.632722572658295,73.61863563647468,182431.01276497275,12.0,48.0,0.869372947807326,1
0.32250486160245556,2.0,1.0,1.0,48.0,1.0,4.3576195047809,28.525321208849547,36.11107349219492,208.8334959477447,0.0,10.0,0.10227390060755144,0
0.6559855992662403,3.0,0.0,0.0,43.0,6.0,4.530924820673397,41.03087728668228,45.107504754348575,44.44355562713909,1.0,5.0,0.000348991876660273,0
14.315496887144098,16.0,25.0,17.0,209.0,153.0,7.503490732649057,48.70385114599239,72.26615976067913,42484.23497404626,20.0,60.0,0.8088400065717993,1
0.08602164689498949,0.0,2.0,1.0,49.0,3.0,4.827646038952983,8.346648364066482,35.240383310867394,1856.4632905277517,0.0,5.0,0.006885403187089959,0
0.20629778353915415,4.0,1.0,1.0,56.0,5.0,5.540360906171541,20.79359467650286,24.255802796685703,2.593440580498186,0.0,6.0,0.0029014041392968564,0
36.29777907338132,26.0,24.0,12.0,193.0,158.0,7.1859314672103665,81.07631809128401,65.29363457026096,13596.251322025973,18.0,47.0,0.4681321485442631,1
6.285398689253916,28.0,30.0,24.0,239.0,168.0,8.0,64.67330626974086,81.83974749098314,49931.14115929318,17.0,46.0,0.7803673620466494,1
0.8857210529321946,32.0,25.0,16.0,196.0,173.0,6.929371160918845,59.37374104284773,77.56821168222031,213030.4417611958,19.0,43.0,0.9106881816799597,1
0.17075862516576995,0.0,1.0,0.0,48.0,7.0,5.0565879997027245,6.861991289258281,17.98751537994037,4522.7136115198355,0.0,11.0,0.030546835050018675,0
15.028638812902257,33.0,24.0,16.0,200.0,160.0,8.0,56.099895504382246,82.55356716516663,21199.414606201484,7.0,65.0,0.8284895010099451,1
3.3897883617441593,36.0,32.0,10.0,183.0,185.0,7.136725728419775,85.37046908913159,63.686362082022086,30237.796251540043,18.0,55.0,0.8900235599391259,1
14.44809691700762,31.0,20.0,19.0,206.0,175.0,7.85515442491466,94.51652461523429,68.91307621497168,54225.29499286254,12.0,53.0,0.7663094328596783,1
3.532237221708612,30.0,21.0,20.0,195.0,166.0,7.2060667747422045,76.03129216895212,87.4984477587176,58091.18973024364,19.0,49.0,0.9271781772513015,1
0.07477386659418389,0.0,0.0,0.0,40.0,6.0,4.786415604460839,29.97903369676377,44.97888540120094,3601.0943930938784,0.0,9.0,0.061252763160787496,0
0.17636998967710787,26.0,26.0,24.0,206.0,187.0,7.7666373358705485,74.76863688712645,44.73010499517855,94811.82209114301,21.0,39.0,0.6356690562197137,1
3.147051524527559,22.0,22.0,25.0,179.0,161.0,6.850453123234207,70.99192293477714,88.041923963175,45755.518143916204,18.0,44.0,0.6985923790689584,1
3.1075647561374677,23.0,28.0,21.0,197.0,186.0,8.0,75.75228845391212,85.15817514366488,34614.448812677205,17.0,51.0,0.8153168230698239,1
0.05013386543805206,2.0,0.0,0.0,47.0,5.0,5.179105162747582,24.356884655295012,31.108009415596857,885.3438840306382,0.0,7.0,0.06939243180548188,0
1.8638207446569601,29.0,26.0,18.0,194.0,189.0,6.893812118083349,92.44210748477795,86.14646397729926,33835.58134624573,20.0,47.0,0.7791145114317476,1
0.30722521532274194,2.0,2.0,0.0,44.0,5.0,4.112482217091449,14.705575563129042,38.42960208320159,6342.097205682836,0.0,6.0,0.05016530263499414,0
7.611532078567575,30.0,20.0,20.0,191.0,149.0,6.908938738710875,92.79501985792888,74.03610526148906,14036.904605424255,16.0,44.0,0.848536305911658,1
0.007176737979472197,2.0,0.0,0.0,47.0,4.0,4.993903903833426,18.441853603851264,28.571968283918395,3842.5431899358637,0.0,3.0,0.11091592647216847,0
3.7877156403512084,32.0,21.0,19.0,205.0,185.0,7.351794530951218,64.80598862265698,62.76918676424024,73656.50063982759,13.0,36.0,0.8272560948195475,1
0.07618496019240735,4.0,0.0,0.0,59.0,1.0,5.899871878719101,16.955624232447253,48.06536720804724,1548.9829948365687,0.0,5.0,0.01694163035048703,0
0.3819288515975084,2.0,1.0,0.0,53.0,7.0,3.949512736008164,21.100112660898905,57.07371168077509,3798.976009848419,0.0,1.0,0.04434601625297638,0
3.726066581107111,26.0,29.0,19.0,212.0,197.0,7.2418895250697535,68.31520402470365,81.20210680120503,130135.66141858562,12.0,50.0,0.6850494747716459,1
3.956551604966769,19.0,26.0,20.0,214.0,177.0,6.584318569489051,77.32781881588463,78.67530866977539,191.51078240273807,13.0,52.0,0.8995179780481057,1
8.398608436449504,38.0,27.0,24.0,221.0,195.0,7.386763511205692,71.50210600776276,95.9158555165837,30006.042682418814,12.0,56.0,0.8209981955250207,1
6.242845686295099,27.0,18.0,16.0,187.0,195.0,7.207790961102724,79.58012210282894,62.25470421356246,105025.84797066881,9.0,57.0,0.952257307676948,1
2.6338116835136294,35.0,26.0,24.0,205.0,163.0,7.29974008323729,67.05175035193648,79.36420156410931,59343.8370271469,11.0,50.0,0.9340075999460624,1
0.24478491141873335,39.0,29.0,19.0,217.0,182.0,7.63589739304826,86.74918921573877,61.2360805942618,24946.73028494464,18.0,51.0,0.6700662490441294,1
0.030123605187337737,2.0,2.0,0.0,49.0,6.0,4.5559402179970805,16.18185966630945,54.77173506126317,1553.6883849191893,1.0,4.0,0.01432587739400521,0
3.464180219524411,30.0,22.0,34.0,201.0,187.0,6.527840421679526,85.26090823742157,71.96631085605279,93732.88818474037,11.0,55.0,0.863356297449229,1
8.371265392654433,34.0,24.0,24.0,175.0,209.0,7.195645846160754,84.25383298513263,46.50210444306272,145295.6159981909,12.0,43.0,0.7608119400387303,1
30.188634053859406,29.0,23.0,20.0,187.0,174.0,6.722450912500436,75.50053070397732,77.8078133570896,51590.02827081861,13.0,52.0,0.8094175567110382,1
0.9134177255471395,23.0,18.0,17.0,227.0,164.0,7.439840227891938,100.0,53.57059215436399,47925.196266922554,10.0,46.0,0.8506975570972024,1
0.38967089364536667,2.0,1.0,0.0,35.0,7.0,6.484415118237388,0.0,30.83517848542507,188.00457319338844,0.0,4.0,0.11390095815914585,0
44.563435419521085,26.0,29.0,29.0,209.0,175.0,7.85365827900867,77.26497281516518,60.56132395197162,69972.03929649336,21.0,47.0,0.61021284892003,1
0.7333847885509909,1.0,0.0,0.0,50.0,7.0,4.22417230209607,37.038626169752845,54.91266041529815,3556.7469684271105,0.0,6.0,0.02728790248124225,0
0.06646183215176578,2.0,0.0,0.0,47.0,7.0,5.385493267392067,47.079441417835355,36.28273862312178,24.620973881792562,0.0,4.0,0.12900843504096238,0
0.054828716777039564,4.0,2.0,0.0,65.0,5.0,4.546056042823805,25.838627434687645,43.36431505254223,4639.651700861521,0.0,6.0,0.20349288326471845,0
0.12502010127922594,1.0,1.0,0.0,45.0,5.0,5.499888712652274,12.329643643395652,43.72583936071277,826.7849563002914,0.0,3.0,0.03769829538339058,0
0.11958480963014993,1.0,2.0,0.0,48.0,5.0,5.0391201720708985,2.8765316006621013,41.99130947382981,1684.6118307703832,0.0,3.0,0.012033387544253813,0
11.290461618298725,22.0,24.0,25.0,197.0,173.0,7.188631431123605,75.24088416430729,58.92045299867309,40676.22175349581,18.0,55.0,0.87664346484921,1
7.301243377696702,36.0,24.0,18.0,201.0,196.0,7.295121668978351,46.595309829676644,61.4852546713341,11881.746731598963,12.0,46.0,0.8411574234640551,1
5.000492883998553,31.0,31.0,26.0,198.0,184.0,6.724148706710853,89.53277818801303,78.49352768317603,29552.87764305421,11.0,40.0,0.8787334852112716,1
0.11713845337636265,34.0,23.0,23.0,200.0,147.0,7.675266696603879,79.48943432074606,74.35787266957985,16952.16176147245,17.0,53.0,0.8222101320119207,1
15.355246605552741,34.0,21.0,24.0,192.0,189.0,6.750187107810846,66.47870076934831,58.92352065079115,36712.69806278138,20.0,53.0,0.6062962804137033,1
3.2996296108506065,28.0,21.0,17.0,200.0,166.0,6.580622744221168,85.97715199185522,82.56986494166725,15116.571950787897,15.0,40.0,0.6243392630542458,1
0.20097052068895385,0.0,1.0,0.0,50.0,3.0,5.141161122887652,27.73447600382574,45.45838836848989,2532.9378083823294,0.0,6.0,0.05361422276906018,0
0.17339987264508366,36.0,23.0,28.0,206.0,189.0,7.265636542302404,69.14194093901982,66.9754024439597,53986.85865351456,17.0,35.0,0.9316772272361991,1
0.2616616296974852,0.0,0.0,0.0,58.0,2.0,4.7420320646062,25.612514401101297,36.44075655720691,290.29781845097693,1.0,3.0,0.11188584203361711,0
0.1607504808982047,2.0,1.0,0.0,52.0,5.0,4.658553217282111,0.0,48.065618467235126,15.916725189641074,0.0,8.0,0.0017472845390018891,0
0.007064100954213452,2.0,1.0,2.0,43.0,8.0,5.178349030131418,19.267118416640187,49.207486031878034,1672.16193894789,0.0,5.0,0.06774284915927004,0
0.6908449061138567,2.0,3.0,1.0,40.0,5.0,6.555415740645133,26.791273336702233,26.48103672482992,154.70593154780528,0.0,5.0,0.02618504731819514,0
0.3589138286250807,32.0,19.0,16.0,197.0,184.0,7.07827888871644,90.90104940257542,57.647368542334796,68840.2070193869,11.0,50.0,0.9706987768733593,1
0.14527115108547395,3.0,1.0,0.0,53.0,4.0,5.564880981242139,39.12618558478195,52.34805294788923,231.3180348340266,0.0,8.0,0.014097026797336213,0
17.954271587606836,16.0,35.0,16.0,184.0,189.0,7.166227794127466,100.0,68.41648425975809,24894.952788878792,11.0,41.0,0.94327365829556,1
0.14081520139651846,0.0,2.0,2.0,56.0,4.0,7.167057230830455,12.710224010539216,47.887576590106654,68.71125497177181,0.0,7.0,0.019043146823876575,0
0.4735535808944921,29.0,24.0,25.0,191.0,180.0,6.953431643389944,55.5147091503492,78.36664324660812,91827.257978558,14.0,58.0,0.9494341630644887,1
0.3151190517973859,3.0,1.0,0.0,42.0,4.0,3.638413352886799,11.597910255018238,58.464220541463035,6022.9399203036455,0.0,6.0,0.023939609050199113,0
0.623117329981251,2.0,0.0,0.0,46.0,7.0,5.774569696935241,15.843156697128885,37.47653163222953,149.22494204598084,0.0,4.0,0.017117287300610344,0
0.04483801982025496,2.0,0.0,2.0,48.0,5.0,3.426864573326873,7.464754512299777,27.233354365558128,728.2097388813102,0.0,7.0,0.015488100312739252,0
0.04890285298034391,0.0,3.0,0.0,49.0,2.0,3.7858862333359182,27.97629895539079,2.3593892880001377,4821.071479260701,0.0,9.0,0.15156109464334477,0
1.9411032976164593,20.0,19.0,21.0,216.0,173.0,6.98397760911373,81.23805052627993,55.863762294632366,3865.8860418415265,14.0,46.0,0.9520177689550187,1
20.78527506448939,28.0,35.0,29.0,205.0,207.0,6.977535941689569,90.04033877448516,69.39173498547248,14895.724694959952,12.0,52.0,0.9295088697300583,1
0.633882888042256,2.0,0.0,0.0,53.0,7.0,4.011593566852859,39.67325121648983,52.96968753545052,19.197394133427483,0.0,5.0,0.07383497551666543,0
21.32518436729739,32.0,27.0,15.0,204.0,180.0,7.986260465001294,79.6200371776442,80.31441099221072,21329.52229627755,14.0,47.0,0.8324096015058462,1
3.1090619223393983,23.0,34.0,9.0,192.0,168.0,7.765872962496012,65.19349628511583,54.94705952657374,17605.630925047823,21.0,59.0,0.9434160282940565,1
0.031073847358301845,1.0,2.0,2.0,56.0,3.0,3.8409609787232863,11.768459105100884,21.844490602463715,2217.9034386766607,0.0,5.0,0.021281592870854075,0
1.2094565578100887,24.0,26.0,29.0,193.0,167.0,6.179504215589957,94.89179300217464,82.82086942661816,117298.38077004449,14.0,65.0,0.7382182232364007,1
0.2114983322379532,1.0,0.0,0.0,52.0,4.0,5.09604215712279,20.231941152268107,36.249119442721955,3321.627676510939,0.0,4.0,0.09827584811382684,0
11.622222868000799,26.0,21.0,22.0,192.0,193.0,8.0,82.4230117769965,76.36966892433371,8637.179335000888,16.0,48.0,0.9303041408690157,1
0.06177585380716859,2.0,0.0,1.0,46.0,4.0,3.189500984067544,26.829141445739243,18.620512395710133,1992.8190341582476,0.0,4.0,0.008173835241015321,0
3.6828905673351766,18.0,25.0,18.0,211.0,173.0,7.056511587434953,82.18749712359204,89.21361926587609,10494.784484830023,16.0,45.0,0.8792848506097243,1
3.08115823926669,34.0,16.0,29.0,194.0,177.0,6.769602388178304,88.39408684986334,59.11358952027897,26351.332074468508,15.0,60.0,0.6933710189708597,1
0.11188820872603576,2.0,1.0,1.0,47.0,5.0,2.9905884028232594,38.447332323755724,45.56047704662093,662.6859809831723,0.0,3.0,0.04475019798962955,0
0.06914155511117206,2.0,1.0,0.0,50.0,5.0,2.701140611233132,19.43607943433585,43.29151099375988,57.87165889947306,0.0,10.0,0.015744375883610846,0
12.751289606428662,27.0,30.0,25.0,224.0,197.0,7.50157342666154,71.26411233518097,80.55681801779073,21048.432518565103,10.0,51.0,0.763148942923833,1
11.169141860164723,30.0,22.0,16.0,184.0,187.0,7.386811691102303,60.90918196511587,53.87759562355015,31120.084880272825,19.0,48.0,0.7984170636563918,1
0.019700419741434865,3.0,1.0,0.0,52.0,7.0,4.187860281893242,23.182456379874665,42.54007948495491,3004.6940577963437,0.0,5.0,0.0918194729926305,0
14.507755904827514,29.0,22.0,16.0,194.0,165.0,7.7973034320322885,90.54206144346978,64.01139251546525,115692.34583075061,8.0,60.0,0.8513382347908774,1
0.2839112621699396,4.0,1.0,0.0,60.0,5.0,4.4069107212646115,25.47750589298914,34.97621110589911,8.702762607221182,0.0,6.0,0.015432795321983654,0
16.812152945687348,29.0,21.0,22.0,216.0,171.0,7.15873172096647,91.66573538333665,41.29719814462814,22429.020000254928,17.0,45.0,0.9082949381346732,1
0.45495578873773457,3.0,1.0,1.0,54.0,0.0,5.73685930659742,19.438582107133715,34.084616021412906,203.39560483805985,0.0,3.0,0.03918616200295341,0
0.07259868397321419,1.0,4.0,0.0,46.0,4.0,2.888653079947888,12.632681127563945,33.06046422519427,1392.492250439844,0.0,4.0,0.1358141661541699,0
0.049471185466333924,3.0,1.0,0.0,50.0,7.0,4.678285425293608,14.589067158751769,36.435713106390644,618.2627576332693,0.0,3.0,0.05778375950780486,0
13.111067833342469,38.0,22.0,26.0,199.0,190.0,7.4513435723994235,68.22468782269011,68.14542852166453,99828.02160695565,12.0,54.0,0.9844508338935637,1
0.4536722272718389,4.0,0.0,1.0,55.0,7.0,4.58327786700027,21.46352246709576,43.69346441696322,5854.824899662891,0.0,7.0,0.08786999598418177,0
7.901185845706503,29.0,14.0,26.0,206.0,196.0,6.827617982633545,62.964565068908904,71.47275004713465,27440.116289604117,15.0,53.0,0.8369338005731704,1
0.317309726676173,2.0,1.0,2.0,50.0,10.0,6.998273379289094,17.232275658219397,35.20824001732691,65.82264279530979,0.0,2.0,0.05091315816778714,0
7.100524456964606,32.0,21.0,24.0,202.0,178.0,7.531142027793561,80.34838647095619,78.02116655460748,32072.117550131636,14.0,50.0,0.8461936261758679,1
3.7223925807843323,29.0,31.0,15.0,214.0,184.0,6.33702999535141,61.1311890175797,72.68556126583742,59291.31779976356,16.0,46.0,0.7784351033838836,1
11.728526075974257,27.0,25.0,21.0,200.0,186.0,6.998423381678131,100.0,88.99354071741284,26105.407972819194,12.0,50.0,0.7657375118783895,1
0.5088247988544209,2.0,1.0,1.0,63.0,7.0,4.904464362884324,32.99966616404053,11.984305651500435,7173.832268140926,0.0,12.0,0.2807193875138457,0
0.25361672762070175,4.0,1.0,1.0,44.0,3.0,2.5710059469841697,32.478639978015735,19.670831462575833,219.98385805004003,0.0,4.0,0.11341294309621071,0
2.3486328410430075,32.0,21.0,21.0,204.0,200.0,7.907614550863821,78.22018920885822,53.38802891390267,79121.65933864692,10.0,48.0,0.8162918906337314,1
2.519603303834908,31.0,29.0,17.0,205.0,196.0,6.5365080589093605,61.83260245655028,60.58794473246685,46619.84295761254,15.0,56.0,0.8938438837370195,1
1.708438464124967,25.0,21.0,24.0,189.0,188.0,6.787918085831138,61.64459756876522,62.18447204629954,32110.975512378332,14.0,40.0,0.8540780988445296,1
0.5102087709058435,0.0,0.0,0.0,55.0,4.0,4.606303449673406,2.3250826471739146,39.55318158247012,2331.524415776316,0.0,6.0,0.05655829342228387,0
7.320961555373027,26.0,34.0,21.0,195.0,190.0,6.6151189572800515,83.82835750091454,69.57499454247191,71302.59642515311,14.0,41.0,0.8204083974382645,1
8.710769951423856,28.0,25.0,21.0,184.0,162.0,8.0,59.44864823390961,66.45539309067973,51281.235255395084,7.0,41.0,0.8123459567879937,1
0.6908314586559544,3.0,3.0,0.0,50.0,7.0,3.6516871036893157,37.57504881771776,38.19858879380463,684.8198267907868,0.0,6.0,0.015839728173220095,0
5.9206706417973125,34.0,33.0,18.0,237.0,178.0,6.775184085386232,84.71133579258336,81.51817775149496,34292.816159339956,14.0,44.0,0.9407349945736423,1
0.3989893003069205,38.0,27.0,21.0,191.0,182.0,7.069475743118445,76.6607239652493,69.29465393268678,128468.73088111769,20.0,59.0,0.9675922864531035,1
0.7957668144662342,0.0,2.0,1.0,41.0,4.0,4.536032873095202,37.43827844207725,46.67176598015941,503.43929046838076,0.0,12.0,0.08754430391613416,0
22.47706398859743,36.0,24.0,29.0,181.0,158.0,7.173155951449805,85.66601913222942,62.85536777746762,93030.57986357162,17.0,48.0,0.8861287149147445,1
0.25431826843757593,2.0,0.0,0.0,57.0,4.0,5.842741556273594,40.877204816772945,51.619899609328534,2186.6305188976958,0.0,8.0,0.07227061919619554,0
4.773114637069406,36.0,23.0,15.0,189.0,181.0,7.583236184976822,51.523805596566994,73.60816200876945,26249.820781052098,19.0,45.0,0.8078449023166722,1
15.09989647494559,29.0,24.0,19.0,195.0,185.0,7.168500451648489,55.95830343549154,78.0744479088349,38443.52164983204,13.0,52.0,0.8085898284941705,1
1.7145945087701344,23.0,24.0,22.0,191.0,185.0,7.433059502993337,81.75464964759873,61.005227531231185,44414.34336377367,11.0,42.0,0.7805280145617319,1
0.0590033128355356,2.0,0.0,1.0,51.0,3.0,5.586170107311254,17.964298205820153,71.15379777849927,1802.7698483598028,0.0,4.0,0.014715271101219897,0
0.8895801663456611,3.0,2.0,0.0,50.0,2.0,4.961320624887189,11.177394008960604,58.84721208888325,756.9440121280252,0.0,6.0,0.06109487943320329,0
16.29109783745916,25.0,24.0,20.0,189.0,160.0,6.536299345155529,72.74148302286841,72.61862329273367,47549.91048172919,7.0,54.0,0.6519346198576216,1
1.2007840406267287,36.0,21.0,24.0,187.0,156.0,7.08302246491218,100.0,73.3771031222422,87851.81646940818,13.0,59.0,0.7418907570132286,1
0.022561566692009358,2.0,1.0,1.0,48.0,7.0,3.963429314105462,20.7592102322837,5.1224190385039705,490.4800123460841,0.0,5.0,0.01156181698888505,0
0.2963022519024066,3.0,1.0,0.0,62.0,1.0,3.6163326244011316,27.10308329943784,49.514672681086935,310.9361458162684,0.0,6.0,0.02208243930508803,0
1.9247405207134445,26.0,20.0,26.0,210.0,174.0,7.058018028204941,63.050512514520186,73.23524725406743,44025.095716726355,10.0,68.0,0.8908152541998333,1
5.051016650397874,27.0,26.0,21.0,179.0,184.0,7.285012456052253,56.00531331408075,64.06657044327449,127284.8891854649,16.0,50.0,0.5296536749571529,1
0.3149157224663401,2.0,3.0,1.0,42.0,7.0,4.204109878406008,19.57674090357014,14.976043124378617,340.47835875181585,0.0,6.0,0.03468047057453147,0
0.08486887612755949,0.0,1.0,1.0,52.0,7.0,3.711584366805905,19.827332537110667,37.58461371085592,3917.9947905931062,0.0,5.0,0.022245033144663237,0
8.642689414978395,20.0,31.0,23.0,198.0,200.0,7.0565393784111725,88.6260342927634,63.03534941924166,26488.263745197826,17.0,46.0,0.9450548193268538,1
0.29522662512706915,3.0,2.0,0.0,49.0,3.0,5.490604629863875,22.19809150678953,8.81209492168271,700.3246992562372,0.0,6.0,0.03482012307509524,0
0.45926152131591047,2.0,1.0,0.0,47.0,4.0,5.097767298262495,18.586418228840486,14.05402151817928,423.38093684653296,0.0,5.0,0.027415476439869503,0
0.00912959427599138,3.0,1.0,1.0,46.0,7.0,5.123887331255573,23.653737692411987,40.08252702900516,9649.341453567775,0.0,7.0,0.05905479562012985,0
0.2676482639170393,1.0,1.0,0.0,52.0,8.0,3.291227541096351,25.49216430349966,27.92296069825653,318.35522918158034,0.0,3.0,0.03718365521690305,0
10.974435437119,27.0,22.0,22.0,194.0,196.0,7.566040161671415,61.70565657460049,72.17704259955163,46106.495174897915,19.0,55.0,0.9290217366996012,1
10.847522794077362,35.0,31.0,20.0,213.0,188.0,7.2356476355545905,85.01424304283783,72.30958140100427,58390.79530867779,26.0,51.0,0.7449799753827874,1
0.08238854031468089,3.0,3.0,2.0,53.0,5.0,4.4608959638077605,18.626723728516307,22.69777837045038,2281.3484103731034,0.0,7.0,0.014494580921606251,0
0.0122807226131786,3.0,0.0,0.0,46.0,4.0,3.5388930905742586,22.95558725523795,64.15109859861768,9580.046927238891,1.0,8.0,0.057194654691067916,0
0.5675315964150838,5.0,0.0,0.0,49.0,5.0,4.088941395241675,12.116558737596787,52.32266151530236,2868.1318653290105,0.0,1.0,0.014174993730072586,0
0.1584916669467907,4.0,2.0,1.0,49.0,6.0,5.200054903554155,24.40992688138154,40.957270556014855,1245.4740218006762,0.0,7.0,0.031857622248919165,0
0.4199697690349025,2.0,1.0,0.0,56.0,8.0,2.995286726973606,35.70050897470112,33.792351965832296,35.79591611510942,1.0,4.0,0.03948979137449542,0
2.2037694935493026,31.0,31.0,25.0,204.0,171.0,8.0,96.674011790644,73.68144652742083,29980.708334340034,11.0,57.0,0.8857427421153033,1
19.0221177442659,32.0,27.0,18.0,200.0,182.0,6.697737942523801,68.94650521168113,48.951118583894456,66645.94136914526,13.0,43.0,0.8912266181272375,1
4.397183191763366,26.0,26.0,18.0,199.0,154.0,7.79926640368757,81.16751544313715,68.71940612203625,25928.998801019276,23.0,51.0,0.819977323415279,1
4.051731101474037,28.0,36.0,15.0,208.0,158.0,7.350103106639306,54.22477012271697,51.59867723246934,47537.365109174876,17.0,57.0,0.6481736851205394,1
1.354155387371068,41.0,24.0,17.0,201.0,169.0,7.097935422018909,77.55043995279391,62.87725250712655,68459.52178979476,9.0,45.0,0.6466151947444195,1
0.05765289253637378,1.0,1.0,1.0,48.0,1.0,3.899029352573493,24.535724473345734,66.95535647791633,84.72404064872387,0.0,8.0,0.06314547652765672,0
0.12364810404144495,30.0,27.0,27.0,225.0,181.0,7.630878341026354,70.17525850536332,60.116703744512165,13389.826091778898,15.0,55.0,0.8436882590666298,1
0.009920074004995713,5.0,4.0,0.0,52.0,6.0,3.1848938651780303,0.0,19.537900832043505,1445.1572456411277,0.0,3.0,0.004034474055866818,0
0.02521069262199701,2.0,0.0,1.0,50.0,3.0,3.9732321943159183,22.028952187918023,14.672555068336901,1185.0488854914302,2.0,5.0,0.016203006801945644,0
0.040766712389228396,1.0,0.0,0.0,54.0,4.0,2.9170652887941007,35.64885380182647,31.3649050211137,1725.8449263404186,0.0,7.0,0.07515340420370212,0
0.23970337499808334,2.0,0.0,0.0,55.0,3.0,4.5180088252140616,25.068765781250395,45.44353901340719,466.8597214353148,1.0,4.0,0.047857905247635245,0
2.091697724417719,28.0,31.0,31.0,202.0,175.0,7.344470681851779,74.69842331422286,61.04405465470962,68216.69782383922,17.0,47.0,0.9046105976964577,1
0.041105527220102134,2.0,1.0,0.0,31.0,6.0,5.93068531651925,17.389757862665572,30.221772664249592,3000.0895154871687,0.0,6.0,0.03118791412437742,0
10.482162673633068,22.0,24.0,14.0,194.0,182.0,7.497329036439326,80.33256370902821,76.27735980285253,128983.12490115922,16.0,38.0,0.7193146027208849,1
4.775985450737617,19.0,31.0,15.0,186.0,184.0,6.9131192821819445,66.26204835430998,77.88222423604469,218553.5533024228,10.0,45.0,0.8184982104629218,1
0.23923839470861785,1.0,2.0,2.0,43.0,3.0,5.364883032196839,8.31975808168259,55.429139947000905,701.6415388912761,0.0,2.0,0.061642893959469106,0
1.8546583232541978,0.0,1.0,0.0,52.0,7.0,5.503988338342223,26.59516928043798,57.39133030448036,4752.471047821546,0.0,5.0,0.046213472879294046,0
0.025317135169797427,36.0,21.0,27.0,185.0,190.0,7.494433027334822,48.456788875961976,81.16573687170785,50482.36037729186,8.0,61.0,0.7501304495913715,1
0.04316638661708968,3.0,0.0,0.0,40.0,3.0,4.41382234321646,43.36114143850311,55.44864887362186,818.9500169469677,0.0,4.0,0.010184580303483532,0
0.9237070383738512,36.0,24.0,20.0,187.0,188.0,7.315995440858834,57.68580626394326,62.74198345351102,84845.93958124639,12.0,55.0,0.5702091754098094,1
9.32383625087144,31.0,30.0,22.0,219.0,206.0,7.872364744406432,79.87699584084119,73.29327900501336,100953.56998562587,18.0,35.0,0.8226478568401276,1
21.078214468432485,30.0,18.0,26.0,190.0,188.0,6.092511595953522,64.8757858975114,72.4145487495445,108994.44973493635,16.0,51.0,0.8036375996786037,1
0.5089486091541812,28.0,21.0,17.0,199.0,181.0,6.967379525578188,53.27644271775935,62.943543546496194,26095.11627016447,21.0,60.0,0.43913693734482345,1
4.69207410234262,33.0,30.0,21.0,185.0,197.0,7.200258120430536,100.0,51.38805313789164,21220.10797364991,12.0,67.0,0.8447280469954538,1
0.29099885714245044,3.0,2.0,1.0,40.0,5.0,4.555164518465568,25.101797436751646,31.719073996751703,101.43572909993426,0.0,2.0,0.04963653539752008,0
0.017855124427327104,4.0,1.0,0.0,61.0,3.0,4.674022771624351,10.601547387958178,34.48988711297136,1808.2667565751558,0.0,8.0,0.019114399099256114,0
17.880758314904043,24.0,23.0,23.0,175.0,202.0,7.447031154058308,76.41501784967808,61.55171380573619,46586.44288469599,9.0,59.0,0.93783382965621,1
1.053840481802276,25.0,22.0,14.0,207.0,172.0,7.650225432012642,100.0,74.88961893936889,2365.172472547324,19.0,50.0,0.5573463841934732,1
15.41532386873364,30.0,21.0,15.0,184.0,178.0,7.53675835087039,78.46980387711186,74.2947793606188,105316.55150239618,21.0,58.0,0.7108281521586257,1
5.838353807403152,33.0,20.0,28.0,191.0,169.0,7.169102651962113,73.21672086528446,45.970619872616375,43485.18153025697,13.0,59.0,0.7746540008956246,1
0.21876392807180498,0.0,0.0,0.0,55.0,9.0,4.837621782746638,16.045261823248566,29.314037033285885,579.3949754321243,0.0,7.0,0.03937310668477074,0
8.009649676985736,38.0,33.0,37.0,191.0,161.0,8.0,83.182846211968,54.45596900122243,70828.40295696241,18.0,54.0,0.6010407629389742,1
10.245528354198466,24.0,25.0,17.0,233.0,210.0,7.162338773391792,58.32375087659452,68.85488949732914,9997.363027502728,9.0,44.0,0.7910277760697719,1
7.148657746271831,31.0,30.0,22.0,203.0,171.0,7.624410733256273,74.40710025747579,66.11489920083916,19450.35472825341,10.0,53.0,0.7364013160029516,1
2.800209346525402,26.0,23.0,16.0,193.0,185.0,7.536264823607375,67.42899739483805,71.24773282648255,89634.99116971304,19.0,47.0,0.9469567672481539,1
1.4414506322658416,4.0,0.0,0.0,48.0,1.0,4.253450545069729,14.341390791523065,35.07615658176491,1110.6438514742658,0.0,4.0,0.018556359511544565,0
1.421816042359311,5.0,1.0,1.0,46.0,2.0,4.135895791111519,6.9504321846585455,35.11853516030578,614.7501403467064,0.0,1.0,0.0006937498707844809,0
2.0886461708546067,36.0,24.0,17.0,201.0,175.0,6.275538363752563,72.08829141759946,62.97546632091556,21790.097435394015,13.0,36.0,0.8299151697326455,1
0.9347758514013312,32.0,30.0,19.0,215.0,188.0,7.4835826461512625,80.51607889397447,71.82404013527007,115385.39775270848,16.0,37.0,0.9586551103186308,1
15.577462522712038,28.0,27.0,13.0,233.0,178.0,7.230403457499362,68.02284128053658,45.953248193331746,32549.302386723095,19.0,57.0,0.75712149659501,1
10.06206516611328,26.0,20.0,29.0,185.0,166.0,6.902213670502584,100.0,69.80083132639348,80797.17671826658,16.0,47.0,0.839924869947557,1
13.403963271390825,29.0,18.0,21.0,206.0,166.0,6.777207050535818,81.19452649549123,56.59652755031698,8459.82548216844,12.0,42.0,0.7519844505131528,1
0.20504611329362352,1.0,1.0,0.0,50.0,7.0,4.423258269187269,25.90402358218386,33.54488555531234,1867.889770082818,0.0,4.0,0.11353172358495454,0
10.470434035703814,19.0,28.0,16.0,187.0,191.0,8.0,64.33517683077955,76.12804565706236,11798.42749773585,20.0,54.0,0.8740775393464889,1
2.5535656024649915,38.0,26.0,21.0,203.0,196.0,8.0,100.0,66.88505072466296,30813.416441016285,15.0,50.0,0.7941709372372309,1
10.514984751676163,28.0,19.0,20.0,207.0,170.0,6.597292152025058,85.13217895216088,74.73325913053131,14228.218710795365,13.0,41.0,0.7298195881099351,1
0.018993662685159413,3.0,1.0,0.0,43.0,5.0,4.8540768037813695,29.97008601961914,43.246267192656894,399.8471712356291,0.0,5.0,0.03248202723497837,0
11.19365211484439,42.0,19.0,19.0,183.0,165.0,6.617583042955941,69.06181178854314,65.02678849141309,12785.25088384185,19.0,57.0,0.9033855552557059,1
0.7104713026434272,2.0,0.0,0.0,47.0,6.0,4.709654265828705,17.377026980585928,3.7877903447924517,2641.547920624329,0.0,7.0,0.0063177011240291535,0
0.15799081178394334,1.0,0.0,0.0,38.0,6.0,4.821611968498048,24.305818314914248,57.0786077413227,2166.7148318311915,0.0,7.0,0.022578701453203762,0
24.463372936760898,27.0,19.0,20.0,176.0,166.0,7.424719808977367,98.5168797979953,80.34487545629077,31324.095571619047,16.0,43.0,0.9114688623354996,1
0.04180835965014173,2.0,0.0,0.0,46.0,3.0,5.034080410582317,27.82266204088306,33.335583785434345,574.3216216772778,0.0,11.0,0.033590023008832695,0
0.19647055245063247,2.0,1.0,0.0,48.0,5.0,3.499313342231214,22.271782297216454,41.07009129125716,1159.3065106093857,0.0,3.0,0.16067109892498319,0
0.030833194500751872,2.0,1.0,0.0,42.0,6.0,4.78607583562911,11.895002590814594,50.21246731645335,769.613884772139,0.0,3.0,0.01028891118017142,0
0.009503903647277353,3.0,1.0,0.0,50.0,6.0,4.707665570312392,15.131492163134379,50.36804407411553,1827.205924386027,0.0,6.0,0.0018295486874604218,0
0.023433151737674105,2.0,3.0,0.0,55.0,7.0,4.223401920402571,3.943002195296721,48.62846760295088,3292.5284224492166,0.0,11.0,0.10015710774922838,0
19.895472127138508,37.0,28.0,24.0,200.0,175.0,7.629685789396722,100.0,79.13993245007877,4820.907445951868,17.0,50.0,0.8345211648711189,1
0.18055297449057928,2.0,0.0,2.0,52.0,5.0,2.544714715588598,38.556356841120746,39.90928019245669,1333.4853633871257,0.0,7.0,0.014611231233450248,0
0.1308181435270544,0.0,0.0,0.0,49.0,6.0,6.303012443766916,17.60318387668235,69.60416188092995,1645.0659056779705,0.0,5.0,0.049829122884934685,0
0.1740272527756195,1.0,1.0,1.0,50.0,4.0,4.613518653602514,15.733756196221027,55.35203240295388,6667.792381957829,0.0,3.0,0.04112984954300897,0
0.1513401105566002,1.0,0.0,0.0,60.0,3.0,5.8818293630428355,25.348550826399773,67.41596433778622,328.0844033415574,0.0,10.0,0.002641580766597478,0
5.858674041356862,21.0,22.0,14.0,204.0,169.0,7.696676089826205,58.08550472714376,73.97569969963574,78027.52810862889,18.0,48.0,0.8034078263606089,1
0.26813352137837504,1.0,2.0,0.0,44.0,10.0,4.816237251021202,10.154923112743028,62.606056475341255,966.2776266489141,0.0,6.0,0.01805195994508466,0
0.62007190238033,1.0,0.0,0.0,45.0,9.0,2.236905459410927,18.442986685324968,25.892189555665155,1019.6179641262569,0.0,3.0,0.01917569228137294,0
0.8597659683682995,38.0,31.0,13.0,220.0,201.0,7.616204851064446,72.50022119606663,65.52007118855751,70397.22886131215,17.0,63.0,0.7003630715210111,1
27.800863327785162,37.0,16.0,19.0,213.0,189.0,5.813086295675754,80.64931836172018,87.33015664726783,14139.64236882673,15.0,61.0,0.8839383751930713,1
15.56850429583692,25.0,30.0,16.0,228.0,174.0,7.322452613226574,72.3106525625067,80.35799589797787,38525.41908044383,13.0,55.0,0.6823593358673304,1
9.777418520199625,22.0,23.0,15.0,208.0,166.0,6.582570765978418,77.92916354662141,59.00593417525805,18218.25494384205,15.0,52.0,0.9262925019403407,1
0.2329306796397368,1.0,0.0,0.0,53.0,3.0,4.8107209233342285,23.221086793948146,19.339020559703734,2867.1151334554593,0.0,4.0,0.028913265353578483,0
0.15171325606067845,3.0,0.0,1.0,59.0,2.0,5.493984090544799,25.26168581705629,48.3642096004012,11287.265250177887,0.0,5.0,0.010212475411213682,0
0.05356718928528941,4.0,0.0,0.0,39.0,4.0,6.241495222697658,33.236372770369385,36.08118560138528,3220.131093824553,0.0,0.0,0.04148988950592452,0
0.2775144398122235,4.0,0.0,0.0,43.0,2.0,4.112124161670414,12.712979141951852,0.0,3113.625809687308,2.0,3.0,0.013188217132288314,0
0.08962063630541872,1.0,1.0,1.0,31.0,0.0,3.9428760023201375,25.5447625981699,62.27866854701182,806.9311234097543,0.0,2.0,0.003852730273910894,0
2.4491309407916804,36.0,20.0,27.0,199.0,197.0,7.191733118193153,93.1274130778639,72.38371494535455,36994.17230466175,19.0,53.0,0.869537083497299,1
0.5319752999926692,3.0,1.0,0.0,44.0,6.0,5.566499314709608,27.219457764350214,41.44797197015114,5823.584290259684,1.0,4.0,0.015783600486312267,0
0.35520051272628506,3.0,1.0,0.0,48.0,5.0,3.964749271388784,31.233337861108165,32.87297043020071,1151.7193944510477,0.0,6.0,0.12057579358641722,0
0.3908246785476948,4.0,1.0,1.0,61.0,8.0,4.557403977019311,19.550599238968843,26.897634991566875,935.2373661145707,0.0,6.0,0.032525715580545955,0
0.3950237080636348,3.0,3.0,5.0,48.0,4.0,4.956738326801864,36.94353893545601,23.809892469561387,1818.2937775303774,0.0,5.0,0.03191821305149787,0
7.8384236556857765,32.0,22.0,27.0,208.0,164.0,7.4722286027909925,88.26005381971879,92.64137119665598,77410.15190963268,26.0,38.0,0.7658099150236746,1
0.7740882118837494,36.0,24.0,20.0,190.0,173.0,6.409011354966191,80.80201028469646,90.83182927754143,95784.05923890248,10.0,56.0,0.8845849511893942,1
0.2714457972266837,6.0,0.0,0.0,52.0,5.0,4.89773524366567,16.622764019063244,31.920314182459784,795.4541068799887,0.0,2.0,0.03292239474167211,0
5.446240276198247,25.0,27.0,21.0,202.0,180.0,7.4866314029375465,78.09089780743363,82.77056519113847,7087.181669409766,7.0,49.0,0.9826753222889034,1
0.09612797773500784,2.0,1.0,0.0,60.0,6.0,4.383680284134887,24.19709366180153,22.29308246445565,1112.7757426413777,0.0,7.0,0.011161999635790305,0
0.3495551804043061,3.0,1.0,0.0,50.0,7.0,4.488082314862382,10.714311881996922,20.72491070015807,204.81376289719924,0.0,9.0,0.0461444579463286,0
0.13780673048063402,1.0,0.0,0.0,63.0,2.0,4.502246107031253,20.98358484137075,68.8643095632562,227.35970926553003,0.0,6.0,0.14276515511990395,0
0.29496272592064876,3.0,3.0,0.0,49.0,5.0,4.608918233244673,15.252242921525344,59.485423160515886,1247.7284113993155,0.0,1.0,0.019738224004100975,0
0.9884588915423778,3.0,2.0,0.0,49.0,8.0,3.7146440087936803,12.274986030828618,41.03260832316927,787.1219808770629,0.0,5.0,0.024905332215565852,0
5.339097090676374,32.0,21.0,18.0,212.0,182.0,6.933334240535542,60.039252018037466,83.4137234881611,14578.48201156273,15.0,47.0,0.7637624847249357,1
0.6756455992602589,3.0,1.0,1.0,59.0,6.0,5.913314833403485,22.392448538001343,21.716336506317738,174.60189956604205,2.0,7.0,0.03183378943404406,0
1.3951154446668643,35.0,25.0,17.0,208.0,182.0,7.103875241405635,79.18514820279216,73.36691876078238,77252.65602200135,12.0,45.0,0.7876197248042123,1
0.6278206836529917,4.0,2.0,0.0,52.0,6.0,2.9721652715402107,11.218200154164713,19.06761817968535,2119.5688673210975,1.0,5.0,0.004457777826186453,0
22.80229590887498,32.0,14.0,16.0,203.0,185.0,7.810481025980393,89.58227742921574,60.09215985825378,57529.07108529485,20.0,45.0,0.7554952199513475,1
13.844585777341184,31.0,17.0,17.0,225.0,188.0,7.1636867969499445,72.29513875047525,71.69805757563068,2888.1192092626748,18.0,49.0,0.7052181256715058,1
8.859681576160213,33.0,21.0,18.0,182.0,186.0,6.115535191170391,70.2566619208606,56.108335422143156,69960.66414076585,24.0,49.0,0.775938102547114,1
0.23126490723716453,1.0,0.0,0.0,52.0,6.0,4.270983172561779,21.85751367857687,30.387922550214046,2717.259206256665,0.0,6.0,0.019078418849967336,0
7.557727482851026,31.0,23.0,23.0,217.0,196.0,7.137789045066706,80.72479063255965,60.555599780701755,26807.414359011822,12.0,57.0,0.737138962731743,1
0.18142527664942135,1.0,0.0,0.0,58.0,6.0,3.660009063176461,23.88823721517311,16.32716667093241,1061.9927385237247,0.0,4.0,0.023614635234849534,0
0.022503102771143504,37.0,21.0,13.0,214.0,199.0,7.291331025097465,80.74805567376393,79.02995213288305,47969.49251526839,15.0,40.0,0.8854487733853119,1
5.3440759240063125,37.0,18.0,26.0,196.0,189.0,6.872459028354027,82.37242932434454,61.462055756106125,103276.57940131935,17.0,55.0,0.9219975050366713,1
0.4833666126477756,0.0,1.0,1.0,40.0,7.0,5.53537996152016,12.775197866909975,36.19460464964525,3715.7946643278888,0.0,11.0,0.06935088070795227,0
0.38657482970206264,1.0,2.0,1.0,52.0,2.0,4.460430161156204,32.66062541919234,12.495713029640424,4732.812340456466,0.0,5.0,0.017054504649612636,0
0.5621231871635063,2.0,2.0,2.0,50.0,5.0,3.414486977325267,33.64335187744172,0.0,545.7579013149666,0.0,4.0,0.018148797454533287,0
15.766253580113611,29.0,26.0,19.0,190.0,163.0,6.9289619405556575,22.012016162283878,67.5565131440098,29664.49751094421,14.0,58.0,0.8004803661474214,1
0.04237534204580557,4.0,4.0,0.0,43.0,3.0,4.447674052251304,4.5440421033208,24.29878132546834,1602.7275241402363,0.0,7.0,0.17806113378484253,0
0.1889962329304177,2.0,1.0,0.0,63.0,8.0,4.340664588846064,24.275759469203006,51.78686686644912,1281.862471971,0.0,7.0,0.042116419121462335,0
2.573025540206031,30.0,30.0,21.0,217.0,204.0,7.142195345778682,80.47795519206939,63.71030214955042,72312.6581548461,16.0,55.0,0.8658767542157573,1
0.12324693729942879,1.0,0.0,0.0,41.0,6.0,6.422881694713039,17.552817638360725,34.52785515427259,3099.9568944276602,0.0,4.0,0.052776022715635605,0
0.32174769553975696,1.0,1.0,0.0,48.0,10.0,3.5969516232640886,42.84186951292216,39.83512453109258,7.585835317806469,0.0,4.0,0.044591913413399846,0
0.8171030657287424,1.0,0.0,1.0,53.0,6.0,3.7981554726284448,23.058437012794258,38.45576879368164,1779.8241781116988,1.0,3.0,0.05251399743349235,0
20.194000010677936,37.0,30.0,22.0,183.0,186.0,7.77762405990434,74.9330313546645,54.23838444020163,72006.88632118383,17.0,45.0,0.8336986587416391,1
3.2117123992288565,29.0,20.0,27.0,219.0,192.0,8.0,70.47424753619498,76.20864626763118,58441.53927522203,15.0,45.0,0.8089640958317912,1
3.168163016113905,23.0,28.0,17.0,208.0,217.0,7.515334240730004,84.15007184632807,73.9471403284519,155648.87767428003,13.0,49.0,0.8373349507139353,1
8.145316692499351,31.0,22.0,18.0,184.0,194.0,6.778326941499634,81.64090943196395,59.868271308233005,31972.351918040666,14.0,57.0,0.8576885198890786,1
1.726704809045213,31.0,23.0,16.0,178.0,193.0,6.937407539500598,84.31531864627976,67.6541138041664,81007.59357561677,16.0,51.0,0.8817173142682851,1
0.9081961563667268,23.0,25.0,16.0,176.0,204.0,7.415706676723654,88.73327574381008,64.57845994486928,18774.74983318942,16.0,45.0,0.601086786880205,1
0.1479426770775565,1.0,0.0,0.0,46.0,4.0,5.200767326137413,41.71490046264928,65.37657661771635,703.7896597645272,0.0,7.0,0.16061584872114215,0
0.41693541494863834,0.0,1.0,0.0,61.0,3.0,4.374309379737381,21.873986149937572,4.541978848832326,446.07219865800573,0.0,8.0,0.05656398614866905,0
8.140699167257901,32.0,38.0,22.0,183.0,172.0,7.201187344752503,91.51968507246944,59.03082247588855,1894.3219850990924,19.0,49.0,0.6912823560844966,1
0.019641677631757466,1.0,1.0,0.0,43.0,6.0,3.7117702629767155,13.837371843115005,17.912288532163597,2633.7656512858234,0.0,5.0,0.09255423879657682,0
0.4300291641237281,2.0,1.0,0.0,45.0,8.0,3.7004448020112535,25.74240498382413,13.141143315381207,10099.791150738436,0.0,4.0,0.005782302413611795,0
0.5188054108614407,4.0,2.0,1.0,45.0,9.0,4.397207500262638,31.675388736255815,64.61175225739903,1291.1391112355825,0.0,6.0,0.0986622285409056,0
4.785869176516155,25.0,17.0,20.0,205.0,167.0,6.657660987593569,95.82978500490086,72.37973636776942,45426.25077243265,8.0,61.0,0.8934635808034838,1
0.011275343329656759,1.0,0.0,1.0,51.0,4.0,5.824569818193039,18.473629588797458,45.2395757313859,3999.0312284550146,0.0,4.0,0.028047887673193966,0
0.4897697568658837,26.0,25.0,19.0,182.0,161.0,7.672691522737835,86.79149866457068,67.87260365147695,23264.14677923687,10.0,59.0,0.6973974609133459,1
27.523955952217154,32.0,26.0,30.0,214.0,175.0,7.111161648395772,67.37218725128092,79.10295322074278,22607.657407285897,14.0,54.0,0.8188243397142957,1
4.9912735624479625,27.0,15.0,21.0,207.0,199.0,6.927089752042067,84.19985490571267,55.284305170533685,48177.86626971746,18.0,53.0,0.7943550430388986,1
0.5110702266475717,1.0,0.0,1.0,43.0,2.0,5.231956277490042,11.487406864921617,43.65175943503987,696.2137660285728,0.0,7.0,0.09788105991346127,0
10.98224335384371,36.0,24.0,22.0,187.0,184.0,7.274786028933505,84.09955866139887,76.90814508049122,19365.15527328888,22.0,51.0,0.852548530834241,1
6.560815408402528,32.0,22.0,21.0,204.0,164.0,7.045529093366111,79.19421039933786,56.84951223824442,2453.1212429649554,17.0,42.0,0.872847300239639,1
0.030887075534343975,1.0,2.0,0.0,52.0,6.0,3.5827620841679106,21.970816169821475,41.78331164998227,153.82337767429803,0.0,4.0,0.029169612870239756,0
6.846989684573752,25.0,23.0,22.0,191.0,185.0,7.004206012360023,86.00707639239565,61.41007356411742,6446.563399059053,12.0,57.0,0.9355509527479777,1
0.405010274506101,2.0,1.0,1.0,53.0,5.0,6.052236693914343,15.402171882354105,37.01257713991374,2161.4838542808984,0.0,6.0,0.009020832361557861,0
3.2222826921968073,27.0,24.0,21.0,205.0,163.0,7.378799611889855,60.76202945218003,74.06113573870552,16352.238215054143,14.0,43.0,0.9344725802504714,1
0.4611582605683392,2.0,2.0,0.0,51.0,5.0,4.493827025720018,3.2513205710730837,21.719123213555015,1609.0776613180185,0.0,4.0,0.11074008981833183,0
0.49839845972610863,1.0,0.0,1.0,57.0,3.0,5.688978521667737,12.973782415860327,22.833485589906616,7106.171314730238,0.0,5.0,0.046040728960742065,0
0.10216901053096253,3.0,1.0,0.0,42.0,3.0,5.1844737091697555,23.454545111875593,39.62090539080728,2963.7418444699874,0.0,5.0,0.044387199233835835,0
23.223253886981162,27.0,21.0,23.0,201.0,163.0,6.487704373348413,52.82328012448743,87.58744988500996,14988.77915204207,14.0,44.0,0.6872855030331956,1
0.004673194611583315,1.0,1.0,0.0,48.0,2.0,4.629105740422287,14.162036341459117,37.36178407062342,54.82221708998824,0.0,7.0,0.012973630450944849,0
5.796011647247698,28.0,29.0,18.0,203.0,179.0,6.189427105796386,51.132222956054854,66.46701273395388,1.4675199320661767,18.0,46.0,0.7535465045179268,1
0.02299841278633648,3.0,2.0,1.0,49.0,4.0,5.246227162291231,14.21909063424351,37.03849830295855,4040.8133639547204,0.0,6.0,0.03581738984516702,0
1.2863627272258034,30.0,17.0,15.0,201.0,192.0,6.871487962498331,56.08890428291768,54.067150049310726,3612.767455588249,13.0,53.0,0.8406525961806568,1
0.6060144903928628,36.0,22.0,17.0,219.0,205.0,7.3918116820575035,68.1223621847999,55.929121310604636,12288.831176951158,14.0,50.0,0.9618157559767947,1
11.878682952513257,23.0,29.0,16.0,208.0,165.0,7.182779409850892,65.57554130916385,88.19541250062177,65076.88227091473,17.0,43.0,0.8466685419964705,1
0.7608923822889828,3.0,2.0,1.0,45.0,8.0,6.277913930456119,42.169313565903025,48.30688817372044,3322.368763452715,0.0,2.0,0.05909608130253452,0
0.17859421815311086,0.0,1.0,1.0,54.0,5.0,2.9209691094439143,17.492164110122214,42.86927773331146,117.50182194284692,0.0,5.0,0.038108160979351706,0
4.045479764717039,35.0,27.0,13.0,202.0,197.0,6.5690236380928955,44.963121649205064,58.134534370958065,80160.05223620693,15.0,52.0,0.8235139031983976,1
13.277398984740698,35.0,30.0,21.0,221.0,180.0,7.021965384358407,86.89438355718792,80.42221579110917,47886.128969026744,23.0,39.0,0.8968628119614733,1
0.12909793520006402,2.0,2.0,1.0,53.0,5.0,4.699328855694813,23.886630123291926,12.819872935965531,1289.0564576572078,0.0,2.0,0.0151194055099174,0
9.16752207043634,33.0,20.0,24.0,175.0,188.0,6.852653155462718,65.32863851457907,61.365691242088545,77663.13926043348,7.0,42.0,0.8086005674013395,1
0.10463282045164808,1.0,1.0,0.0,60.0,7.0,5.190424415642325,26.01275181129755,42.87122024695278,1804.4014886402197,0.0,5.0,0.06834518584726676,0
0.13302613868913182,0.0,3.0,0.0,54.0,6.0,3.147622925250819,20.323014010375417,36.99372373837222,4082.8707872382406,0.0,5.0,0.01195088962836932,0
0.17348246433416412,4.0,3.0,2.0,45.0,3.0,5.44686077301402,26.54246525373825,19.322407899986054,4472.627953874183,0.0,4.0,0.015464507180371685,0
0.1733950293819904,2.0,1.0,2.0,57.0,4.0,5.030467490452599,24.00382233407119,46.43700177791202,675.8997451588933,0.0,6.0,0.08838767775152806,0
0.20547974517529607,0.0,0.0,1.0,45.0,3.0,4.864004882538854,19.114025712065757,33.45212696108411,575.4282509995563,0.0,3.0,0.03950520677240665,0
0.34489087049538664,4.0,0.0,0.0,58.0,3.0,5.096893703501604,23.787019599077595,11.384844376650506,2914.0917636989425,0.0,5.0,0.03629030704977926,0
14.071888740294247,34.0,27.0,26.0,207.0,195.0,7.1499463639219885,57.363584503201395,64.3491416262982,90258.91994092346,11.0,47.0,0.6900255890147333,1
0.060783426849677115,2.0,0.0,1.0,34.0,3.0,2.507034554116772,29.65939554859702,29.917535936444715,1884.8029311956925,0.0,5.0,0.05012610910266922,0
8.968429437372842,28.0,23.0,30.0,224.0,193.0,6.174751174940506,71.73990841238044,72.7782181494884,73264.84676617356,16.0,48.0,0.5071047326072537,1
0.4309598720636797,37.0,28.0,21.0,211.0,195.0,7.377582916802439,83.87115438630629,79.71009221600954,80783.72739797749,10.0,53.0,0.7935952813217287,1
2.092354057867447,29.0,25.0,24.0,189.0,184.0,6.792368724409832,58.17838562372894,76.88481297745528,163917.39737150312,18.0,56.0,0.6382676024448815,1
0.23664430817289603,1.0,0.0,1.0,40.0,3.0,6.308856531722808,17.406234933929582,23.867417104189265,15.441529042959914,0.0,4.0,0.17629644514405368,0
0.775857119145217,1.0,0.0,0.0,48.0,7.0,6.5123714472061245,22.199211148959122,45.81049388350837,3162.982408321924,0.0,9.0,0.05323181240296471,0
0.014046371783386453,3.0,2.0,0.0,44.0,3.0,4.5417913686260025,21.199257215432322,61.53386568517218,449.3171894855986,0.0,7.0,0.021524155886183546,0
10.41078996293728,33.0,23.0,19.0,191.0,175.0,6.92818836147132,75.62020283976719,80.97101724551999,94443.13912670879,21.0,59.0,0.9010034177146475,1
0.9347029058259837,1.0,1.0,1.0,55.0,1.0,6.0865825947494425,11.912129350840553,54.54329255221335,3576.33727735761,1.0,2.0,0.1000904128751161,0
18.772827586668566,32.0,35.0,22.0,193.0,168.0,6.790052912497448,75.06630825827101,75.72568398262862,9382.7470920947,12.0,58.0,0.827023319561304,1
0.3004091092035069,4.0,2.0,0.0,53.0,2.0,4.702383501987923,30.66836955641918,46.20720724229885,1079.519962080636,0.0,2.0,0.025608844405494713,0
5.057868664514777,19.0,21.0,20.0,190.0,197.0,8.0,75.32807455254587,79.18360063616278,52673.22019249908,17.0,67.0,0.8419809909907477,1
0.6204404095464272,0.0,1.0,0.0,50.0,6.0,4.783815435431687,26.189903292538254,47.390975005784036,1611.0186268171328,0.0,7.0,0.038003620953660854,0
1.1339589337686686,3.0,3.0,0.0,43.0,6.0,4.983886298648816,32.67783927918089,36.82547611792749,491.5673864499972,0.0,5.0,0.029859934455579967,0
0.6985337042602896,1.0,0.0,1.0,46.0,5.0,5.481582332597255,20.50568013208293,34.053807524132424,3876.12920649876,0.0,7.0,0.002238254644777181,0
0.056506459098022176,6.0,0.0,2.0,58.0,6.0,4.868548105751298,46.263102357811164,68.05686255156446,6722.920472168409,0.0,4.0,0.07171879082051515,0
13.772769366790829,32.0,26.0,15.0,204.0,176.0,7.528200374200521,57.69172677184632,57.76286683151624,37864.96786911126,11.0,46.0,0.7740430064778343,1
0.8459824994684771,31.0,27.0,23.0,223.0,180.0,7.087774948178192,59.406606509266,74.7575590844033,42980.58715104827,16.0,48.0,0.7056192846726099,1
0.5691993203409902,25.0,29.0,21.0,198.0,171.0,6.873196118200888,79.44310440722263,76.5864537615611,51448.39476354238,16.0,41.0,0.6790797694867373,1
0.04516747392425778,2.0,0.0,1.0,59.0,5.0,4.266911157982005,9.712757687550269,18.054696739351385,2408.24879549467,0.0,8.0,0.05764483699869495,0
0.12755313326723702,5.0,3.0,0.0,37.0,7.0,2.920019076005621,26.092778559647584,30.65589334983854,4248.168341935788,0.0,4.0,0.0007472182410541676,0
0.8174186769000353,1.0,1.0,0.0,42.0,10.0,3.0235176953037586,10.044124970752298,22.000311487512747,4219.8467691513215,0.0,3.0,0.037913781755422246,0
0.21943584172804556,3.0,1.0,0.0,49.0,2.0,4.403827842025701,8.894115876789046,42.414093409609244,250.06348471948547,0.0,7.0,0.015604480998485876,0
0.011211885696443538,2.0,0.0,1.0,55.0,4.0,5.281718038617415,20.208496002523894,17.63342286942312,1448.8339335403964,0.0,5.0,0.20102546012070005,0
0.014128313085756157,1.0,1.0,0.0,52.0,4.0,6.012694258092941,26.640085992939948,42.94062691874983,4036.9883507706472,0.0,7.0,0.06697706935822975,0
1.3971014670420692,4.0,0.0,1.0,37.0,5.0,4.0425812154839775,11.315865304047467,22.017258991356734,1407.0177352157266,0.0,5.0,0.06535626364384187,0
41.10223617697375,38.0,23.0,24.0,200.0,174.0,7.449436936156094,76.69791753972967,53.16466838428445,14833.143260575027,17.0,57.0,0.6994172267539678,1
0.43989121299120604,2.0,0.0,1.0,37.0,7.0,3.513704039130496,7.126148478489283,24.227783673965423,986.0438799174486,0.0,5.0,0.01441770836530774,0
3.9981283379916435,22.0,36.0,22.0,202.0,169.0,6.986591028710712,58.93798856570145,87.51829831616637,21152.117605013336,24.0,45.0,0.6984825668834973,1
0.42841986684846256,3.0,3.0,0.0,52.0,3.0,3.543063455302925,16.294086860655664,20.57521035861972,557.1596470325063,0.0,4.0,0.11022359819769567,0
0.11362811442530346,3.0,1.0,1.0,41.0,4.0,4.62979141939259,17.74712925668067,13.073379217780538,33.795991776692496,0.0,3.0,0.025779680870852,0
12.440548172645324,26.0,29.0,18.0,203.0,181.0,6.878222140328639,66.2806485901231,70.45286156325817,143941.13831728892,14.0,50.0,0.727324382046895,1
4.385448652360381,29.0,35.0,13.0,175.0,152.0,7.214260961322715,97.62584256297538,71.72773519548632,81478.35671605478,18.0,43.0,0.4514365336764362,1
0.08109828438253291,0.0,1.0,1.0,44.0,4.0,3.7020784112961795,16.448903459486793,27.581051478120024,888.4054727022293,1.0,3.0,0.04060063141609239,0
0.2945571333024614,36.0,19.0,29.0,187.0,178.0,7.276850502283505,61.31893876589761,49.42492084686664,17088.25549018842,13.0,54.0,0.9027982517137358,1
14.503993596272714,31.0,24.0,21.0,215.0,196.0,6.90656976534177,89.65551302812894,63.30053468210256,46568.95766937481,17.0,42.0,0.6931914028275283,1
0.07601032619089292,4.0,0.0,1.0,56.0,7.0,3.4101530143817738,4.157333141934608,34.96141996026811,96.37238870206,1.0,7.0,0.10696792337738283,0
0.8626705298398963,1.0,1.0,2.0,51.0,0.0,6.217394551251721,15.338447988797673,32.784979190664416,35.33120680480392,0.0,10.0,0.00010118507635720534,0
16.068704547345977,28.0,27.0,23.0,200.0,196.0,7.0885941698567345,80.77261642754706,56.552469013152525,26986.955486628587,16.0,52.0,0.6880972013377338,1
6.1434858398299665,27.0,14.0,21.0,202.0,178.0,6.817625937763586,62.73884098868095,49.971532361775964,5201.884087183473,13.0,51.0,0.970029620754903,1
0.28087540748244594,4.0,0.0,0.0,45.0,6.0,3.1601925493396577,20.2357831208792,55.31689826497912,398.2094085969979,0.0,1.0,0.039953178345140616,0
0.22991551357945744,2.0,1.0,0.0,40.0,6.0,5.006739692707555,4.863678076450109,27.48325724906239,4562.851210157623,0.0,6.0,0.048603902551079915,0
58.678718173924985,24.0,33.0,20.0,186.0,174.0,7.049521920937458,69.96537783649194,66.3993353805078,20307.796158982448,24.0,60.0,0.8107198476974504,1
0.1928353783238677,1.0,2.0,1.0,48.0,2.0,4.1108119188839725,14.554694266607342,55.05150514482458,307.0764624634251,0.0,3.0,0.021661199903334604,0
0.08124712771584178,2.0,0.0,0.0,49.0,5.0,4.633061965380494,24.07657602103817,28.92172347987993,1222.2679397635245,0.0,8.0,0.009531135205797653,0
0.18631659056203168,1.0,0.0,1.0,47.0,5.0,6.3124722897203585,31.41271441163765,56.16530550908724,480.0375626873273,0.0,4.0,0.022397468854331613,0
19.967379339740923,33.0,29.0,15.0,218.0,179.0,7.265004014536631,66.6873697724157,61.53356188482057,7351.111409421543,17.0,55.0,0.841393102120543,1
13.216299264196435,34.0,24.0,23.0,207.0,141.0,6.790471341410325,59.75876274230124,67.23671581894254,96681.70254881811,14.0,59.0,0.6462423629167066,1
10.60613950819921,23.0,30.0,31.0,192.0,200.0,7.187155332086585,68.0032358542697,61.627661756532234,961.8864383662235,19.0,40.0,0.707968723984058,1
1.0488077311030357,27.0,32.0,28.0,187.0,204.0,6.5062882169169765,97.58985074552287,68.35651956927546,2955.5053700942394,18.0,50.0,0.8640170069773502,1
18.232289810515525,26.0,25.0,21.0,176.0,164.0,7.267738957633957,75.99218535544001,72.1089637497752,11586.166478868086,20.0,61.0,0.9511972393307054,1
6.792360059656929,32.0,19.0,17.0,219.0,174.0,7.1255821615642985,49.008251776477756,76.13714804513552,43917.0331862972,8.0,44.0,0.8504391514428724,1
0.3035188652782648,2.0,1.0,1.0,50.0,4.0,5.201956333759811,25.86240843992532,33.73157794600377,25.742752299297788,0.0,5.0,0.01969619228571618,0
2.447003878343328,34.0,19.0,19.0,194.0,179.0,7.269986119000862,68.10938275466033,72.04190940498954,20845.298991193093,13.0,41.0,0.6621317482710004,1
0.005018084267541185,1.0,0.0,0.0,52.0,2.0,4.1350339182018505,11.16651395342054,42.461934643496825,5368.288379262348,0.0,5.0,0.1622123962168725,0
0.422624744261575,1.0,1.0,0.0,34.0,7.0,5.4942661357839935,18.88538992418219,38.59786801328793,1286.2129339422406,0.0,5.0,0.1102235983425834,0
2.130009251012908,33.0,23.0,12.0,209.0,188.0,8.0,100.0,71.44415850077355,44397.23403232448,14.0,52.0,0.6296219871447569,1
4.345405297921832,34.0,24.0,17.0,195.0,168.0,6.912522393025855,92.31562918228934,72.27096476833108,41632.57929766938,10.0,55.0,0.6522284190948505,1
16.274890325836154,34.0,23.0,18.0,188.0,183.0,7.460260724829525,93.94536936042013,56.97217869932889,47854.322893101584,15.0,51.0,0.926571850648497,1
0.886848327721588,33.0,26.0,18.0,198.0,187.0,7.437495437781145,84.57402302618662,52.46872965289617,138355.39572711193,15.0,48.0,0.9595403053924477,1
15.2087763874963,22.0,25.0,23.0,207.0,177.0,8.0,62.36227963641049,76.80604008950252,117931.19704220974,20.0,41.0,0.916390950757065,1
20.103320670215126,25.0,22.0,15.0,230.0,185.0,6.781183223037388,61.85706874094211,86.48788401614902,6830.479167887747,17.0,50.0,0.7163212341357135,1
4.820570011470532,30.0,25.0,15.0,220.0,169.0,8.0,78.03118860179788,67.51479916273291,60221.95868564769,14.0,53.0,0.9060198039461783,1
0.6524734274335402,42.0,18.0,17.0,182.0,172.0,7.1649825026245795,82.14446550438055,51.44397254633099,58620.00712075053,15.0,50.0,0.8580262819340885,1
1.2898436495589536,27.0,23.0,16.0,200.0,183.0,7.1331861810987975,79.39550370493853,72.71593935872859,143539.28331181782,21.0,41.0,0.5512551066814303,1
5.3305796842065165,33.0,27.0,23.0,205.0,173.0,7.132462920756133,59.30266987533961,84.16828300040628,71441.95554346511,21.0,51.0,0.9299568430485017,1
0.23262705432001485,0.0,0.0,0.0,52.0,5.0,5.7883006045960705,20.176296817391368,39.07832640567275,317.8692718681447,0.0,5.0,0.000285496245354502,0
23.351975503924642,40.0,20.0,14.0,205.0,176.0,7.173636403902548,73.593199888785,71.24755043040166,20560.825958191723,10.0,49.0,0.7471248199001723,1
1.5343459483694328,30.0,31.0,20.0,223.0,174.0,7.028404199664003,69.42542121613126,59.09060899372662,31538.99790797411,10.0,39.0,0.6486762247381731,1
0.19958476466982347,0.0,0.0,1.0,46.0,1.0,3.014944325811144,20.32732251545995,58.653954789429235,2059.2734541117743,0.0,8.0,0.05272646206448971,0
7.686856899415648,34.0,20.0,21.0,198.0,177.0,6.81531944420158,78.11982133304546,85.93833415577186,1519.8565015137324,13.0,48.0,0.7949825111268555,1
4.050589223923004,35.0,22.0,17.0,208.0,160.0,6.690940757979905,60.96966701972248,61.703172281081784,8286.519671965978,15.0,49.0,0.6590308941914316,1
0.35697037143503224,6.0,1.0,0.0,40.0,12.0,4.056028349470325,11.299884801822598,41.903681229213234,3883.007530611458,0.0,9.0,0.03718759732391149,0
17.151148886930596,18.0,17.0,24.0,202.0,159.0,7.639140287178564,75.69365396650339,58.31802935279583,50145.3920049841,15.0,54.0,0.8643139505012974,1
4.977614004012373,27.0,23.0,29.0,235.0,153.0,7.500095772651011,84.64919961793913,55.341146434116084,26766.278176692333,11.0,55.0,0.8868875659795146,1
0.030969694825987146,2.0,3.0,0.0,43.0,3.0,3.853565357224787,27.37387509310946,48.008310444372356,153.40567143763155,0.0,7.0,0.0035243189230960126,0
20.4251433002973,22.0,26.0,22.0,175.0,173.0,6.916084324525735,84.86078752851442,52.144589248841065,13384.73432525173,15.0,54.0,0.548691380618869,1
15.055621115257654,38.0,26.0,22.0,194.0,180.0,6.19806955605142,65.31986178060377,61.35592390269748,63905.02781882095,16.0,46.0,0.7750053793317845,1
19.05451516113787,21.0,24.0,17.0,224.0,180.0,6.877547648553872,73.49896610831402,59.98882619161735,82946.70745119103,15.0,46.0,0.7774716843392505,1
3.4208174740758883,33.0,24.0,19.0,205.0,161.0,7.079979360882174,72.1973362768888,100.0,9148.981866408918,20.0,47.0,0.9064218171212379,1
0.6776371543637778,2.0,1.0,0.0,42.0,4.0,4.455528920209556,0.0,72.04250592016793,8465.291095182802,0.0,4.0,0.0014024069824660292,0
0.22872415741470845,4.0,2.0,0.0,29.0,4.0,5.963751803042681,16.21337458750665,9.9481423756704,5214.821856244871,0.0,3.0,0.025893363904443596,0
10.567826882649157,38.0,28.0,13.0,218.0,170.0,7.703703757811912,56.41183373626542,75.90416732074674,20884.125692273854,19.0,48.0,0.8844341177076283,1
0.1673442581725282,2.0,2.0,0.0,54.0,6.0,4.759567150584961,29.034402784012315,43.10544075882683,1604.858786021656,0.0,9.0,0.0005389490115848895,0
1.6825893696143113,2.0,1.0,1.0,56.0,6.0,4.774055756130115,27.74206089861576,18.253539005676156,787.0300746742314,0.0,6.0,0.06656501935072398,0
0.11699720445025946,28.0,24.0,19.0,223.0,174.0,7.420521920232875,84.28492664775501,81.27179042800341,8597.801864818697,20.0,41.0,0.718391996485487,1
2.2553461506874326,28.0,26.0,23.0,229.0,170.0,6.60938530733266,60.58991410739413,65.00700408475822,40974.21509361571,18.0,40.0,0.9686227937743859,1
0.8366120300225384,28.0,22.0,26.0,228.0,184.0,8.0,48.0541865276039,47.07363358261738,64115.046567684185,12.0,55.0,0.6019528462792778,1
9.078406305380826,21.0,35.0,25.0,205.0,184.0,6.940577648519724,100.0,55.96686356481154,57433.293590704285,13.0,54.0,0.8252813427599623,1
6.602353460485092,26.0,24.0,16.0,220.0,163.0,6.572250957920623,65.16253891048092,72.27036002677693,56895.925488597764,12.0,53.0,0.9370796318910746,1
0.015855326214117744,1.0,0.0,0.0,44.0,7.0,6.26207780763397,29.349095836332435,51.743512990516585,1197.0244535085803,0.0,3.0,0.008202038784726032,0
0.26925141639292816,0.0,0.0,1.0,51.0,7.0,5.222408006738269,8.732910416515265,39.272821437547236,395.4611384353202,0.0,5.0,0.022734405100780054,0
0.13679603362011902,29.0,20.0,23.0,208.0,190.0,6.793259764516071,82.05080900973455,64.13310283090226,131758.60776606482,20.0,31.0,0.874972361148363,1
12.83812774679877,24.0,25.0,20.0,192.0,163.0,6.9604465411313425,97.54442151034402,64.74903851621306,4608.290043135382,13.0,52.0,0.6671524730916494,1
0.21254548879340954,3.0,1.0,0.0,34.0,4.0,5.128423150244046,29.4037492645363,0.0,2575.221720761278,0.0,4.0,0.0928707450691513,0
0.4454675072121495,1.0,0.0,1.0,40.0,3.0,6.134631834909587,20.605657568891996,41.17494450404518,1575.651012041719,0.0,3.0,0.01695046755799848,0
0.08260461728225593,2.0,1.0,2.0,55.0,4.0,4.358665074201698,12.758404311768407,21.842378446682538,5771.890154950185,0.0,5.0,0.016371125296947953,0
5.564957590246248,27.0,24.0,24.0,226.0,171.0,7.078338375884282,95.4989314092545,74.13051185861154,9215.808789798666,12.0,39.0,0.8744154662968293,1
0.6738355537396767,2.0,0.0,0.0,52.0,8.0,3.826760101867058,17.493028120434158,25.48038433660267,14.000761750367685,0.0,6.0,0.16968364055995638,0
0.0159643954371364,2.0,0.0,1.0,42.0,7.0,2.895768305048068,28.250978262240764,19.013872149830508,3841.044553584041,0.0,8.0,0.07996379646115058,0
0.2899500853517291,3.0,1.0,2.0,54.0,4.0,5.96934473848053,26.842739744515065,32.72926148396619,680.4965870161897,0.0,2.0,0.03008466034011205,0
0.035364062391564074,0.0,1.0,0.0,60.0,7.0,5.082762349504713,35.79296576563968,35.00881980946389,1225.872415921103,0.0,6.0,0.008491453820981432,0
19.530441232175274,19.0,31.0,14.0,224.0,188.0,6.543265810121111,65.35964386660606,64.1326202982083,19915.456502755987,21.0,42.0,0.43784864580909844,1
5.045693646010154,31.0,23.0,22.0,185.0,162.0,7.6115526265129985,64.67839601461756,65.45960600236273,13225.158980809263,10.0,48.0,0.854281517873815,1
18.49065059861529,36.0,21.0,25.0,192.0,186.0,7.215566312828537,63.074739516988785,57.78954117380104,19209.37436941674,13.0,47.0,0.6710538539950855,1
0.35173723020376263,4.0,2.0,0.0,48.0,2.0,4.744127020886081,34.48845031181159,42.92413287489842,589.9774797374956,0.0,4.0,0.0568836029759607,0
0.06192963198226696,1.0,1.0,2.0,56.0,4.0,5.07388752956916,13.004688117455146,34.96888291385231,549.4040929233515,0.0,4.0,0.02589750935375368,0
0.05383339696798521,0.0,0.0,0.0,59.0,4.0,3.430225603129224,35.7132438045338,42.073491908813104,1278.6330184705544,0.0,5.0,0.01626172881185367,0
7.956040557419064,31.0,22.0,16.0,192.0,173.0,6.36969095837508,82.65984451045924,82.7288821677702,3467.5838617425584,16.0,47.0,0.7048336490260607,1
0.005555359274207281,32.0,25.0,18.0,212.0,185.0,6.74496750752613,97.78049479596709,64.99642882342175,170395.7354141161,9.0,49.0,0.8124587643086743,1
2.3528572874288405,30.0,21.0,30.0,202.0,160.0,7.430032955531606,94.46980923998625,76.64708562671434,139319.8025904872,12.0,44.0,0.7089166029383597,1
0.2478642780431883,2.0,0.0,0.0,60.0,7.0,6.087558891755954,28.809830402409965,27.45037515817701,201.41276281491366,1.0,8.0,0.045176611231588844,0
0.041392565913724755,1.0,0.0,0.0,47.0,7.0,4.047992326941956,28.888158156776132,31.064049665281566,29.70272656099013,0.0,6.0,0.005518889191247569,0
0.05503958103922821,4.0,1.0,2.0,38.0,5.0,4.654088033005516,0.0,43.15485281273961,1677.7373738449412,0.0,4.0,0.036909355944227,0
1.0128533495652319,0.0,1.0,0.0,47.0,8.0,3.6165383049174293,22.196771305764194,4.597176242613834,1298.7619051448492,1.0,7.0,0.03066027729652575,0
2.5369173002586134,24.0,21.0,25.0,196.0,182.0,7.5582388719856715,82.32315390998339,72.02073221512386,18138.340791466977,12.0,53.0,0.8682066420342348,1
2.618747227556382,21.0,33.0,21.0,207.0,160.0,7.694898798066095,82.48796964988351,69.79789791848971,34832.36122307216,17.0,52.0,0.8837191315298201,1
0.26964640280552354,0.0,2.0,0.0,55.0,3.0,3.879782534798295,29.37676035239678,29.854288720339206,1092.4401976120432,0.0,4.0,0.05323079504165852,0
17.288782349833973,35.0,29.0,21.0,179.0,170.0,7.7540145647142555,60.93553681321828,65.78099262734217,2613.749356373063,13.0,36.0,0.8578064932248076,1
19.328178790317338,25.0,28.0,19.0,197.0,196.0,7.034596481005673,75.00385887634643,69.04275700277067,29827.18410746152,6.0,66.0,0.4625086535450065,1
0.5521922839686543,31.0,22.0,20.0,215.0,145.0,7.633355621824671,92.61814608932083,72.24876170838405,18511.385653316287,14.0,46.0,0.8102632032482323,1
2.260707182531741,29.0,18.0,21.0,212.0,178.0,7.037803367421053,72.19700572724578,67.88722627978116,12905.902476294315,9.0,47.0,0.6699105906928746,1
11.407115963121678,21.0,22.0,22.0,193.0,185.0,7.55355078344259,77.11204776124744,79.45051146745065,23211.25847072637,14.0,46.0,0.7823510251753787,1
1.2946375686174276,2.0,1.0,0.0,52.0,14.0,4.059717616619787,18.551601170496646,36.574039090786094,642.2679401425479,0.0,1.0,0.04232509799973513,0
2.294093278654937,21.0,14.0,27.0,186.0,162.0,7.035313625482271,95.84061964836815,75.4316297090819,1391.9930591723412,18.0,43.0,0.9143603986338577,1
0.8256582163346726,1.0,1.0,0.0,54.0,4.0,5.055658891857042,12.13320444558088,31.351411779090643,630.4092196189102,0.0,12.0,0.009398351317228904,0
17.31712738311258,29.0,28.0,18.0,183.0,193.0,6.691655893305005,76.28340521500972,90.73755647452191,104282.94554009712,12.0,52.0,0.9042776063925163,1
0.37039200121837174,0.0,0.0,0.0,51.0,4.0,4.741225266815159,23.854129221135672,48.31292708243902,1609.8082362763753,0.0,8.0,0.11779415792524334,0
0.09887321050987888,0.0,0.0,0.0,52.0,4.0,4.136849526064432,17.208854688700605,7.8517995982816835,554.5607159018911,0.0,6.0,0.05019049031769195,0
0.2705172390647207,2.0,1.0,0.0,65.0,6.0,4.573092034963881,0.0,35.247710176988335,1855.5061368076686,0.0,4.0,0.006250868065451247,0
0.6291608001882997,2.0,0.0,0.0,52.0,6.0,5.798762482264651,19.863056300928154,34.94658221192521,4772.6288648698655,0.0,4.0,0.011288925053830742,0
14.396319229404156,27.0,34.0,13.0,215.0,179.0,7.554042630509917,66.32848217638964,51.44783126962939,7503.407655375889,16.0,49.0,0.7342237446026499,1
4.77283160842592,36.0,30.0,20.0,213.0,170.0,7.448612633015292,73.66259401033149,77.84801262101482,83970.91377546823,8.0,48.0,0.7190820609474469,1
0.060223907110344484,2.0,1.0,0.0,61.0,4.0,3.9033000241608553,22.44976901645034,29.29635853095684,8432.633575999302,1.0,5.0,0.08521062889446297,0
0.2338052664286866,3.0,0.0,1.0,55.0,4.0,2.863991420848739,23.727414701351368,36.72935265475171,4502.667848366017,0.0,6.0,0.02739710320126354,0
0.042080033883041025,2.0,0.0,0.0,42.0,5.0,4.915086657854438,9.816457124399152,41.451283995131476,1805.0611994672622,0.0,5.0,0.029982751884114197,0
1.9243275401949385,28.0,24.0,21.0,203.0,185.0,7.253479406049249,62.80879119805408,58.221630268708836,29209.8037904887,14.0,49.0,0.8490354073946944,1
12.139112110530137,31.0,24.0,17.0,206.0,170.0,7.353671806457252,89.17567997568467,65.18067444841681,57222.02829478363,14.0,55.0,0.9359749318034022,1
11.691415811052556,29.0,33.0,18.0,191.0,194.0,7.79588781933739,73.88409904059118,76.20058443674651,24400.691680962853,14.0,41.0,0.4246367808821131,1
0.16415589551034013,2.0,1.0,1.0,38.0,3.0,5.426789155018808,23.76333282171882,44.411174396212985,2272.4595462747684,0.0,5.0,0.00860911377571317,0
0.08443038762080275,30.0,28.0,14.0,193.0,185.0,6.558235683018327,79.22261369894855,77.95314848402114,13482.251705721485,14.0,44.0,0.8340325625915695,1
0.20727778686270223,0.0,6.0,0.0,49.0,3.0,4.901878986625965,4.694434138049271,57.14889746739888,1663.8155056392393,0.0,2.0,0.015708850490270116,0
4.509523825909485,27.0,26.0,8.0,224.0,179.0,8.0,68.7345092297569,77.70048176313125,13313.996812016829,15.0,55.0,0.920912156163708,1
8.310363925593595,20.0,24.0,13.0,195.0,174.0,6.818111976010547,97.96387917962561,73.26057216624366,17346.469904834004,15.0,55.0,0.9104618683819898,1
7.36546899330256,31.0,26.0,25.0,191.0,180.0,7.683924908092084,61.68736308884814,74.13896915616938,57976.89922237304,13.0,39.0,0.8967017177525237,1
6.622079815850144,35.0,26.0,15.0,187.0,190.0,6.913243197728771,53.76118394932873,70.77269744829523,111565.71060295832,20.0,42.0,0.618090725543872,1
2.6873789248438453,33.0,30.0,17.0,212.0,188.0,7.735869684226136,87.86480580398171,81.58182872564946,17796.485957239183,15.0,55.0,0.5090332645887716,1
10.58348538891125,23.0,21.0,16.0,227.0,184.0,6.261111282049459,69.98132565555758,71.1947925584731,4630.063782424728,13.0,52.0,0.770209806806309,1
0.11673900675582607,3.0,2.0,0.0,47.0,3.0,4.663374134811487,26.62174442972561,35.10415339630585,2625.023924255833,0.0,5.0,0.051711661083888576,0
6.447097456841724,26.0,29.0,29.0,188.0,171.0,6.733541952374346,80.70178266082807,75.04661075391152,4466.523063826562,18.0,50.0,0.9015869610185321,1
0.6895019548651751,2.0,0.0,0.0,53.0,4.0,6.162216427534441,11.003686428913035,63.239050759914335,6439.375081895078,0.0,2.0,0.01899952571404269,0
0.024056756239010737,1.0,2.0,0.0,52.0,6.0,4.174366928573618,8.169233156907767,42.971757126943075,4089.678225653787,0.0,4.0,0.06777173998566464,0
13.515086889601092,29.0,29.0,17.0,184.0,150.0,6.738195821620957,78.96370213355543,63.40804536485511,62946.159800649846,14.0,43.0,0.5964109531797511,1
0.603117714014076,3.0,2.0,1.0,44.0,5.0,4.508084597846367,11.412341674168973,35.810701164345005,2997.8990306836745,0.0,5.0,0.008837200054237925,0
0.29289035751371223,2.0,0.0,1.0,43.0,7.0,3.39468888548863,17.354036342828245,21.606675096361517,2144.358270853614,1.0,3.0,0.020979425106210432,0
0.12440482474393008,1.0,1.0,0.0,41.0,4.0,5.74927261418348,18.70055825001454,31.179821460964202,1746.379214211181,0.0,1.0,0.008203841492688341,0
18.33419692161919,33.0,25.0,20.0,209.0,186.0,6.7003098989993175,100.0,63.1718542369891,27833.498140051048,13.0,54.0,0.9191075417223598,1
0.24092020995445332,2.0,0.0,1.0,51.0,7.0,4.582644539865669,53.454746915980294,28.273907210469446,5794.062700402825,0.0,4.0,0.01659770783525324,0
4.0390123900275805,29.0,21.0,21.0,223.0,183.0,6.07687908457277,42.50957484443358,69.44833320951203,17658.73317059975,14.0,48.0,0.9076328076658693,1
7.50766909389427,30.0,30.0,18.0,198.0,204.0,7.690194587433515,73.4962023869557,49.78499968885309,15708.554478086167,17.0,51.0,0.8654649118197685,1
0.47880160899794694,1.0,0.0,1.0,50.0,3.0,3.8227133032469074,11.628474538747671,41.27031479998288,4929.810324126143,0.0,1.0,0.03970526801948498,0
0.08539838768221905,2.0,2.0,0.0,44.0,5.0,4.463408574866216,25.700019412929034,32.47912003787898,4450.049559945589,1.0,4.0,0.07262019254816815,0
0.15602564164659866,23.0,21.0,26.0,206.0,170.0,8.0,55.45505292871171,77.70588307570992,66136.19131514677,19.0,55.0,0.7862668114095637,1
5.046141504634803,23.0,34.0,15.0,222.0,177.0,7.13823825791978,89.54056586168143,57.40148952011946,79831.191863912,18.0,58.0,0.7211439604432215,1
0.5311317577267081,0.0,1.0,1.0,39.0,6.0,4.705129300735403,15.69299426693689,13.380721644157624,9628.590399819494,0.0,6.0,0.08197629083345916,0
0.1217141689770506,2.0,0.0,2.0,51.0,3.0,5.008458836148387,16.268681375587526,30.11155986841989,1960.6142278988566,0.0,3.0,0.09074963953696374,0
0.14326194243256132,2.0,1.0,0.0,55.0,11.0,5.95349307042572,6.858424491579125,46.72794953761463,1202.12204768603,0.0,3.0,0.07479838480078087,0
17.17002850653822,24.0,31.0,13.0,178.0,169.0,7.323353917463862,100.0,78.03883709645619,118195.80845497064,13.0,64.0,0.9848593363536923,1
0.03613328551109892,0.0,0.0,1.0,52.0,2.0,3.8090983046455933,10.599234380640276,37.08446297794655,46.95209849953095,0.0,7.0,0.09023496189612,0
0.028388747643486284,0.0,3.0,0.0,58.0,6.0,5.1695784305050845,21.610438407636643,48.808263788093626,528.072559408412,0.0,6.0,0.0050332879569258155,0
0.032082138417581056,1.0,1.0,1.0,41.0,5.0,4.53804950621891,33.72607303404879,14.450665069295155,311.15820740700525,0.0,8.0,0.0163562921764064,0
0.24520812226844788,3.0,0.0,0.0,53.0,1.0,3.6849687358558256,8.246094367809027,56.86228290852887,2291.9938576570476,0.0,4.0,0.01063747308308285,0
14.736517110166227,27.0,23.0,27.0,203.0,185.0,7.372983698458639,73.12191261247244,72.5002270852115,20483.243701875424,17.0,46.0,0.7190924105253521,1
0.6756150956355648,1.0,0.0,2.0,60.0,4.0,3.002907401368268,11.110587002753698,27.128899287409002,652.3376482501088,0.0,4.0,0.00537406992773447,0
0.07625120017217589,1.0,1.0,0.0,44.0,5.0,4.087084273696472,4.932437010393677,17.02059311128562,4571.99335550241,0.0,3.0,0.061614499492871684,0
4.143848172287302,36.0,14.0,16.0,197.0,167.0,7.752918642951571,60.75212548072554,68.62135603654023,187736.08442363024,12.0,53.0,0.9058420511573687,1
0.12952436732510478,2.0,2.0,0.0,54.0,1.0,4.355661273480188,16.02925318536797,34.60424042931702,823.4076106823189,0.0,3.0,0.018053471186228725,0
0.2838091416112305,1.0,1.0,1.0,56.0,3.0,5.744981112814387,18.967118165688447,16.73191147175276,640.9463118326471,0.0,5.0,0.03401916839923798,0
0.048815332126986445,0.0,0.0,1.0,57.0,6.0,5.663281309075023,8.629170496791138,0.0,1220.638899299387,0.0,3.0,0.050502669891954816,0
18.55563532005676,21.0,27.0,16.0,231.0,200.0,6.313473097438513,85.80586642940965,63.345355338318235,96845.49288361195,25.0,56.0,0.6643808508235589,1
10.657146859130432,31.0,20.0,14.0,198.0,176.0,6.971094408622509,71.1409067848442,75.15968462335991,226553.9484958331,11.0,49.0,0.9005424501646807,1
13.526344378977045,25.0,27.0,19.0,213.0,181.0,6.577145729465463,74.38202632648378,72.70384781383986,64069.683879680924,9.0,56.0,0.80150612947564,1
0.5535453261220356,4.0,1.0,0.0,47.0,5.0,3.821516179022134,11.59374434966502,22.79474686720918,3705.0059474805744,0.0,6.0,0.006934278184731359,0
0.007703282862442313,2.0,1.0,0.0,56.0,3.0,5.044107653516871,33.39005997921176,38.537523812080295,1349.3171802750162,0.0,2.0,0.03686997133060885,0
0.045545976579416114,0.0,2.0,1.0,64.0,4.0,5.316412397657115,20.06738545307093,26.30181597767566,96.55679096647877,0.0,4.0,0.07879721169730058,0
0.007468266684753394,1.0,1.0,0.0,67.0,3.0,5.161699737048862,28.743035593304356,42.72980465924578,405.1558484610796,0.0,6.0,0.03540898076228054,0
1.0580467931325193,20.0,33.0,10.0,217.0,172.0,6.946769450108613,98.28798657283549,68.53163872384263,6840.593585273676,11.0,40.0,0.761828028990283,1
27.32534121955425,31.0,26.0,10.0,187.0,169.0,7.0634548122181045,73.20381201596227,54.887350052619304,47228.32614136962,12.0,56.0,0.9185281359813416,1
16.13767768212783,22.0,29.0,15.0,203.0,173.0,6.047254240785814,62.46342189626113,63.4911539014245,10410.177382163947,13.0,40.0,0.852379498647018,1
5.255566696054262,27.0,22.0,19.0,184.0,177.0,6.982635103432214,97.44811903037312,74.63823976247065,127565.35462300756,14.0,40.0,0.7802015922924926,1
6.049655777211714,30.0,26.0,23.0,226.0,195.0,7.92986285907628,72.9693561515351,63.669271335314136,50793.69369858515,15.0,36.0,0.9612114352249032,1
0.038421288796071436,1.0,1.0,0.0,52.0,2.0,4.5643340408161235,24.055739987908325,33.15503184609926,3188.140044346323,0.0,7.0,0.11349601533889817,0
0.3843129292934716,3.0,1.0,0.0,51.0,7.0,3.4255678714124986,20.870989462117155,35.192796037334055,2395.4631738982916,0.0,3.0,0.05246061216273773,0
0.7672408073536878,2.0,1.0,0.0,40.0,5.0,5.162701271330635,18.707741702901444,10.240501757271769,313.9328591615509,0.0,4.0,0.01686690489308571,0
0.2733163237149825,3.0,0.0,1.0,51.0,4.0,4.929374075406256,15.682573426964964,18.98945372992161,5307.033600236215,0.0,5.0,0.04021466273226707,0
0.3568416806267533,2.0,2.0,1.0,38.0,6.0,4.314441596533953,13.477145444794154,37.29544688460743,3905.2583814919394,0.0,4.0,0.0734878795108433,0
1.3839957164307741,32.0,30.0,24.0,211.0,189.0,6.938633433323552,70.68018870666725,79.51518047109968,91945.0028975634,19.0,47.0,0.8534322339572236,1
2.1383100822464516,22.0,21.0,23.0,203.0,179.0,8.0,78.77273371794838,72.85981030552962,1233.5205950790676,20.0,46.0,0.6794195428766275,1
0.16995323730247494,2.0,0.0,1.0,43.0,4.0,3.4285831200384718,51.82378504064532,32.27447071613812,1471.5490950783005,1.0,2.0,0.003018500468281663,0
2.8095249096585264,36.0,28.0,13.0,206.0,201.0,7.908013737699025,61.636838382289994,80.11509788086721,177677.49705093313,9.0,51.0,0.961135919104794,1
10.272268287520394,28.0,40.0,22.0,187.0,185.0,7.219551382428178,86.04112589000333,58.093499290303164,38881.36880691314,21.0,57.0,0.6959391809748238,1
0.17118719973865718,1.0,0.0,1.0,59.0,5.0,4.493119599897971,25.046082929230433,66.97410648874944,918.5282326665565,0.0,3.0,0.0010516264593373006,0
14.260047489710766,28.0,20.0,14.0,190.0,186.0,6.861208826287563,74.67016668622941,70.77389095787409,39715.61045226201,14.0,47.0,0.7515670803924728,1
19.631848445913146,34.0,29.0,27.0,189.0,219.0,6.226879471988571,83.3124400571742,72.13895990057671,20865.958240822358,10.0,56.0,0.8967693833876098,1
0.12329552394154998,3.0,1.0,0.0,53.0,2.0,2.3078360759993632,22.658789054881044,35.28822274181279,316.19720731360525,0.0,1.0,0.027718596248508635,0
0.1256023780635278,5.0,0.0,1.0,43.0,7.0,5.941233385412543,13.051635837813539,31.63389295458265,13368.442263227738,0.0,1.0,0.004121525734039042,0
1.2608672587989007,32.0,30.0,14.0,217.0,173.0,6.746512047044293,67.64109689452427,74.74393151712634,45492.35320052437,14.0,52.0,0.6302198689130667,1
0.0109812312632571,2.0,0.0,0.0,53.0,2.0,3.540583221112802,7.45710401089293,54.39409943764752,2417.132669020779,0.0,6.0,0.05318448346889465,0
1.533155077272333,26.0,20.0,21.0,197.0,180.0,6.779088809503082,77.36079346276838,82.41226925120117,27432.17958132579,13.0,50.0,0.9052507959665921,1
0.12965748584036552,1.0,0.0,0.0,63.0,3.0,5.137031060603729,26.88983546681561,32.973679384369646,4748.425551060488,0.0,4.0,0.09480816021338899,0
1.9890432343573072,31.0,28.0,24.0,186.0,180.0,7.4870639779178045,82.96235683612397,77.70746757694779,2358.2605615332704,14.0,43.0,0.8914124965950356,1
2.431497096615995,35.0,24.0,16.0,189.0,181.0,7.546750242335857,66.87563092651799,67.05131310726406,86710.23603801253,18.0,30.0,0.8623349284503369,1
0.020643095241749062,1.0,2.0,0.0,65.0,3.0,4.145166851644417,23.353458572567774,32.7705362002444,6347.526016025474,0.0,3.0,0.028435475640627456,0
0.32812026882225376,1.0,1.0,0.0,54.0,3.0,6.086952110879675,33.176372766281865,28.146078607046483,574.4616129734111,0.0,4.0,0.0038914437335439995,0
0.5278728576690145,28.0,33.0,17.0,170.0,176.0,7.522795080565734,92.39646349040291,52.73255000503977,52832.4304531551,12.0,54.0,0.8062798918508745,1
6.366679165054867,27.0,16.0,19.0,204.0,188.0,6.904758137303899,93.9064012826934,67.97345674774101,10099.14557540493,18.0,43.0,0.587340668022611,1
0.5129471095713587,3.0,0.0,0.0,49.0,3.0,5.1780800073626505,34.591763476760825,17.881642843137993,1403.1600685171024,0.0,5.0,0.039595303967518036,0
6.706669030072544,26.0,26.0,21.0,187.0,199.0,6.526125038607067,60.659384239471606,67.1401576833748,46229.46651426968,17.0,50.0,0.9332417953324894,1
0.5370258960208447,33.0,27.0,15.0,190.0,197.0,6.69647210317067,97.83276140039915,71.38970403679393,126216.66717011048,14.0,43.0,0.6781626907577042,1
0.2424691445793994,4.0,2.0,0.0,57.0,5.0,5.359612939379834,0.0,46.80332020666485,372.0007652269627,0.0,4.0,0.010072802958083587,0
0.154783575279879,24.0,31.0,25.0,209.0,172.0,6.499121601652446,66.63901274218814,67.74318338812827,39002.963928610676,20.0,47.0,0.8386073037556816,1
0.08957576412720185,4.0,1.0,0.0,52.0,2.0,4.907645655558881,26.585410662074565,26.362788049310936,1062.545584953189,0.0,7.0,0.07420947449537918,0
0.353453840978455,3.0,2.0,0.0,39.0,1.0,5.275772399600933,21.669595244526974,21.347524758724347,1173.3101151978651,0.0,5.0,0.0003717675736397812,0
0.28511825177293093,2.0,0.0,0.0,41.0,3.0,4.5074663205937195,12.524772977114834,48.044770935913455,6556.51106823112,0.0,4.0,0.0684664967412562,0
1.3294552048459387,34.0,29.0,22.0,207.0,159.0,6.811743544014311,89.8824376804075,73.2227140560761,32622.48261692357,22.0,48.0,0.6841680410482892,1
0.19243509962831135,2.0,2.0,0.0,39.0,5.0,6.764436147945887,35.140777947616755,41.57846113393645,1548.9926074354119,0.0,7.0,0.08554313535597108,0
0.20955588984889154,1.0,2.0,0.0,43.0,1.0,3.4472928272971606,27.106968339888027,15.245284868052575,914.7701719880237,0.0,1.0,0.05418742904568773,0
8.195390775904109,24.0,26.0,18.0,226.0,177.0,6.854310591554454,61.991808816702914,65.26857302447154,33944.74018410281,21.0,56.0,0.863406108125213,1
0.4259410426443812,2.0,1.0,0.0,46.0,8.0,5.160528887109578,18.759574744926237,8.736061835460632,3363.7371697408907,0.0,4.0,0.06881716931585762,0
0.20926405969746784,2.0,1.0,0.0,42.0,7.0,3.899477266019522,30.303822138119727,66.2200411302377,1139.7266017412278,0.0,4.0,0.003669661772675021,0
0.380869195991606,1.0,2.0,1.0,48.0,6.0,5.459431909709257,31.987064237854483,32.00467427821144,7135.330256598919,1.0,5.0,0.02157618164923742,0
4.746066339379025,36.0,21.0,16.0,214.0,170.0,7.5769882787983365,39.94257245351774,55.80850859104876,12831.840465620558,16.0,40.0,0.6658359339105814,1
2.194051403205657,32.0,34.0,27.0,183.0,167.0,7.49523185503479,82.69457259359552,86.99157571638109,6169.344343502847,20.0,46.0,0.7980280721907506,1
1.2918587316509436,3.0,0.0,1.0,46.0,7.0,4.767713709827774,20.300663876451924,27.558290195578635,1162.5246951237436,0.0,2.0,0.17288116689265132,0
0.6189425382846175,5.0,1.0,1.0,56.0,6.0,2.719826088265963,18.982825781646245,45.16412903255933,1949.7585861951532,1.0,6.0,0.002402675642619866,0
12.050167812732735,27.0,27.0,19.0,163.0,193.0,6.563157202649075,96.6691261231249,87.76263117074771,95314.73637110471,10.0,53.0,0.7188821491967423,1
19.78080973511241,19.0,30.0,16.0,199.0,161.0,6.409106135588356,100.0,74.30496519392253,26913.536606114623,18.0,46.0,0.8525185206334609,1
12.653750067360741,30.0,31.0,17.0,194.0,187.0,7.5196477208711086,79.84455219106255,86.72265585953971,32349.106013412715,23.0,41.0,0.8985318374614399,1
38.87065054716863,23.0,22.0,17.0,172.0,159.0,7.740903296755621,61.52750191578701,70.64711076032265,43428.4323391818,16.0,55.0,0.7162937672318251,1
0.24973794224044665,1.0,0.0,2.0,41.0,8.0,3.794158690458305,28.719985271084443,58.847412812693776,3823.66244090842,0.0,4.0,0.16087546138587933,0
2.713415680404175,24.0,25.0,25.0,213.0,187.0,7.583150536108705,100.0,59.23873304540872,26681.19554388836,13.0,56.0,0.7576498420395137,1
0.11729573106516905,3.0,0.0,0.0,45.0,8.0,3.7280565362810476,31.731521176823794,32.44923929335397,1300.1848816786842,0.0,4.0,0.03272849726374373,0
0.4351064096902156,0.0,1.0,0.0,50.0,2.0,5.260604507659036,14.155511424933861,52.80665675259441,908.0680251479802,0.0,10.0,0.011599675303949907,0
0.1826804063579325,1.0,0.0,2.0,48.0,2.0,4.847288366771407,16.37108801281628,29.861680001205496,45.235067140144636,0.0,7.0,0.02466272889252674,0
3.6217657188198444,26.0,30.0,23.0,186.0,186.0,6.079198305792525,95.75120849155493,69.14485024702483,11721.080748843546,12.0,66.0,0.921479390519812,1
0.49362289010871335,24.0,31.0,29.0,212.0,193.0,8.0,87.12204678480447,72.86117178639846,29407.07453725439,10.0,43.0,0.6640414663508517,1
7.829482967729347,34.0,24.0,19.0,198.0,168.0,6.535465510388269,80.86852313898981,67.6552901067832,37447.82201854969,15.0,43.0,0.7394783362516383,1
7.133601586221847,29.0,24.0,18.0,210.0,176.0,6.402016250384923,70.46030308629048,78.84213909799433,185323.39809357663,18.0,40.0,0.8274040619754511,1
0.050935080989853186,3.0,0.0,1.0,49.0,3.0,4.391522681572387,29.987894719666116,25.79673702100237,191.76250655122334,0.0,1.0,0.1255260455827989,0
0.6894045971821502,27.0,21.0,22.0,187.0,181.0,6.552110913780838,53.495560196855166,84.12371697283712,310979.7924300169,21.0,51.0,0.9827345335821596,1
0.0375843131538609,1.0,3.0,1.0,44.0,7.0,4.928234948016351,10.182579667332,43.75474761775562,1372.6082988484716,0.0,3.0,0.04609612841737687,0
0.01899370535417338,28.0,27.0,17.0,189.0,191.0,7.644745423879685,33.16910743603358,55.425701708363725,42329.877480729854,13.0,48.0,0.7054149982217561,1
0.3890854941688364,23.0,22.0,24.0,179.0,173.0,5.90978937344267,97.89022788924059,68.78844432543944,48700.34307127899,16.0,56.0,0.7898979421862022,1
0.9192938995206242,16.0,22.0,21.0,168.0,184.0,7.075777644299635,66.14391573024095,58.334137776639814,5865.025417233803,14.0,61.0,0.8791248259000742,1
0.48809874179819346,3.0,0.0,1.0,60.0,4.0,1.4290110537722933,11.190499876987056,51.7358144424309,1291.6733116256025,0.0,5.0,0.03212612606885588,0
14.760360418391903,32.0,20.0,17.0,192.0,185.0,6.569841133228368,59.47016809917319,83.34112776377702,11495.437105084951,16.0,56.0,0.9318998077122147,1
22.5296261070478,32.0,31.0,21.0,179.0,174.0,7.124338860307518,90.84202383754258,88.58073092504665,38084.39926631209,16.0,50.0,0.5245442827854255,1
0.6470148133002698,25.0,21.0,18.0,189.0,170.0,7.673694140224632,91.55190922368035,64.12852421546481,1901.6564837395638,10.0,39.0,0.7151353755705802,1
10.780120474928989,23.0,18.0,19.0,183.0,207.0,7.355569481934834,79.66757006995884,49.502287315950454,2862.6943690040202,10.0,46.0,0.606653240387511,1
5.344484645851734,24.0,26.0,16.0,213.0,192.0,6.980204665679193,60.79704018669233,68.7063380214362,87115.13571623854,13.0,62.0,0.6087988280898505,1
0.005568566223229802,2.0,1.0,0.0,48.0,4.0,4.545121967383527,18.707547847597326,23.034694125789542,3112.593009068135,0.0,5.0,0.04779823225043425,0
11.75966615370858,29.0,29.0,23.0,192.0,165.0,6.833850120482858,82.30134356856755,76.3387773762421,15217.642649659607,15.0,52.0,0.8969512369904616,1
16.314448575411276,32.0,13.0,12.0,197.0,170.0,6.738996611031894,61.57856691139689,73.875942445937,26427.01840866096,18.0,49.0,0.7735065752084256,1
4.653979274760905,24.0,33.0,13.0,192.0,186.0,6.2797375698118865,78.46111980971612,69.45981243641683,18746.46644000947,9.0,46.0,0.9015090177141415,1
0.07780798370601201,2.0,2.0,0.0,55.0,5.0,5.324498389351887,10.899059609019627,28.139124047601825,1464.1915896131052,0.0,10.0,0.0017689171450989269,0
0.3385371173471262,1.0,0.0,0.0,51.0,4.0,3.8087102565909285,8.236621867599506,57.23306312796012,98.86219973898744,0.0,9.0,0.12917955355686123,0
0.09536294151867986,1.0,0.0,0.0,48.0,6.0,3.7086243079859873,0.0,24.240942886576065,8416.42489731179,0.0,5.0,0.04655030339466707,0
5.35735848263354,28.0,21.0,21.0,168.0,176.0,7.148699700441086,94.7158316449253,65.37688709685872,35936.87902326057,12.0,42.0,0.7092287579425062,1
0.14939456026834522,1.0,2.0,1.0,49.0,5.0,5.160294447679357,12.009702759611182,32.82740765704818,1549.3605491004205,1.0,5.0,0.097262224990005,0
0.7537198629822696,2.0,2.0,0.0,43.0,2.0,3.438076833363155,29.889220147678934,61.76960960911582,5777.09045423585,0.0,5.0,0.01605833484853605,0
1.4710453359097186,39.0,17.0,23.0,212.0,166.0,6.3541458549160685,93.05734943728116,67.12467987337905,53107.50036646933,13.0,49.0,0.8966074878309245,1
2.403173034152024,17.0,22.0,28.0,200.0,191.0,7.174800969917759,100.0,67.3303274788848,92884.55780801649,16.0,72.0,0.7990888498744715,1
0.42228043054672165,3.0,1.0,3.0,50.0,6.0,4.928844548412527,15.57785713974825,31.311585905146316,3751.1037386399425,0.0,8.0,0.06942042169007472,0
3.101824595197867,30.0,23.0,18.0,210.0,175.0,7.504642620030702,86.18596134097382,66.31375979408185,28758.6351418656,11.0,33.0,0.529346099560418,1
0.2153684196976285,4.0,1.0,0.0,41.0,6.0,5.076688021781559,26.384421456431497,35.959384968443665,2730.81359753618,0.0,2.0,0.02932931987479044,0
0.18194768072760284,4.0,1.0,0.0,45.0,4.0,5.537509052437578,29.09293900178701,24.311315492340157,1714.7891238407794,0.0,10.0,0.07615076712896637,0
11.570019772491342,33.0,27.0,17.0,202.0,176.0,7.506328633074994,64.87351676597514,80.5872207796882,195716.79298507897,17.0,50.0,0.8791591586195866,1
0.012067530361613727,2.0,1.0,2.0,45.0,6.0,5.094738870593108,16.945791470164508,30.69115155121321,1903.4309529362229,0.0,6.0,0.10441702051882643,0
0.3084395989423934,2.0,0.0,0.0,51.0,11.0,3.2595774825357484,10.59027677480329,16.428085416560688,6844.208917992733,0.0,8.0,0.057321137699853135,0
6.073541969999044,35.0,29.0,24.0,220.0,176.0,7.009342906349064,100.0,68.37333860440917,82751.50842260396,22.0,54.0,0.9354799538803051,1
0.5111489179916835,2.0,0.0,2.0,61.0,6.0,5.014311918251578,16.46348716860156,47.75027186141831,2504.7972125951464,0.0,4.0,0.012275679041923242,0
4.453850871026534,30.0,25.0,23.0,204.0,177.0,6.934307735046253,77.68180186155755,77.12619820642901,7221.904551406327,13.0,54.0,0.4584777854072543,1
0.1391056951641891,2.0,2.0,0.0,46.0,5.0,4.012876369271135,21.7014198809862,69.49671234479632,731.7249816866625,0.0,8.0,0.11630104528453339,0
0.3085182441326673,2.0,0.0,0.0,49.0,8.0,4.0330730740160785,16.935416731706496,25.710606184589466,2137.8773404146305,0.0,5.0,0.01994401845146352,0
0.12783194578754858,0.0,1.0,0.0,45.0,5.0,3.2961415786071955,10.413578268999453,32.21466572397451,1109.7520082920041,0.0,6.0,0.027074973836679055,0
0.7851927291475717,2.0,2.0,1.0,46.0,4.0,5.531796661485023,19.685430353186472,45.755343426156244,549.8882528286805,0.0,6.0,0.03289827152414613,0
0.3907942230649178,4.0,1.0,1.0,49.0,7.0,4.00601937034548,29.88824771722487,36.928423934264586,1410.6956105760905,0.0,2.0,0.00588434324076643,0
2.7659467512912372,30.0,25.0,24.0,194.0,173.0,7.603579227527426,61.03712422934688,71.66953500886233,10910.461159837285,17.0,40.0,0.8845688956959769,1
9.45048865095145,31.0,20.0,23.0,183.0,179.0,7.14106468953709,80.47483791261067,73.30045962187542,57422.272140344234,17.0,64.0,0.9526310126240581,1
14.373417754144443,37.0,17.0,24.0,197.0,158.0,7.296296439323421,85.66439420676936,58.17645816863733,102105.51695202969,7.0,47.0,0.76580253561129,1
0.18388679221532736,3.0,1.0,0.0,40.0,13.0,4.242579422310726,20.08984724619779,55.93265582327949,403.25691909300616,0.0,1.0,0.00040158541026773806,0
8.75389935879271,36.0,30.0,27.0,191.0,178.0,7.063539558210789,57.26260145555417,56.1670704949144,16696.3773728716,20.0,62.0,0.9083445786131685,1
0.28701672987394033,0.0,2.0,0.0,62.0,6.0,4.125680080745782,29.613324357067675,41.21353262953353,1102.2825384601144,0.0,2.0,0.03314300266709735,0
11.645388306352896,36.0,30.0,16.0,198.0,192.0,7.137523746031385,93.7933277701023,65.28610330910047,44828.465822826,13.0,47.0,0.7500916159516592,1
0.29133502945996076,31.0,23.0,21.0,215.0,184.0,7.414796115730127,85.69395029134681,62.19003215348111,12662.681959418598,14.0,47.0,0.7759805028523441,1
0.2716339782507419,0.0,1.0,0.0,48.0,5.0,6.439802489868099,14.69949305557062,50.053975878666115,4664.0944748616275,0.0,5.0,0.07728956357855618,0
12.600855957981356,31.0,27.0,15.0,226.0,168.0,7.6563559039655935,86.00416446453558,41.93338935302818,8689.071497183462,19.0,59.0,0.9039863692988332,1
10.089605187979247,25.0,38.0,12.0,188.0,183.0,8.0,77.62716206435152,75.4327089062832,42868.25520580752,16.0,50.0,0.6363079436546049,1
0.006239792399741586,3.0,1.0,1.0,51.0,9.0,5.406838768369951,38.953676540998046,33.05234110565732,279.1738462733173,0.0,7.0,0.0842663153510341,0
11.751660919567824,30.0,27.0,20.0,218.0,175.0,5.714717351955693,62.454931244651775,79.55038899039683,97061.97132094266,18.0,40.0,0.935489085106697,1
5.444213012600981,22.0,18.0,21.0,203.0,176.0,7.320194174484655,50.10709316501085,50.91702852669047,41804.03776478719,11.0,50.0,0.8267366778633382,1
0.501026860153163,1.0,2.0,0.0,54.0,7.0,5.895425506200065,29.31871871777893,6.22555960927237,934.5409409185974,0.0,6.0,0.057904412410183834,0
0.28360329540092183,1.0,0.0,0.0,46.0,3.0,3.9265068437271404,35.461823626201664,23.192232034680902,1071.5432797135154,0.0,1.0,0.010835017954702705,0
14.701439149689648,39.0,25.0,20.0,208.0,146.0,6.531981671525778,57.15112608541286,83.88914896607136,19952.475973330234,14.0,52.0,0.7780963886933332,1
3.348567768572801,43.0,19.0,21.0,231.0,169.0,7.02467288220857,49.11288408928641,91.60472071412244,14013.30536351553,16.0,49.0,0.8882761050594752,1
0.44216699001640936,1.0,2.0,0.0,56.0,5.0,3.9839106992716355,23.163477058465087,54.364561238787715,523.7988286635742,0.0,7.0,0.005475482876039934,0
0.21446284780156671,2.0,0.0,0.0,59.0,1.0,4.288539449977497,3.410310421073536,69.31721632273963,5092.936611279185,0.0,2.0,0.08400078857104346,0
1.8328374055902759,28.0,25.0,16.0,211.0,202.0,6.904570426773857,67.12659680904075,59.61878157865877,52195.51621603927,17.0,48.0,0.9847409597903748,1
10.02869567946127,31.0,24.0,13.0,202.0,179.0,6.812930318270895,89.5658208446484,74.83415269226413,27539.801032341493,9.0,55.0,0.788269815247144,1
4.255925103716961,32.0,22.0,20.0,189.0,160.0,6.70444415058562,85.52545941044663,76.72981667791261,28404.376224386153,18.0,48.0,0.9725298304448144,1
3.2045465817658796,43.0,34.0,17.0,195.0,158.0,7.164456894947817,75.86410487683207,90.5786263337242,1179.7833094398702,16.0,51.0,0.726240095932386,1
0.24238330055885293,1.0,1.0,1.0,52.0,6.0,3.057317111927344,33.396134111925946,41.46237662389084,134.9455602973821,0.0,3.0,0.15382188918580952,0
20.534698685983663,25.0,17.0,23.0,175.0,159.0,7.577690740196517,89.82654864818605,45.21539896954661,20168.541732455942,13.0,48.0,0.7179482142936766,1
6.605248338538833,32.0,24.0,17.0,212.0,169.0,7.170952686440144,74.9336660592208,44.26017698400628,32031.730613022042,18.0,38.0,0.8152609888507256,1
0.2467445679302052,1.0,0.0,0.0,55.0,6.0,4.491685787532002,18.904595263641873,34.41256853470109,1820.8282518239264,0.0,5.0,0.05438445870692964,0
4.767389256815387,32.0,29.0,16.0,185.0,172.0,7.20997754926507,64.75375583022071,64.36977311744721,67020.61765571633,27.0,42.0,0.8915748362700513,1
0.8312398164022298,2.0,1.0,0.0,42.0,4.0,5.016331065099468,29.08696373124446,57.93556475363313,863.5436240067465,0.0,6.0,0.05113312156943619,0
0.15174222933197973,1.0,1.0,1.0,44.0,7.0,4.702781868380769,19.101660346771023,29.23338744636161,2243.364877453902,0.0,3.0,0.0366189234146424,0
0.14170432847497885,3.0,0.0,1.0,61.0,6.0,3.707062586245091,40.111876832108386,9.49650974928213,242.01627874226756,0.0,3.0,0.019134912533131064,0
0.18515571235563427,1.0,1.0,0.0,50.0,2.0,4.282561283536646,24.977039582181344,40.119545760033546,3103.7817240506847,0.0,7.0,0.02306884932978392,0
5.45817356892379,26.0,26.0,25.0,227.0,199.0,7.564000887662,84.8697790288156,78.0495314514959,863.9761224478954,12.0,57.0,0.8396089291176254,1
17.584510806868895,25.0,22.0,24.0,197.0,166.0,6.563137704410007,58.68256342698085,59.85788127911229,30414.62954165538,14.0,51.0,0.7255198585255288,1
1.29515479656883,3.0,1.0,1.0,51.0,3.0,5.884056377326512,18.687547596558662,19.371154159610356,2154.746518421489,2.0,4.0,0.04509619831963868,0
11.617408633616408,32.0,18.0,23.0,192.0,204.0,7.886139330766544,76.21272226063031,67.21001676217189,91097.54496774606,24.0,48.0,0.8515609564306962,1
0.27527511555160405,3.0,0.0,1.0,52.0,2.0,5.86964100538287,21.936705718809108,0.0,2957.9279849611535,0.0,4.0,0.013901384262564362,0
0.65878742954401,1.0,3.0,0.0,56.0,4.0,4.107359338415969,27.13827126329902,14.477481039635485,1352.4063899771709,0.0,7.0,0.04866813755603988,0
15.245728654870302,21.0,27.0,18.0,192.0,200.0,7.311008907172592,99.28057456950616,67.25136625979337,22148.93210954236,17.0,48.0,0.8157635490107163,1
6.1289471772986435,32.0,27.0,19.0,184.0,155.0,7.186398829328526,65.96600953250275,81.81341954954623,96047.72954779283,23.0,47.0,0.8198149724364637,1
0.41875136209892316,2.0,2.0,0.0,50.0,4.0,3.7315782462567566,26.4548548389605,26.55321277198457,4820.282274046159,0.0,5.0,0.027063633223293946,0
0.674861847086923,4.0,1.0,0.0,51.0,2.0,5.576794491965652,24.40106941118246,55.91979780492184,1112.6787380228798,0.0,9.0,0.02474721037309074,0
2.3833840407043043,31.0,22.0,25.0,219.0,182.0,7.585685316548429,56.62780472989459,76.95227259411008,45653.753824822925,13.0,56.0,0.6429089189928171,1
0.24213289912000463,1.0,1.0,0.0,59.0,3.0,2.9383781267661213,49.441160089826006,31.450266425437075,223.9701247002921,0.0,2.0,0.03622948176239147,0
1.0163124351693373,31.0,23.0,17.0,211.0,197.0,7.891558775004972,87.83000048217792,57.30026859015282,49118.8253596244,19.0,38.0,0.92990553116412,1
20.764425703523585,37.0,20.0,16.0,187.0,177.0,6.550045841053513,82.14300566550972,77.29893496556005,43179.26317482988,15.0,56.0,0.8737956653639788,1
0.15257994470087033,1.0,0.0,2.0,36.0,6.0,5.650031148540006,3.0950105116177653,36.82869745286699,1144.5806205098054,0.0,2.0,0.007879663588250103,0
24.047748539773544,32.0,17.0,17.0,193.0,172.0,7.0300160519401205,57.521238303422436,75.78677500570828,80172.74931998266,14.0,67.0,0.9639971712358687,1
0.4023380357557976,1.0,2.0,0.0,49.0,8.0,4.711317029425544,15.24385852373383,35.66007911859987,482.1495994553891,0.0,3.0,0.01389624012684588,0
8.052364996632264,31.0,35.0,17.0,181.0,192.0,7.941128725576218,67.36643902908664,65.11756506259802,32172.881694084634,20.0,43.0,0.7966161375912911,1
0.006711584320342159,0.0,1.0,0.0,43.0,11.0,4.457196042011438,19.04055493788407,26.1157835588863,1576.200077450439,0.0,4.0,0.0051426825296898,0
14.684867394752267,33.0,23.0,17.0,204.0,191.0,6.932815280147285,37.40152178274781,64.02528402301942,166507.4176122195,15.0,48.0,0.8188371517208213,1
1.987182842263496,38.0,20.0,21.0,187.0,153.0,6.8101822899593785,68.05934392813936,73.50590571402888,33309.83281442118,16.0,59.0,0.5665442486985282,1
0.5102188722032177,1.0,2.0,1.0,45.0,3.0,2.9713510348053074,33.50454021628495,13.567030398193118,858.154810503072,0.0,5.0,0.007861619594516317,0
8.874319910962159,24.0,25.0,14.0,212.0,154.0,6.421474558527706,85.59603778843515,62.572263906541394,9925.162715744478,8.0,57.0,0.7300831133220561,1
0.0073467573811590945,1.0,2.0,0.0,58.0,6.0,3.3639406112293497,29.923741413264523,23.39909838707084,922.8217545336903,0.0,7.0,0.04428233323504664,0
0.7986860593669821,40.0,27.0,14.0,196.0,179.0,6.789911681383874,63.55762725287574,68.01793027197063,29894.64413238987,8.0,56.0,0.46420600678352925,1
0.4871423733198536,3.0,0.0,0.0,50.0,3.0,5.505871968741621,14.7694376107851,24.49897744970935,626.2953954905405,0.0,9.0,0.011799132706240358,0
0.021435272252559683,1.0,2.0,0.0,61.0,4.0,4.919003773866448,15.927923614828138,43.47617068299017,138.3845403727419,0.0,5.0,0.012135171629610239,0
2.3928241247478637,28.0,26.0,25.0,204.0,200.0,8.0,66.50271721419692,74.90388925652427,15327.563250664072,12.0,44.0,0.8483592036740476,1
0.7609149905442792,5.0,1.0,2.0,42.0,2.0,2.6862191754816305,18.34261715210517,18.464017039227816,2079.594026387891,0.0,6.0,0.004155204130326563,0
3.4955913337594597,37.0,22.0,24.0,222.0,198.0,7.2980516652613785,86.43531962658082,64.7125147643759,24846.057738980133,22.0,69.0,0.6930728281303943,1
3.2853854538527103,34.0,15.0,19.0,195.0,176.0,7.260771652615178,79.16368403273185,84.78446784294286,19200.826686019827,21.0,44.0,0.9228525265834178,1
0.1785794991033673,23.0,17.0,18.0,191.0,179.0,5.777679662325208,96.71316678468085,63.94884450638173,88939.0918143972,17.0,59.0,0.8558600260046845,1
7.579889908201475,41.0,32.0,27.0,199.0,161.0,7.441849924832163,63.07295375943883,66.32669922907891,45515.3578636808,14.0,44.0,0.6362360238838841,1
9.052343417788157,35.0,24.0,19.0,203.0,171.0,7.720949191523283,100.0,73.61069969187713,30750.860403537976,13.0,58.0,0.5927179165018427,1
0.07956469288975485,1.0,3.0,0.0,44.0,6.0,3.0927301405614562,25.228740198546973,5.381613756139927,3694.179726276215,0.0,4.0,0.0071824757927224005,0
0.3888941056833857,4.0,3.0,0.0,48.0,3.0,4.429759949021915,14.930360463042808,55.94555061966481,1860.6023728407738,0.0,3.0,0.05529038078703652,0
3.8007712391495945,29.0,22.0,24.0,174.0,175.0,7.108221194102294,94.29105147766353,57.45377164975996,25496.17828647846,23.0,51.0,0.7013632764155516,1
0.7610080639136784,2.0,1.0,1.0,59.0,8.0,4.121506074388622,10.755156846920016,31.983404725383796,3097.409445101905,0.0,7.0,0.00114013288176377,0
0.025546469966686847,2.0,2.0,0.0,58.0,3.0,5.880785786697017,21.312679917282587,24.249092241807183,321.264380450176,0.0,4.0,0.012866440984008394,0
0.5610309479480851,28.0,19.0,15.0,197.0,185.0,7.171050207329578,79.38783974809023,63.26273270197504,40666.26432462705,18.0,52.0,0.859909064587976,1
2.4374124802992143,35.0,29.0,20.0,232.0,167.0,7.270292871325845,54.56555751355378,76.89034096212352,4882.437278967331,11.0,48.0,0.6171355177287569,1
5.071170731504295,33.0,18.0,26.0,195.0,173.0,6.961228763783485,55.82342901077301,84.85097835429534,736.4681518098561,14.0,61.0,0.9551657780707578,1
0.1557253500876346,21.0,25.0,24.0,197.0,188.0,6.623048104679699,78.58228352074374,49.183503401850714,107120.5484517531,13.0,52.0,0.8940910675831975,1
7.913229084746049,26.0,23.0,25.0,203.0,156.0,7.193917832972033,88.58575145025247,49.22317510339968,68690.23644270627,21.0,50.0,0.9088011594287759,1
0.6679225548971239,2.0,0.0,1.0,59.0,7.0,5.166382855877558,9.36899846696001,58.41192316830781,1426.624164384179,0.0,10.0,0.06642490126032434,0
4.765517489387166,42.0,22.0,24.0,161.0,172.0,6.516737290239115,67.05254596081771,82.94502155475915,9082.739161739972,16.0,42.0,0.5942366524577729,1
0.07535020148274735,3.0,1.0,0.0,41.0,6.0,4.345627959794657,21.430229087468902,27.486632815842174,237.11160992740454,0.0,4.0,0.04136988109775326,0
21.137516204588263,36.0,25.0,14.0,213.0,148.0,6.64719617943705,48.65405579005824,76.20336142679565,5787.108139810374,12.0,57.0,0.886756321731449,1
0.023078779654138903,4.0,1.0,0.0,52.0,10.0,3.189526605887523,41.075069382383205,11.656491660309786,286.45600211812314,0.0,6.0,0.06765824602692794,0
3.9142993094483725,28.0,19.0,15.0,203.0,170.0,6.777350339056558,49.268454699202195,73.61462137463624,78831.57262952407,15.0,49.0,0.9150226534975936,1
0.2563281432596009,1.0,1.0,0.0,29.0,6.0,5.514047790945037,36.21408350330614,23.954926445887896,175.58750905529095,0.0,7.0,0.12282421954304,0
0.1806182915805139,0.0,1.0,1.0,43.0,4.0,5.262860484430528,17.68250560162409,18.46351863788626,750.9650110443325,0.0,6.0,0.0032078639909930784,0
0.5077593563324161,1.0,0.0,0.0,50.0,6.0,3.7256627105648445,23.376563380519286,21.54694389494487,10193.59410764705,0.0,5.0,0.07190282078621334,0
0.9118146738070761,25.0,20.0,20.0,223.0,209.0,7.206581602768056,68.27123130107945,51.34522485551494,110227.50175514598,14.0,42.0,0.5781663304204818,1
10.200487966370305,34.0,27.0,22.0,196.0,164.0,7.5049695103267595,67.0148011120288,82.67816954833744,15401.396281212052,9.0,59.0,0.730586840917379,1
27.935906945573635,36.0,26.0,20.0,202.0,171.0,6.6909419129316525,71.61201149497037,74.3946673508324,6812.233935879896,16.0,40.0,0.6861676608282228,1
0.5780369303269973,0.0,1.0,1.0,52.0,6.0,6.3641501107119876,24.718914986701343,45.75865191026067,909.6708736470225,0.0,5.0,0.04691393813893997,0
0.08720237172438462,0.0,2.0,0.0,63.0,7.0,4.388466676619646,27.419696447833772,38.23328590093318,975.2535455595572,0.0,4.0,0.08505604972194429,0
0.01867500939570452,4.0,1.0,0.0,48.0,3.0,5.476486512778806,33.6701688224365,30.205078407999704,514.0902780058184,0.0,5.0,0.134080584095643,0
11.865560246865412,22.0,24.0,16.0,188.0,179.0,7.601130375564928,100.0,61.214611152418996,44933.222999055244,19.0,44.0,0.8333609710557489,1
1.6141655155387817,26.0,31.0,20.0,206.0,189.0,8.0,83.04516149467041,71.50305519114869,7622.122645426527,14.0,52.0,0.9378215175949498,1
0.9033057461351852,32.0,22.0,20.0,221.0,167.0,7.627030631097278,82.19595541445558,77.7974535727099,62073.04651443549,11.0,44.0,0.40215432610409235,1
6.494256380957696,32.0,36.0,19.0,203.0,157.0,7.039725737975301,87.90536189539475,65.97029817991076,33911.257020291916,20.0,64.0,0.8406824310096322,1
0.11524715648846054,2.0,2.0,0.0,47.0,8.0,5.613965821630916,19.99321403329659,46.1779619536385,307.96851838412846,0.0,7.0,0.09011907074279255,0
0.1187725032910069,3.0,1.0,0.0,39.0,7.0,3.870174600470668,32.70998576242122,43.739361338354676,352.27255542316857,0.0,7.0,0.05197670339335163,0
0.037014117671992815,4.0,1.0,0.0,59.0,11.0,5.201263925038448,45.20783372894506,49.51439582890484,1794.626301925585,0.0,3.0,0.020206897552099642,0
1.1202554127890607,34.0,16.0,23.0,213.0,182.0,7.850508551241553,57.38032175915524,83.26772167960232,223839.87446858024,9.0,45.0,0.6693327304140404,1
1.024629887803513,37.0,21.0,26.0,200.0,180.0,7.232451355318049,85.97824757090407,52.15383052872943,95454.24906699381,13.0,41.0,0.9748481787817193,1
8.851055420450006,25.0,30.0,29.0,175.0,188.0,6.750706513856261,57.00173162130958,59.454467518304156,98504.21820748663,17.0,51.0,0.756065566137579,1
0.021585408219488948,3.0,2.0,1.0,39.0,2.0,2.76398742392318,20.1150970956038,65.79198024989272,3138.6162876649396,1.0,5.0,0.010655220075465245,0
0.09261044930010466,3.0,2.0,0.0,48.0,5.0,3.6364250649938272,13.193039493953332,45.98244337858103,2826.2511869964083,0.0,8.0,0.07101522052344997,0
3.30172498475047,34.0,20.0,22.0,214.0,204.0,6.329287812536911,87.97087914657938,70.84891141325376,44439.60168721827,10.0,44.0,0.747380054348138,1
0.36897281520623526,1.0,1.0,1.0,43.0,7.0,5.8008495397976105,27.579370200416324,36.74238970291607,6419.102173826943,0.0,2.0,0.029911086485471954,0
2.042809152351354,34.0,30.0,18.0,205.0,192.0,7.439348728208833,79.44209411153341,66.2083330045865,161197.95898646602,15.0,37.0,0.5580163735088354,1
21.45869402639369,26.0,24.0,21.0,212.0,201.0,7.494216515091378,72.74929687759241,59.68933405186296,76529.31177496539,10.0,57.0,0.8505694709769126,1
24.38408397336231,35.0,24.0,23.0,172.0,194.0,7.455825844886246,85.77612070459327,68.74415464195484,3382.247595752713,19.0,44.0,0.8556151355766746,1
0.6081059775572522,3.0,4.0,2.0,55.0,3.0,5.623806760805098,13.348145667774661,33.10300329861602,170.76646811060328,0.0,0.0,0.017235757117386803,0
0.23903719449399435,3.0,0.0,0.0,52.0,9.0,5.956285288912995,21.07752503349406,0.0,415.0660674860309,0.0,7.0,0.03767626821456862,0
0.3935236572578434,4.0,5.0,0.0,54.0,9.0,4.8338204044132755,23.80225629928759,65.3243996003055,2896.654150196731,0.0,9.0,0.005471477782942495,0
0.5285307603616666,28.0,25.0,21.0,198.0,205.0,6.552502072387856,79.7071238423449,76.7284537368383,11400.869589380965,16.0,54.0,0.700583700131556,1
13.984622892090327,25.0,13.0,20.0,202.0,169.0,6.289231657864434,65.8844413771577,54.59153484481355,43593.942865996185,14.0,57.0,0.8305164208754038,1
2.4383787331051323,30.0,28.0,20.0,172.0,219.0,6.770468925782271,82.54316702420252,77.98288907769766,5708.475039205637,13.0,35.0,0.7405816892834248,1
0.49185379750723424,1.0,0.0,1.0,53.0,3.0,5.298907848792769,8.97075570456652,24.124610794711018,10593.687028299737,0.0,2.0,0.016666080852343956,0
0.4609914568191025,1.0,1.0,1.0,43.0,8.0,3.0815956779223903,14.689676403890141,10.083535440773911,649.4605253295598,0.0,4.0,0.0902279560110333,0
0.28635921465531533,3.0,0.0,0.0,45.0,4.0,4.574613973031674,38.45339877174641,51.292469940335806,417.7002675383658,0.0,8.0,0.010556028495521315,0
2.056108245353182,28.0,20.0,27.0,195.0,182.0,8.0,100.0,75.02265612291887,27851.143132125504,7.0,42.0,0.53273947527444,1
2.8399231426279217,31.0,21.0,16.0,219.0,161.0,6.865881466199219,78.77669178520964,49.76157568620748,88144.03038042133,13.0,57.0,0.8759624492991709,1
0.06212339464382125,0.0,3.0,1.0,46.0,3.0,4.26551076879669,12.727494442676985,5.599250258884446,934.5368703673261,1.0,4.0,0.007012820479623389,0
0.008067160567295065,0.0,1.0,0.0,49.0,2.0,4.544180493649363,36.0968757668432,20.829964900763592,594.9902568088934,0.0,2.0,0.02397136918983877,0
0.7601276481901078,24.0,15.0,16.0,214.0,183.0,7.458951977141403,84.89150944349815,84.37924385758532,45209.62629598446,20.0,59.0,0.8209111494325727,1
16.922918320198477,35.0,22.0,20.0,188.0,180.0,7.262738853106571,75.29470461227851,70.63855815533464,50941.127642841064,14.0,50.0,0.89843011249897,1
0.1355923496900887,1.0,0.0,0.0,42.0,6.0,4.706213226822117,37.77305701792592,38.49529524055554,806.558327295435,0.0,4.0,0.06592740382855637,0
0.269715308603585,1.0,0.0,0.0,41.0,2.0,3.8825313270025386,28.46111556697224,4.249450042394265,2240.477607844061,0.0,9.0,0.028207242418347937,0
0.48090883465330797,2.0,0.0,0.0,46.0,6.0,4.2547253312345825,17.000478698505027,30.248476557916835,3565.7092273387725,0.0,9.0,0.011568354762700234,0
0.5958882789635632,3.0,2.0,0.0,47.0,1.0,5.6419506102101105,24.45821577876486,21.066446578805962,1269.8972099699674,1.0,4.0,0.09708159005899146,0
0.08640179673797507,1.0,0.0,0.0,51.0,5.0,3.0314177835111122,4.678519679505582,71.8084564283798,9385.62763671899,0.0,6.0,0.06608433155885404,0
0.4104649946425228,3.0,1.0,0.0,38.0,9.0,3.768653776791604,10.33083250386235,39.9657153108045,2018.0921312706207,0.0,5.0,0.016582057849113808,0
2.915773202302385,40.0,26.0,20.0,178.0,180.0,7.151065634018901,68.82313337051671,58.08687707941216,2731.5165662541235,10.0,51.0,0.7634218104484058,1
4.16942166269158,43.0,33.0,19.0,208.0,166.0,6.393953741411072,82.89647967337169,52.13224103724781,38175.78350464401,15.0,42.0,0.9558183051672464,1
0.4221172357987757,3.0,1.0,1.0,50.0,5.0,6.195487505135322,7.816428446184984,40.333137580622996,1805.7044299085035,0.0,8.0,0.006541878797114088,0
20.984121605111653,30.0,24.0,24.0,224.0,186.0,7.13003405500215,80.57328801501494,76.33168345443227,2093.2168657773614,11.0,38.0,0.9181874616268735,1
0.7964850257641874,0.0,0.0,0.0,46.0,2.0,4.667760318471177,19.872658439029834,44.3100262308699,102.37320533219226,0.0,2.0,0.06154192446826755,0
2.4517336793454247,2.0,1.0,0.0,48.0,2.0,3.8472748868723823,7.959104841585241,14.027427481221824,1196.2801444495758,0.0,8.0,0.03953638163608624,0
0.09244804435764935,1.0,0.0,0.0,43.0,3.0,5.916508297550699,31.18224319581091,26.03652583818024,532.1269646451447,0.0,6.0,0.009155772798987591,0
0.4054179459565866,3.0,2.0,2.0,41.0,8.0,5.517338541971477,11.74651893928163,14.944211379398183,2695.643387132225,0.0,6.0,0.08548601827158818,0
1.0520301705203285,37.0,24.0,21.0,188.0,183.0,7.451408829186718,60.24518007222764,62.58513402705363,136306.48788319377,13.0,48.0,0.9735955068186063,1
2.736299476267204,22.0,19.0,20.0,164.0,187.0,6.8533595679322,41.58608836207382,80.56637570723854,4227.467245712703,9.0,49.0,0.8259185170960552,1
0.329761571119675,0.0,0.0,1.0,42.0,5.0,4.94506018593276,28.085720133047147,33.90020112102133,711.2838344757922,0.0,7.0,0.025321453210329976,0
6.425079071646942,38.0,27.0,24.0,181.0,174.0,6.355767330371845,63.136307962096005,78.45565083703524,4151.658041053528,20.0,58.0,0.9559339943271355,1
14.165556846737731,30.0,24.0,20.0,181.0,156.0,7.138827044373742,65.64731651592503,80.37367164149524,47461.15938496011,13.0,40.0,0.9476898651685125,1
2.2612569327102885,35.0,30.0,15.0,187.0,199.0,6.051894642196536,89.87073713095525,74.22025836725632,1135.2435780782591,15.0,47.0,0.8600239675383191,1
0.07287959940540718,3.0,0.0,2.0,47.0,5.0,4.485502767741977,22.631878332342005,32.52953070713043,4077.550963496466,0.0,7.0,0.03936708340307976,0
1.0793339612547983,27.0,24.0,21.0,191.0,182.0,7.366365320551388,100.0,68.4669241794062,41505.42422075519,14.0,44.0,0.6917854698371904,1
2.7991506055034145,33.0,20.0,24.0,178.0,183.0,7.650599991233013,88.70405211642348,68.21181416341906,63756.6974820739,21.0,41.0,0.9730660619128944,1
0.02676403129515094,2.0,1.0,1.0,38.0,3.0,4.987390853395134,21.68367266487412,36.52859226634198,4538.683411500129,0.0,3.0,0.08561088543561123,0
0.3008009758448654,1.0,0.0,1.0,44.0,9.0,4.57991510450788,21.21022475377251,47.01653404446227,3725.6328303509285,0.0,8.0,0.05231072767592525,0
2.2325168729113214,4.0,1.0,1.0,55.0,3.0,5.243622081773763,11.133351884845093,51.18533960413063,956.9170257450226,0.0,1.0,0.027557008847651797,0
1.837484704758125,31.0,31.0,16.0,168.0,169.0,7.179330459150346,64.31446329088065,73.714315856653,63883.51249553778,20.0,43.0,0.8839585826047703,1
0.044162421206217155,1.0,1.0,1.0,39.0,5.0,4.7779167959189826,29.733744493865835,11.650802684380633,2576.6769007733956,0.0,6.0,0.039074839615128414,0
3.4360756861053816,22.0,26.0,24.0,190.0,173.0,7.2288654301439115,84.7851358735237,67.66546930861709,51190.08301471286,14.0,49.0,0.9756243112575932,1
9.675690796712141,30.0,28.0,22.0,199.0,187.0,6.355924783163541,39.854118056828966,73.15529765332235,90572.6293175679,13.0,48.0,0.6681026568313053,1
0.1795534973537642,3.0,0.0,0.0,75.0,4.0,3.2946636066801878,10.750769796213506,52.64445137411451,1147.584047969609,0.0,7.0,0.07683863967490458,0
0.06194864290759172,1.0,1.0,2.0,43.0,4.0,6.756814402525205,22.49152458473026,23.397648031572164,2790.688424842517,1.0,3.0,0.046350851677916326,0
0.6636239699829074,3.0,4.0,1.0,44.0,6.0,3.3004458956925697,10.339650354220455,50.40605371595186,2205.6038500950026,1.0,5.0,0.004632558593586381,0
0.5107709342087539,2.0,4.0,0.0,49.0,7.0,5.457522128412558,22.36654565552911,32.841414795991234,3018.9210910664005,0.0,7.0,0.029449746138408124,0
0.27388276613278595,1.0,1.0,2.0,56.0,7.0,3.349304137536145,20.354366500479095,26.317989500653884,1905.396143483972,0.0,5.0,0.03971766344678492,0
0.3681287722161134,5.0,0.0,0.0,52.0,5.0,4.796535831958767,16.663611200280986,57.343701271376986,1762.7927291329197,0.0,3.0,0.002122120703142987,0
0.48514594738846417,2.0,0.0,0.0,46.0,5.0,6.2282758326285546,0.0,23.58807137376805,1132.703618924678,0.0,7.0,0.09586396100116375,0
0.6088507614510689,2.0,1.0,0.0,49.0,6.0,4.782353703268109,7.697827865214347,36.18624874490335,5269.960122385008,0.0,5.0,0.08419979211856995,0
0.050878887574381554,1.0,2.0,1.0,62.0,5.0,4.990028253317602,13.654969256967712,40.27656510733104,892.8975026686014,0.0,2.0,0.03735348433246895,0
0.04220819577827474,0.0,0.0,1.0,48.0,3.0,3.3201251585617397,21.116849298017033,52.63236129256561,3758.571451548714,0.0,4.0,0.08084370971860984,0
0.04528634943690626,1.0,0.0,0.0,48.0,2.0,5.29046658316451,14.946772175814818,27.18006248814724,1857.9219259180823,0.0,5.0,0.043370209099457435,0
0.05693922506894938,26.0,25.0,18.0,215.0,183.0,7.2991031364487755,63.92116794633576,68.25967514795897,86281.77913412807,15.0,57.0,0.6353060584097187,1
0.6678165633745569,2.0,2.0,0.0,47.0,5.0,1.5473703824897571,33.133702511779944,35.70959705036262,593.8026344051781,0.0,8.0,0.11563503434722007,0
0.16226525807734254,3.0,0.0,0.0,54.0,4.0,4.075594677069135,3.7488973730870114,23.601052903243556,2691.1229141660165,0.0,4.0,0.08266619999531902,0
13.113404571585658,28.0,35.0,21.0,203.0,168.0,6.713675306207282,68.51983946870658,72.2383814710794,102802.3096395053,13.0,61.0,0.82115495057891,1
0.7390529653901524,6.0,2.0,0.0,51.0,4.0,3.1710316435497976,15.138268129361002,55.010490239972796,437.4191734080633,0.0,4.0,0.02079599611204396,0
3.5427345198768485,32.0,28.0,19.0,187.0,186.0,7.337739028969001,74.17011959199931,78.89106213589066,23657.696249591678,9.0,42.0,0.7183082119174469,1
0.5242942128825941,2.0,0.0,1.0,59.0,6.0,4.825735842130716,23.311354366771717,29.91340890934869,1690.0876115794897,0.0,5.0,0.1724161849768075,0
5.91546130433899,33.0,21.0,20.0,198.0,168.0,6.838097726223482,63.016540027227975,63.67979767574709,9220.073263379301,21.0,48.0,0.9063337794440268,1
14.449348010373363,22.0,36.0,16.0,202.0,196.0,7.013413640101483,100.0,67.18741903638781,25271.935140980706,15.0,44.0,0.8329570676831844,1
16.013398705476355,30.0,27.0,22.0,206.0,196.0,7.211795549116465,86.80054983137745,66.23493730690669,54723.0712298745,14.0,54.0,0.673227455880464,1
11.076480958681797,27.0,38.0,15.0,198.0,170.0,6.776799564892635,70.20217405935391,64.35840136755608,28513.591155258728,11.0,48.0,0.9189919178121377,1
12.772075823773351,30.0,26.0,15.0,200.0,156.0,6.923584063400905,100.0,72.61696154573922,1288.8904897961352,15.0,55.0,0.8131947904371922,1
0.10058849777749858,3.0,2.0,0.0,56.0,4.0,5.2439383835236395,7.781451713950222,19.41982750244076,57.176654074185436,0.0,3.0,0.0009235398285619688,0
0.21960369660766044,1.0,2.0,0.0,60.0,4.0,5.128098263547443,15.6038093227581,33.111609867561114,216.65159672859986,1.0,5.0,0.061080965779182456,0
5.3520894139625845,25.0,31.0,14.0,192.0,152.0,6.976744178161784,75.95824426546042,65.49023085866776,44966.240075974645,12.0,42.0,0.9886882439887021,1
3.531056372560547,21.0,28.0,21.0,183.0,183.0,7.457264831252511,100.0,74.37258446088539,11357.205129532,12.0,50.0,0.8416352547592238,1
9.227712862562402,22.0,35.0,32.0,198.0,184.0,6.615162966231758,83.11591297916385,64.98332846233613,50651.598452101534,12.0,48.0,0.5863642905853353,1
6.484716279353517,28.0,28.0,22.0,187.0,187.0,6.535379588674852,67.93707997101134,81.21435042016547,19731.437564909946,18.0,47.0,0.9079821333325013,1
7.831456122079179,33.0,31.0,13.0,218.0,188.0,6.823592317369617,46.09580729963665,82.0773758908757,43054.22156150372,19.0,38.0,0.5666138905639772,1
0.3922540803945114,1.0,1.0,0.0,50.0,6.0,4.056701723839608,32.135405690546406,33.65522509953122,23.262945520602383,0.0,5.0,0.040325451976207155,0
4.779270428656898,19.0,15.0,23.0,185.0,168.0,8.0,63.34808345483921,51.587473317075705,4965.152011971076,16.0,41.0,0.9741652760143754,1
13.341192003782991,37.0,32.0,25.0,205.0,176.0,7.36263961939003,64.42768339691865,52.39189028365403,99354.58346324362,15.0,57.0,0.738548624533596,1
0.8474388108475569,1.0,3.0,2.0,45.0,7.0,4.349928125811709,28.500937026620363,41.45062754839775,1155.3283681452133,0.0,2.0,0.06435884683257831,0
0.5580572662199428,2.0,2.0,2.0,44.0,11.0,4.056102012699501,22.559094287062056,43.844051025236716,525.948833703091,0.0,5.0,0.043772592489257696,0
0.6143110657364282,2.0,0.0,1.0,49.0,6.0,5.132683376968979,20.476013445436294,12.21350416002413,5401.646778116664,0.0,2.0,0.013427247339255523,0
5.204451781793197,25.0,29.0,12.0,195.0,173.0,8.0,89.99365073135868,67.31094922932675,30084.787721058252,12.0,57.0,0.8043583562741695,1
0.03390926505614113,2.0,2.0,0.0,50.0,4.0,3.6980650762256517,35.16521822367803,45.815736959836144,3105.6797520856517,0.0,4.0,0.0013623205837500379,0
10.050816681878956,28.0,31.0,14.0,219.0,188.0,7.226410176346371,89.46557982689215,57.741968260985026,50838.003225320805,16.0,51.0,0.8166167767884478,1
0.4172677827205986,37.0,14.0,21.0,180.0,158.0,6.953077507740199,79.69680141971705,71.26775921443881,33023.343967987006,27.0,47.0,0.5136979051671327,1
4.661173120364619,40.0,30.0,18.0,203.0,189.0,7.907696553700829,73.93030534950644,77.42748446856189,12017.766319825389,11.0,64.0,0.6490321686784504,1
7.3493317767754744,23.0,25.0,24.0,206.0,189.0,7.422743797657852,78.10504996550247,71.52990031102297,219185.64443137788,7.0,41.0,0.9765587596369693,1
0.1388355330073109,3.0,0.0,0.0,48.0,6.0,3.927404763592114,37.92322251601483,45.100986855064846,3385.335889397898,0.0,6.0,0.03761721774602736,0
12.336173412325142,33.0,20.0,17.0,189.0,175.0,6.927398216139779,78.5525581076034,74.33488817352266,79670.94709897433,17.0,59.0,0.827129827879101,1
0.022803926476616165,1.0,1.0,1.0,51.0,3.0,6.244917462774714,18.711839766994142,64.3269596753758,253.26801066527887,0.0,6.0,0.03923005600086791,0
0.10264209116611712,0.0,1.0,1.0,55.0,2.0,2.8973417293162362,24.013933961161396,32.78430238474958,3045.257358826146,0.0,8.0,0.00045812766240988683,0
0.32108878885349507,24.0,34.0,24.0,215.0,173.0,6.951273944980626,55.54021509285303,58.48677955032335,27348.191188037923,22.0,30.0,0.9098600289943378,1
44.42187875799582,28.0,27.0,21.0,194.0,156.0,7.431353347367511,80.05722239539854,56.82842814670516,23061.721947088725,15.0,50.0,0.8401382512692713,1
0.10149820281355652,1.0,3.0,0.0,42.0,5.0,4.736623521814096,29.08610438893984,38.105139955915504,1170.5821958264896,0.0,4.0,0.0102489981150873,0
23.661228276521655,25.0,34.0,21.0,208.0,169.0,7.89048235971419,74.45278157949713,52.186323947271674,32957.08182658934,9.0,56.0,0.8096105256654516,1
0.2580467707924755,2.0,4.0,2.0,52.0,5.0,4.2996681233969865,38.62299802347153,7.912296673345406,119.97539029602288,0.0,3.0,0.03239228201836245,0
0.045569444346188655,3.0,3.0,0.0,52.0,4.0,3.220676430118054,4.839014181998635,67.21222690500645,1945.562574717033,0.0,5.0,0.019805559193530303,0
23.614477368741962,41.0,20.0,16.0,183.0,166.0,7.2441902581131234,37.98811162625226,69.85876767942877,121920.12448003913,14.0,60.0,0.608758129881947,1
9.38687688752595,30.0,29.0,26.0,190.0,166.0,6.9220041573082725,82.81385587346985,63.39758040785347,136373.0598538738,18.0,56.0,0.7616442159000308,1
20.97424134867067,33.0,20.0,26.0,199.0,178.0,7.338202856216193,85.32519799878094,77.04437980825841,3104.9112292369687,14.0,54.0,0.7369609213380813,1
0.5684316044127737,2.0,2.0,2.0,41.0,7.0,3.697262631793146,6.114087692237291,37.70195149846247,176.80618676277624,0.0,7.0,0.1350808565184,0
12.477729147563293,25.0,30.0,16.0,172.0,162.0,6.550538799203932,63.09070988250289,64.40091608317513,29180.556413927607,12.0,40.0,0.7344737968769395,1
0.1671173078245843,5.0,0.0,1.0,41.0,6.0,5.393838810963403,31.41797099614418,13.337829226663064,4899.339122115332,0.0,4.0,0.004679242444065156,0
1.359774812338309,28.0,25.0,22.0,189.0,170.0,7.341259166164674,60.88129656795669,61.68347695688279,18695.06178815207,14.0,59.0,0.7392494011146652,1
0.3470936444834134,3.0,0.0,0.0,47.0,2.0,4.5450692148531955,21.444182886729557,43.37629030509447,1421.1925146537878,0.0,8.0,0.011003720715718429,0
7.27973625558318,26.0,30.0,16.0,188.0,171.0,7.138447801970588,58.872021177948426,61.11835445726793,50340.6418603513,17.0,52.0,0.75628480183329,1
0.0900465654601783,5.0,3.0,1.0,54.0,5.0,4.133830188483722,14.313752951778369,31.32405940472364,687.165889054222,0.0,4.0,0.023951994297916033,0
4.839338619674149,38.0,23.0,22.0,206.0,179.0,7.050525850505529,60.932803870175015,71.9227928512994,19804.208019924772,17.0,54.0,0.5080661605704705,1
0.5597173700361154,35.0,25.0,19.0,203.0,185.0,7.152984938710491,94.45143506976586,79.8178769211697,124493.82088248002,20.0,50.0,0.8034873918283012,1
8.636112292014696,22.0,20.0,29.0,190.0,163.0,7.374539211910515,69.60872619655656,70.2634594486128,23835.167330297885,17.0,47.0,0.4977311744850179,1
0.26334775854172665,2.0,0.0,2.0,51.0,8.0,3.860947947689575,43.129106297608736,41.90205506217509,2396.0377712738537,0.0,5.0,0.1025174003835952,0
0.027517092171713286,3.0,1.0,0.0,54.0,3.0,5.403740936957407,20.606313758204717,52.926504894276654,224.57802052563963,0.0,5.0,0.07417853189035645,0
0.25350113676517,43.0,20.0,19.0,161.0,182.0,6.8658854067685615,73.1874362680701,78.16463141598634,71847.75136654601,15.0,51.0,0.8019726978274769,1
9.01655085823056,32.0,21.0,16.0,204.0,174.0,6.936657102198526,79.62302152959933,63.78201900506151,87937.49672216937,10.0,54.0,0.38642356030350794,1
3.5748279691567992,25.0,24.0,12.0,174.0,196.0,6.468974707413471,73.9197600231519,60.76238739992233,31191.097561922033,21.0,49.0,0.6314806599747648,1
1.2069907276238023,29.0,26.0,20.0,213.0,200.0,6.809033670944855,80.13695979900574,77.18694386682708,11997.025324878408,20.0,67.0,0.8525032210292267,1
7.128206682916659,32.0,32.0,26.0,210.0,206.0,7.107846517659601,78.72481762307734,76.27919597155261,68016.84316385206,17.0,50.0,0.8550020311757054,1
0.46380288913670925,1.0,1.0,0.0,48.0,4.0,4.141661220084684,9.013148575903811,45.07456169496508,246.07847893706,0.0,4.0,0.09201972324567657,0
0.36128104107350045,19.0,23.0,26.0,191.0,176.0,6.984016268950608,53.6768379973478,65.20822919921095,8379.756963340302,11.0,45.0,0.8363038365141275,1
5.218083991485708,29.0,22.0,26.0,204.0,184.0,7.42462033847778,50.073464283667974,79.26127330331568,51378.39872350388,8.0,45.0,0.6522317119881618,1
0.43267635111979086,1.0,2.0,2.0,41.0,3.0,4.607129785306252,35.6235883408293,47.96715856242967,1637.1513915774176,0.0,2.0,0.07793080872090422,0
0.040991200568672136,1.0,4.0,0.0,46.0,9.0,5.679103870133981,9.01160198456097,17.90102562579241,1177.0340829697325,1.0,3.0,0.02138384030578951,0
0.5942432120206075,0.0,0.0,0.0,56.0,3.0,3.9696511819674942,18.60319722771457,48.209515242872456,1031.653178923589,0.0,4.0,0.04082650544180195,0
0.011312938580672918,1.0,1.0,0.0,45.0,1.0,4.317584762684824,20.14010207969882,39.96131510009875,66.12079577671282,0.0,2.0,0.005379941436727725,0
0.005972214387641821,1.0,0.0,0.0,50.0,3.0,4.837499013269029,10.75465169604766,31.341445391178322,75.24874316944873,0.0,2.0,0.06949856409426494,0
0.31522592703976704,2.0,1.0,0.0,49.0,10.0,3.830789279888915,21.925795021393714,55.13450374966374,1998.4997875178187,0.0,7.0,0.008689693209230962,0
6.744951603702116,30.0,23.0,24.0,201.0,163.0,6.931863243042049,70.6010452033691,64.29869299858105,96558.40294453246,16.0,67.0,0.8463336049201905,1
20.264592228822796,22.0,27.0,20.0,197.0,167.0,7.010250147371951,84.49319605454596,70.27987578197725,42991.011609025794,14.0,54.0,0.9621895190666128,1
19.66618118802167,29.0,35.0,13.0,202.0,167.0,7.213872680553298,85.07303660801298,76.98059916681159,179879.13261629085,19.0,54.0,0.820362654121736,1
0.8514381438698997,2.0,0.0,0.0,51.0,7.0,5.9026229533274375,9.593686703114326,42.93197546241151,747.6055925665001,0.0,6.0,0.029691233274943624,0
5.3591042897955505,40.0,30.0,17.0,208.0,188.0,7.574220423970067,86.124363218809,63.35769713509138,11251.399232069478,20.0,43.0,0.6501134336124228,1
0.2166087465099383,2.0,0.0,1.0,43.0,4.0,2.8910482706735454,27.06467748897977,36.86995434001187,1398.8238348862842,0.0,0.0,0.11693249980199397,0
0.6653163687480026,6.0,0.0,0.0,40.0,5.0,5.797232670068962,35.28483796549806,30.196163467692504,500.905697893825,0.0,5.0,0.021489396271745766,0
0.18972467134193205,1.0,1.0,0.0,51.0,3.0,5.446918473735311,23.36796452278442,38.85581340081693,1335.1257142038457,0.0,5.0,0.04054120501472957,0
0.5532231423964433,5.0,0.0,0.0,48.0,7.0,4.0253615306565935,19.15773570374188,5.6871808227358756,1073.1091479981717,0.0,6.0,0.06342432352403124,0
0.7648306137808215,2.0,0.0,1.0,42.0,3.0,4.924494510546987,28.89710181603402,20.993320799119594,1468.3957887903161,0.0,5.0,0.07110451895828425,0
0.09410238356356315,1.0,1.0,1.0,54.0,5.0,3.3933646874521526,17.447140603426355,13.210432845269128,1107.5169435396406,1.0,8.0,0.005933888989358882,0
0.23337313280842265,0.0,2.0,0.0,52.0,11.0,4.267858146771884,26.889959462443453,18.382568855938892,2366.680272600376,0.0,5.0,0.21244322688227085,0
22.301491357780687,33.0,22.0,16.0,212.0,187.0,6.9324968327198295,75.4911988153239,60.115430916202016,162807.80583374886,17.0,47.0,0.8865793225231386,1
12.035798509810954,30.0,20.0,15.0,203.0,185.0,7.417427132666865,74.80440353344926,78.54696438326701,33602.23921443265,5.0,57.0,0.9185150546965797,1
0.08313938483541546,5.0,4.0,0.0,51.0,6.0,4.801148634046951,19.01583911405183,48.86224821742723,4426.418503043731,0.0,4.0,0.024341112440726505,0
11.593463166601753,37.0,17.0,22.0,179.0,175.0,7.158007709955307,56.53347753256453,71.23109682178229,71292.79933014509,13.0,42.0,0.6950211322046738,1
0.2889005502175656,3.0,3.0,2.0,50.0,7.0,4.01798740136936,21.060804961562784,18.2225765588304,10798.751154926444,0.0,4.0,0.04825248048487369,0
0.5288047727512822,31.0,20.0,16.0,193.0,197.0,7.364502412830816,74.32361189883373,69.1126956934743,15897.437956334199,12.0,56.0,0.9265232154063587,1
0.28882273048838597,2.0,0.0,1.0,55.0,4.0,6.056898809986583,19.99688219242034,48.24333693847359,3508.200931146966,0.0,8.0,0.12680158331952612,0
4.468034718195024,37.0,27.0,25.0,235.0,196.0,7.731229621517776,58.333286042355084,79.94402517939903,5541.194611519503,17.0,55.0,0.9100615194377878,1
0.006449659248078394,1.0,1.0,1.0,51.0,5.0,5.15276766170351,11.378968161495388,20.104933025055235,2032.5265580249984,0.0,3.0,0.006232806755712098,0
0.5802609100846976,1.0,1.0,1.0,48.0,1.0,5.075274933362271,34.763887095906,35.98829172006247,2781.837017444703,0.0,9.0,0.004400102754836767,0
0.22023326877276858,3.0,1.0,0.0,45.0,3.0,3.5462176200791156,3.57310517804639,51.535612088058684,928.1230862126956,0.0,6.0,0.0006831410005830387,0
1.3063394857499306,22.0,24.0,20.0,204.0,194.0,6.409491394152427,64.05907073111916,84.18741753958203,43322.87194033972,9.0,56.0,0.805300931197185,1
0.15848459246480176,1.0,2.0,0.0,46.0,9.0,4.829461747822985,19.522103672133174,35.64025875046474,1727.4494629513958,0.0,5.0,0.018321568823333665,0
9.102667056025815,33.0,25.0,20.0,202.0,170.0,7.334876378936343,65.0615106715144,82.6334304621596,80891.32488212644,17.0,54.0,0.8388724249394456,1
0.8984868761219328,2.0,3.0,2.0,51.0,3.0,7.042896445743636,23.052118030793775,56.10586846320675,4205.361835353105,0.0,3.0,0.018193991986741983,0
1.6980962540230138,30.0,22.0,21.0,221.0,186.0,7.5799577280463994,59.85606349214297,69.60539197624198,34348.82415425219,12.0,63.0,0.6236755579699874,1
1.7956172339250442,35.0,21.0,17.0,193.0,165.0,8.0,90.88792845574069,61.524056391019215,76923.76728929537,23.0,40.0,0.9143174422042676,1
0.09319444368032122,2.0,0.0,1.0,53.0,7.0,2.7047205773131036,26.36524463217011,29.14551908027213,1216.5836046524325,0.0,4.0,0.004918483063893749,0
20.160230356591896,33.0,22.0,16.0,218.0,203.0,7.751790966911641,72.62153400088803,65.12758383449871,69675.9849639902,11.0,58.0,0.9796670151111916,1
7.387264144203189,23.0,19.0,20.0,194.0,167.0,7.932352031704115,58.99318190270539,66.04655679738032,17786.724366309638,22.0,45.0,0.8389210988722394,1
0.8481358964863996,24.0,24.0,19.0,223.0,181.0,6.967070770572634,85.27601193223876,71.34048867418814,27545.721832242543,16.0,58.0,0.7376411848606143,1
0.041122698594115485,1.0,0.0,1.0,45.0,8.0,4.903808525698492,21.083006360360844,27.62716883999093,1771.7001453607427,0.0,5.0,0.045361796622662265,0
0.0828056885550898,1.0,1.0,0.0,40.0,8.0,5.344308944292013,23.109275818776748,50.851409207792976,1836.0032856102405,0.0,4.0,0.05632229508388933,0
1.0431252649580323,2.0,1.0,0.0,52.0,4.0,4.070067985819336,0.5324016454013716,45.417968897337175,2800.9744394266017,1.0,3.0,0.16219789528295725,0
0.12217008122659048,2.0,2.0,0.0,39.0,3.0,4.520528901765271,32.57859638142544,13.665686480455989,564.7722889963087,0.0,2.0,0.06982441780892568,0
0.31052653093137883,26.0,32.0,16.0,206.0,182.0,6.592897276757958,69.78971249137481,73.52208938476659,86029.19422549501,19.0,44.0,0.9210441191755385,1
0.5776380831418749,29.0,23.0,25.0,205.0,161.0,7.201080575973886,56.96621615075924,78.3958683337496,28720.29841233575,13.0,52.0,0.9589777482532336,1
0.5537739622300903,2.0,0.0,1.0,56.0,5.0,4.326775156736774,14.937912824460966,31.354344253255192,1967.4385869819223,0.0,5.0,0.07700434425321129,0
7.145455091638387,32.0,29.0,18.0,203.0,173.0,6.297452322212732,69.80849214092932,79.64652375511491,2992.9956817434118,11.0,54.0,0.9276680765778047,1
9.328729780365116,24.0,29.0,22.0,201.0,188.0,7.213420967788463,76.14400365513491,54.397267506745344,35031.273628967836,8.0,42.0,0.9181062652478924,1
4.107866631171345,40.0,27.0,21.0,196.0,173.0,6.722458548552083,41.1510603550352,78.12611630407484,27285.560491066335,14.0,55.0,0.6154343180918638,1
0.30576288407055024,2.0,1.0,0.0,55.0,1.0,3.2685912171606977,12.578371527287556,45.98450094159059,129.92746113420083,0.0,6.0,0.07937047522891534,0
14.726129981166688,36.0,27.0,18.0,209.0,159.0,7.078465534466471,58.32382385808694,61.89017553939131,2439.838828936288,13.0,61.0,0.5859097626037976,1
0.9892428002980811,30.0,31.0,18.0,198.0,176.0,7.155231356414741,86.39932285616027,77.18887849798232,41318.76367389121,17.0,46.0,0.8984715607263629,1
0.02786577235811027,3.0,2.0,0.0,47.0,4.0,4.439726728222057,5.871898200578123,11.45304294732864,710.2438472968666,0.0,6.0,0.03152555229916227,0
0.17863937566917854,8.0,0.0,0.0,41.0,3.0,4.163613543597753,27.58877543180597,27.73996302649053,1363.0429379737784,0.0,5.0,0.032207875548593196,0
0.4125375035512811,26.0,29.0,20.0,183.0,194.0,7.283144013304035,93.8575123028553,49.921064368421725,32048.50305404201,12.0,47.0,0.8040758842693407,1
4.812448443538518,34.0,28.0,22.0,201.0,184.0,6.86495556526339,69.70158949452222,79.08963895034367,40503.22397071843,12.0,49.0,0.7126847782418382,1
0.14763908753826557,3.0,1.0,1.0,49.0,8.0,3.58264048491316,5.542000977536574,23.857545214893168,613.0468472864094,0.0,6.0,0.005200712547834214,0
2.5254122901235436,25.0,31.0,16.0,190.0,168.0,7.057668680567523,70.53015943441807,72.12168281193225,13325.599395908821,15.0,40.0,0.9120967937449364,1
0.6812254348067746,1.0,0.0,0.0,42.0,3.0,4.532597046636332,27.959842585148664,45.40734602575967,1114.5586032144965,0.0,6.0,0.04510642003718731,0
0.4291178259230592,1.0,0.0,2.0,59.0,2.0,3.3600977862913135,29.368004830208964,14.571203423490207,1859.9106331129153,0.0,6.0,0.061380449229643655,0
0.08469205481854228,2.0,0.0,0.0,60.0,4.0,4.206326857279788,12.059953453156016,63.033279843425916,2765.2712555976395,0.0,6.0,0.00449903105964583,0
0.08497910020736006,2.0,1.0,1.0,57.0,2.0,5.442105470369061,11.187201186649938,37.892562044984714,5292.541542303826,1.0,6.0,0.05055043659085603,0
0.6621970429040301,1.0,1.0,1.0,65.0,3.0,5.307374143816311,24.157133236979487,46.83546809495329,3130.3085095991637,0.0,11.0,0.06587530835401634,0
0.0820075850871441,4.0,2.0,2.0,48.0,6.0,4.725090329170826,18.067301166216666,3.32601624144478,443.3672011986779,0.0,8.0,0.021847491448921393,0
17.515004982702397,34.0,27.0,8.0,209.0,186.0,7.496292952137581,62.6388687466867,72.07826812189602,15460.51446984516,15.0,51.0,0.7443314594220416,1
0.25703473367326335,1.0,0.0,0.0,46.0,7.0,4.033644421714332,29.34970358025097,4.491620645462092,3678.07416424336,0.0,2.0,0.005846025193231171,0
0.026816141889134736,1.0,1.0,0.0,51.0,7.0,5.245878501546438,26.573438652939352,60.84348932927918,745.7146822644626,0.0,4.0,0.014253557150570065,0
0.4904097930347978,3.0,1.0,0.0,61.0,5.0,4.41874769749991,16.039529825007662,61.72264170641843,1255.90037950384,0.0,2.0,0.01313884577938269,0
0.4175429663482048,0.0,0.0,0.0,48.0,3.0,2.0669468514933915,25.818994401832946,10.864193728454946,1992.7172899033155,0.0,6.0,0.011837803679989507,0
12.115992142626846,31.0,28.0,11.0,181.0,204.0,7.897310179711016,73.49709085995936,51.31421555681448,67788.93947065034,12.0,43.0,0.574173459572794,1
0.24151920910755628,21.0,25.0,19.0,187.0,160.0,7.158840817663669,54.18940722157265,76.69132382373104,11353.30516953435,13.0,53.0,0.6950067462922134,1
0.04934739603790226,1.0,2.0,1.0,45.0,2.0,4.772848342712835,29.977075699515368,20.5416589241965,1004.7173010653225,0.0,7.0,0.02848909788810441,0
7.7595516418482475,35.0,29.0,17.0,206.0,178.0,6.988487729756877,37.036814566070305,74.58180989243476,6470.0767423551115,6.0,46.0,0.92336172045293,1
16.8305396600649,22.0,29.0,16.0,196.0,183.0,6.18131731630855,78.5912248476603,83.01920180316094,94134.02945281904,18.0,55.0,0.7076469293116884,1
0.010498116433043726,2.0,2.0,0.0,45.0,6.0,4.546846072395046,4.7099436340285745,28.677785335152407,2193.9621491152625,0.0,5.0,0.004773564305778543,0
5.604737072036417,25.0,23.0,21.0,182.0,193.0,6.332504115806086,88.82230545439157,74.45439431924294,75848.94021315184,19.0,47.0,0.7240726753183537,1
0.27974818408967683,2.0,2.0,0.0,55.0,4.0,3.1972836932406943,35.68376755247668,41.906078311892706,953.7617441581123,0.0,4.0,0.13735348974335207,0
0.1553250235946108,1.0,0.0,0.0,52.0,7.0,5.471925093663561,19.74055584620217,66.51174358902304,4392.662542556199,0.0,4.0,0.04235610234077766,0
1.5924094085103122,29.0,25.0,27.0,215.0,149.0,6.835191004141132,39.62096677764955,56.88919026828951,40148.55730954197,14.0,60.0,0.634630528651516,1
3.7294978088039046,35.0,20.0,25.0,214.0,171.0,8.0,73.61482712024058,78.29423571155753,2496.6021298551877,12.0,57.0,0.916684103160504,1
0.0232427606433927,1.0,1.0,2.0,33.0,3.0,2.884431316742458,28.301549592649,39.34258114730376,8315.062946976894,0.0,5.0,0.0435261800343574,0
0.23442124348613846,0.0,0.0,0.0,55.0,7.0,5.209627142036857,25.799093945979685,10.104121700416993,672.5359672156367,1.0,6.0,0.01016820509366567,0
2.1949544195912107,33.0,35.0,16.0,210.0,175.0,6.887725107186545,92.575262703659,60.73752153598032,39030.08790388402,10.0,45.0,0.7977960019956563,1
9.118322283267243,33.0,25.0,28.0,187.0,195.0,7.453905229580738,88.40906657682127,75.67656371933761,13968.758167415615,18.0,57.0,0.869692328526315,1
4.897178164199752,20.0,22.0,22.0,187.0,184.0,7.710270099125898,74.18918641133197,73.67292250687845,680.7124733516038,20.0,55.0,0.9646642299483426,1
0.36422609306425646,0.0,0.0,0.0,49.0,9.0,3.300417284573518,13.487418153001755,15.292082597187452,1063.7698579628486,0.0,4.0,0.14152763786319492,0
1.988057472302701,24.0,23.0,16.0,188.0,205.0,7.359490937996535,62.19045564892991,52.09072001148764,195096.1371946035,15.0,64.0,0.8279356068858577,1
0.8069965610073756,0.0,0.0,2.0,43.0,7.0,2.8384473915580437,7.670371013786086,52.02847695860809,2871.0624700668905,1.0,6.0,0.032879590348356885,0
17.230430828792972,29.0,31.0,27.0,221.0,193.0,7.576180743210187,76.47417139631766,57.60372595222924,912.4743532894798,13.0,50.0,0.7365751762388619,1
3.552560873699182,26.0,27.0,22.0,179.0,201.0,7.767514879668229,81.88335992026518,58.73545824339841,106738.93533441862,13.0,52.0,0.9004260138103211,1
0.6729909991609336,2.0,0.0,1.0,56.0,4.0,5.879394121245136,20.339421826659162,21.363247719832888,773.9845742494979,1.0,4.0,0.03270516754523304,0
0.27955431077658544,4.0,0.0,1.0,54.0,5.0,5.74358172053479,12.17936718760335,19.886759434228583,283.75888227654,1.0,2.0,0.031000165433597265,0
0.010360657063263544,3.0,0.0,0.0,45.0,3.0,5.04577242707021,11.64278843970512,32.32467990515943,4808.946465815418,0.0,8.0,0.018827970459231378,0
7.412998691256935,38.0,29.0,22.0,191.0,209.0,7.3715210528269415,71.08160488816253,56.88644224326267,211814.2547337706,10.0,48.0,0.7199730906956103,1
0.5410934382738891,4.0,0.0,0.0,42.0,3.0,4.014855734571857,19.628257650151653,38.40524002998497,1639.6199193409482,0.0,6.0,0.05195743316337413,0
0.9941206428390615,2.0,0.0,1.0,49.0,7.0,3.8952192139682285,26.470066499113067,35.14537506071862,2278.051433177003,0.0,1.0,0.010085706662060222,0
0.38103568191868986,1.0,1.0,1.0,48.0,2.0,4.765008153032321,26.558628245023655,30.50385524184098,1474.5959920289472,0.0,3.0,0.10446406751296608,0
21.26991086632123,33.0,28.0,17.0,205.0,191.0,7.358297759052494,85.95404405862168,49.0831661202529,1173.8489169712072,14.0,55.0,0.956385234356769,1
1.2806321818805952,4.0,1.0,0.0,46.0,6.0,4.389570479264235,26.05373394286903,40.321716048972796,147.13702996303476,0.0,10.0,0.1482557854118768,0
0.7513942077426454,31.0,24.0,31.0,191.0,170.0,7.279740659554906,83.55581351206288,72.45600461703171,37845.44619757728,13.0,53.0,0.680514123761755,1
0.8224914789651617,25.0,19.0,17.0,208.0,211.0,7.119498486588034,64.46609312657996,83.86350422583146,191117.7120612277,18.0,51.0,0.8238805991872368,1
0.09723237212554257,3.0,0.0,1.0,31.0,3.0,2.906204609810619,9.360146780878498,46.417071175066475,3521.890677391158,0.0,2.0,0.0797895881717599,0
2.012399700394609,28.0,20.0,19.0,230.0,190.0,7.703938864875079,64.21055328863757,64.58947260205359,62147.5506278761,16.0,51.0,0.804298199627557,1
3.894750319130512,34.0,21.0,22.0,218.0,185.0,7.1128691207332455,86.69636866463186,88.33518223550507,31749.643890017374,15.0,47.0,0.7736369554080743,1
0.20686353261703014,0.0,0.0,1.0,50.0,7.0,3.638561683232738,18.285575105305277,22.072133271056288,3442.4417576515084,0.0,6.0,0.10385385309666428,0
4.738865651938667,24.0,29.0,23.0,204.0,188.0,6.542894276554367,83.82719113975203,72.04673865347385,18133.680323759698,16.0,39.0,0.673626146465185,1
2.0155497173973616,33.0,27.0,30.0,214.0,182.0,7.064508670041634,98.24720581445746,67.1393827916391,29931.54027691452,14.0,43.0,0.7525300716094284,1
13.6913418583585,33.0,21.0,12.0,199.0,188.0,6.854260364346578,81.91631881637906,53.782949252652216,6513.654039576048,13.0,42.0,0.9169009330724049,1
0.7466127215933048,36.0,23.0,18.0,210.0,187.0,8.0,66.35783840946195,56.34165875240196,30509.507533058706,16.0,49.0,0.630444273588683,1
0.026356656500581523,3.0,1.0,0.0,42.0,2.0,5.236100555840965,17.151681047480277,0.0,1208.3484551480558,0.0,5.0,0.004302757210574618,0
2.9356340006976134,34.0,26.0,25.0,179.0,185.0,6.9898889327057905,94.73152199195717,77.02832793129781,17529.825580350494,14.0,48.0,0.7049968781479105,1
0.7834988289126236,4.0,0.0,0.0,57.0,5.0,5.482478426772014,19.611971617451502,37.065966390166366,885.0286716171477,1.0,6.0,0.08030468950622291,0
4.036810363312236,34.0,28.0,20.0,187.0,182.0,6.948872786957788,80.97430527593967,84.95682308463742,112.23459090379465,21.0,49.0,0.8455308842942635,1
10.838089592025089,29.0,16.0,21.0,184.0,168.0,6.656125545545581,43.28476850821083,70.82671863398065,153415.7394691448,12.0,44.0,0.8498462454869251,1
0.8368686484406956,28.0,23.0,20.0,213.0,176.0,7.989706958879391,100.0,66.51535840569647,26712.547124488246,20.0,47.0,0.6441216299804194,1
0.39920027391075896,33.0,27.0,25.0,198.0,162.0,7.442862986364149,73.02935417339613,75.030125664859,27590.374905130706,17.0,50.0,0.86564219236983,1
2.3351870990455463,31.0,29.0,25.0,221.0,163.0,6.896386733795602,65.72385826699401,45.97328350870286,10651.33632070101,10.0,51.0,0.6934794277830968,1
0.5796650829593606,31.0,15.0,19.0,222.0,180.0,6.759527650944279,71.68081289091594,79.55788011530105,56484.03971988294,13.0,45.0,0.9332427025818174,1
0.6539109243301656,4.0,1.0,0.0,41.0,9.0,3.5454038243007315,22.633119981877094,39.60582104367131,676.003851062637,0.0,12.0,0.04682854179158681,0
0.08570088556465137,4.0,0.0,0.0,58.0,8.0,5.483098489810972,32.12779320204545,21.636403933737633,1421.9879541291557,0.0,8.0,0.06637536925882632,0
5.0871338087190985,39.0,31.0,17.0,201.0,182.0,7.9155652689480265,93.83437543588416,68.92125217190875,87834.62493685258,10.0,45.0,0.815582421450396,1
0.41662691880162744,2.0,3.0,1.0,47.0,7.0,5.189490196741323,30.823890583232043,66.17370990921663,593.0485926279553,0.0,3.0,0.2506477018710713,0
0.38452854091974115,1.0,1.0,1.0,66.0,4.0,2.0038199780236337,29.686490064537576,26.11135137029749,5249.6725034512865,0.0,4.0,0.09920347619889786,0
1.094175840471401,35.0,29.0,25.0,208.0,164.0,7.58795240917208,67.22367382302055,60.36068785654099,11745.082355568957,13.0,46.0,0.9365332895822612,1
0.04298101706937079,1.0,0.0,0.0,51.0,5.0,6.653021388967867,25.458231717333035,19.187341407091978,394.72634230785036,0.0,9.0,0.08671048309600914,0
0.36368626686734695,0.0,1.0,0.0,39.0,3.0,4.534223319690266,7.839040950258001,17.192821005079963,569.7355764917776,0.0,9.0,0.04682997247557586,0
0.0351731655296332,2.0,0.0,1.0,48.0,1.0,4.120097087674443,26.495972494992014,59.00223397676119,576.5948406425296,0.0,2.0,0.005897405057528274,0
3.2283256830541838,31.0,23.0,21.0,192.0,176.0,7.280402514660488,50.467736917445684,86.9891325605173,3075.2601049635373,13.0,56.0,0.8421122361815832,1
0.5175557561425744,2.0,0.0,0.0,60.0,9.0,4.069764664660749,12.902883733312684,52.171595932164294,1397.8288663810495,0.0,8.0,0.005102580438799466,0
0.2230237050338108,0.0,1.0,0.0,51.0,6.0,5.024541674581635,26.41238977684045,28.27028051542139,4260.40597922835,0.0,9.0,0.010065750499116555,0
0.5752161051538257,2.0,0.0,0.0,45.0,4.0,5.349730995622119,13.734588855893824,61.87268523708401,1230.1697668208512,0.0,5.0,0.1910308265420996,0
0.7907107744937593,32.0,28.0,30.0,194.0,176.0,6.282066771712582,100.0,47.77433324153752,16606.835371128993,17.0,59.0,0.7589360672774192,1
0.0732870980065618,1.0,1.0,0.0,46.0,6.0,3.7933983332788324,19.139990699674268,36.58867960847473,428.26741266028256,0.0,4.0,0.026858695453952863,0
6.003737910484774,26.0,20.0,18.0,207.0,179.0,7.429848446081077,91.74297771294147,64.8792326208452,2043.4895907237394,20.0,37.0,0.879090242459921,1
1.1858435585960971,26.0,22.0,23.0,211.0,194.0,6.61480274938513,65.56293169769046,80.23966274941736,55143.12370359624,20.0,47.0,0.773872138651984,1
9.985439076081176,33.0,21.0,21.0,197.0,155.0,7.084574226153686,50.558766416273045,65.1221559770968,16527.952494621848,12.0,50.0,0.694078487929452,1
9.521765287891775,36.0,25.0,21.0,196.0,210.0,6.785306893424334,84.22599558100049,63.77152490512399,1359.1928432062716,12.0,38.0,0.7289273669015234,1
8.613144371697448,34.0,19.0,22.0,194.0,191.0,7.225935628854899,62.12211559997155,67.60326653221627,5462.864773616972,12.0,46.0,0.9517877713087803,1
0.1416062998857377,3.0,0.0,1.0,51.0,9.0,3.672584785914183,8.99827089095064,34.655702302716655,5556.120984976889,0.0,4.0,0.024497916761797765,0
0.45750901708028774,2.0,0.0,0.0,59.0,6.0,5.12105941030736,14.322273019668224,37.49354301168371,1332.2981353249768,0.0,4.0,0.006787556338828795,0
0.5326821213425393,2.0,0.0,2.0,50.0,6.0,4.159812796274006,31.094427289097627,22.895139411205868,2221.3738652372895,0.0,4.0,0.01726802415343105,0
3.310759041233422,27.0,26.0,17.0,196.0,171.0,6.033663009284462,90.93487741621813,69.41939794344154,57089.33099315672,11.0,47.0,0.7865049456194315,1
2.128989833849768,28.0,26.0,21.0,191.0,183.0,7.5641047278605775,56.656756584174666,64.3105831714683,33294.196741511805,20.0,47.0,0.7894130832201897,1
5.062855589258989,27.0,24.0,18.0,200.0,171.0,6.290239436139751,54.742756598894104,77.31690715394993,55024.43528422002,19.0,44.0,0.7902777723032783,1
0.0015730007502734928,3.0,0.0,0.0,63.0,3.0,4.182383086624671,9.660438933392575,31.726144131918428,80.61762630308883,0.0,5.0,0.003445126274224927,0
0.41957574134765807,32.0,21.0,22.0,186.0,169.0,7.257083225063185,57.659861409268856,63.6312768175088,501.5391501502148,16.0,43.0,0.8422506449740863,1
0.00192190458522455,4.0,1.0,0.0,50.0,11.0,5.090343911877127,30.07751432746839,35.74689232765576,1750.835144852047,0.0,4.0,0.010532335831123731,0
0.12054564037539028,4.0,2.0,1.0,37.0,6.0,5.025869513556464,29.129546203069182,57.72180648020508,6060.5800867327835,0.0,5.0,0.034594675136626035,0
5.881434457509464,17.0,23.0,20.0,176.0,171.0,7.708605154216015,75.28052787147672,76.68778436066913,148879.5077095544,19.0,46.0,0.8302264051187012,1
0.49534682244313855,33.0,15.0,19.0,187.0,174.0,6.827137681033815,68.36374722541403,50.645479625973984,87082.63459026178,16.0,54.0,0.7849359485603079,1
7.68579310629053,33.0,20.0,14.0,205.0,182.0,6.580707987869958,71.37063976125039,89.52675986830708,161980.54069432724,16.0,42.0,0.8338842431352315,1
0.15019546946875764,6.0,2.0,2.0,55.0,8.0,4.049713152898827,4.589276298742233,56.143901631074286,846.9121402185491,0.0,5.0,0.0901444207360973,0
21.688865951580947,28.0,21.0,19.0,181.0,185.0,6.620725595358645,75.46126386384594,76.89393048933431,26748.64222752188,18.0,51.0,0.7937406577078029,1
0.06846025837846913,0.0,0.0,1.0,51.0,2.0,5.107620548558621,35.34525234865268,29.35344782053108,2616.437026267568,0.0,4.0,0.02272556137426431,0
0.037113833852982885,4.0,2.0,0.0,60.0,7.0,3.642455160897317,19.045805480876652,22.142074926293866,933.9604305544428,0.0,3.0,0.010285277472905939,0
25.1372403572633,34.0,28.0,21.0,196.0,178.0,6.851875146660542,83.95211035078475,85.7950615732603,8165.301016428439,11.0,44.0,0.6406272480896043,1
0.26468791230448807,29.0,24.0,17.0,204.0,173.0,6.069867549096764,73.09034086613231,82.82429905523546,19224.56878558098,14.0,62.0,0.8731879011743389,1
1.48704858237781,2.0,1.0,1.0,54.0,5.0,3.7127778703595924,14.933621574291154,7.294320292504107,546.6522911219232,0.0,4.0,0.02596079043401252,0
0.49909431689882583,3.0,1.0,1.0,61.0,3.0,4.510627983062536,15.867473060462554,41.79749168767514,243.1171890650912,0.0,3.0,0.03160836539118039,0
6.204404317100892,37.0,22.0,22.0,198.0,163.0,8.0,79.67508018188185,82.481702487543,140974.99889299407,14.0,52.0,0.9168571413205175,1
0.11572062784935248,1.0,1.0,0.0,42.0,7.0,3.660970964093875,11.596067358611574,26.220202657523,1875.2425643765437,0.0,1.0,0.013166836413147436,0
0.3984880736293201,1.0,0.0,0.0,41.0,6.0,4.196306403893682,5.239821106423923,50.11128016917159,853.7992409472902,0.0,5.0,0.05984484453091729,0
3.6370400871454907,28.0,25.0,29.0,223.0,181.0,6.716488241869779,96.45653607442524,82.99695224946215,134707.8516945758,19.0,38.0,0.8217906848258434,1
24.00588998649331,26.0,24.0,15.0,199.0,204.0,6.288353838566221,74.10157148697446,77.87392033200011,10706.202356707612,19.0,56.0,0.9309067406912666,1
0.47608279287490507,2.0,1.0,0.0,45.0,5.0,4.750800815646053,8.391415980035674,36.25840644861091,2386.2523144995444,0.0,4.0,0.09331918416776265,0
5.547714896402351,23.0,29.0,22.0,198.0,182.0,7.843898335877705,85.95329573743899,67.29358179175894,14832.862981011785,15.0,44.0,0.759719582109198,1
0.4402421275236265,2.0,0.0,1.0,50.0,4.0,6.125749424928305,13.281037547584962,38.64621549007061,1023.5646651211201,1.0,3.0,0.02249401112438571,0
16.711745901805067,37.0,29.0,27.0,212.0,177.0,8.0,79.50465157428506,64.34131058022561,5325.072050918171,11.0,57.0,0.7112293824237431,1
5.828115085218407,33.0,27.0,24.0,188.0,165.0,6.713804332394322,71.47035620946727,77.90732145866635,61250.72654796429,19.0,54.0,0.906040234945804,1
0.6089056514189731,0.0,0.0,0.0,64.0,6.0,5.492464195078011,10.549931708283033,54.40834408765702,580.6033843392624,0.0,3.0,0.01662036749482702,0
0.5293673595722802,3.0,1.0,2.0,44.0,3.0,3.9630770250802683,17.150065582491237,41.457918041913054,3587.077295543475,0.0,5.0,0.018729676035326645,0
0.07068085147507897,1.0,1.0,0.0,51.0,2.0,3.39327274182691,43.940198149782844,19.999599191596847,2631.186799152984,0.0,3.0,0.0543026549458169,0
3.7794935394548776,36.0,21.0,17.0,206.0,189.0,5.818758644082671,100.0,79.55793233404682,87352.69283856582,15.0,49.0,0.6886799034552802,1
6.378773806047648,31.0,37.0,28.0,197.0,171.0,6.491459971909654,76.71553612877919,81.90083420283675,9290.685283952633,11.0,47.0,0.9197005602913201,1
0.11147651915405814,1.0,3.0,3.0,52.0,4.0,4.6744087485610875,19.666469170903266,28.929311766049548,1092.7668686285945,0.0,3.0,0.008914536046305968,0
0.137524892162106,0.0,2.0,0.0,51.0,7.0,4.40510869530891,8.711590859848295,66.0801692488867,2111.3305775555605,0.0,3.0,0.010437471953645187,0
6.631217724814104,31.0,28.0,19.0,198.0,190.0,7.078427633485691,76.17319325073487,86.34478687443699,6557.9414310324855,17.0,52.0,0.8109622991736012,1
0.34466246177315013,1.0,0.0,1.0,53.0,4.0,3.573927972309522,15.142468303040552,31.555354979345402,328.99425746637843,0.0,3.0,0.019264130056610488,0
0.30976669006911267,1.0,0.0,1.0,43.0,8.0,3.8265713681269133,22.153683774944934,64.56438752510965,7.423352154440414,0.0,7.0,0.023587341808266698,0
1.1178662190945239,35.0,23.0,25.0,203.0,178.0,7.527285583870663,73.99102986793015,63.81105401094822,23335.260739828842,18.0,55.0,0.7353581448336859,1
10.905966570116641,31.0,22.0,8.0,201.0,195.0,6.50974260709793,88.49842856699253,76.18405991086628,116874.2168253158,12.0,46.0,0.7856425450207664,1
5.056249732203567,26.0,33.0,18.0,213.0,171.0,6.566830692873239,73.76583584275966,62.88106768638778,33562.816374460235,13.0,48.0,0.8130606626663499,1
2.5871449422556583,29.0,19.0,22.0,196.0,179.0,6.802506623665146,87.26815216250156,78.53747992837995,30726.11092898217,10.0,49.0,0.7010721089280777,1
7.724512919524886,36.0,20.0,24.0,210.0,178.0,7.207499159482285,84.22699584271751,60.813396549263075,92523.95071352595,12.0,56.0,0.8583250190881905,1
0.36937501851137705,1.0,0.0,0.0,41.0,7.0,5.560185666324323,4.179674224318447,16.424459866401065,856.5301536030435,0.0,5.0,0.08201121815762322,0
13.67316480549266,27.0,20.0,20.0,193.0,154.0,6.63780017681732,57.584741999740366,74.51416889773398,63400.6278271433,16.0,50.0,0.5071277522736916,1
0.4662221989420793,4.0,2.0,0.0,54.0,8.0,4.488544703278318,12.078590016568393,42.47976597710272,2378.147043224117,0.0,5.0,0.09358441640358857,0
0.7896754519272619,1.0,3.0,0.0,61.0,4.0,4.022793977815422,26.964543838660965,23.26053373946268,2860.209541507957,0.0,7.0,0.016967891131308283,0
0.08816665028802041,0.0,2.0,2.0,51.0,8.0,3.7387407588675075,11.587709608385003,32.09707714138044,1779.0616399459732,0.0,11.0,0.07455661031764922,0
0.24412109761806833,2.0,1.0,0.0,51.0,3.0,4.941691082386029,8.040700412026425,39.542950501775046,1743.8343469132963,0.0,6.0,0.10314554899226734,0
16.873784551797005,30.0,34.0,24.0,169.0,166.0,6.202320587791723,78.86037353360595,70.44878545433735,103371.67013439428,18.0,49.0,0.8319671745484633,1
0.32527011808956935,2.0,2.0,0.0,67.0,4.0,4.86696952332327,15.044059234125363,12.707076178715173,823.6529387278894,0.0,8.0,0.022051401533999045,0
0.49326275497302585,5.0,0.0,0.0,36.0,7.0,4.051439978258626,19.699984787797444,61.47627001527471,2959.895534061228,0.0,3.0,0.01729920426384725,0
0.14873479951956156,2.0,2.0,1.0,29.0,6.0,4.236355720255587,13.765700697045075,50.04956812213221,12.649812871527235,0.0,6.0,0.0018785318490699664,0
6.070798886482077,28.0,25.0,24.0,200.0,191.0,8.0,70.68209364833753,61.709317722875085,11291.238550482576,18.0,50.0,0.5520865862076723,1
0.1661269857775822,1.0,1.0,0.0,52.0,6.0,5.907995525444814,11.235685152195927,37.303975019317576,16.027808130534925,0.0,3.0,0.03393088856420934,0
2.3562521913432044,21.0,30.0,17.0,210.0,182.0,8.0,62.38114941540173,75.19902227546525,6333.221199588944,11.0,60.0,0.8183772955043904,1
12.317102459715569,19.0,37.0,24.0,166.0,196.0,6.43189370116176,83.33080525106506,84.2462554811825,33453.27518418657,19.0,42.0,0.6749830633051216,1
17.452247771117804,32.0,29.0,14.0,218.0,175.0,6.380334641578025,64.68524744039163,58.91334073583561,200361.38488499602,10.0,42.0,0.7998042510723611,1
3.7582397795977665,23.0,27.0,26.0,197.0,175.0,7.32878749671487,100.0,68.84791196984372,16146.119262949607,15.0,43.0,0.9504460940554558,1
3.34929430124863,28.0,20.0,12.0,203.0,169.0,7.289467012654593,80.45902024855891,65.84821077923472,43106.200113085375,24.0,65.0,0.9461987397472645,1
0.16327714280806502,1.0,1.0,1.0,48.0,4.0,4.791780221032683,34.98469844878099,20.946373435001114,479.64160937479636,0.0,5.0,0.016449307565288403,0
4.575351408427056,29.0,26.0,16.0,230.0,183.0,7.417197414469148,46.11147433149409,52.130494061360174,94475.5779116081,18.0,49.0,0.9033224693053575,1
11.07870096475316,33.0,28.0,13.0,161.0,185.0,6.799449287728761,66.35204583992183,65.82048321443804,18651.37845544396,19.0,57.0,0.7932410636859583,1
0.17405217356937097,3.0,1.0,1.0,61.0,1.0,5.082555960138093,44.25230023470288,52.221170092795575,659.7136572726538,0.0,5.0,0.0042191859553943325,0
0.14193586974532113,3.0,1.0,0.0,46.0,6.0,4.818770031148127,18.19140651214932,13.822482627291627,484.38785154707773,0.0,1.0,0.11779894437573923,0
0.03904567018633459,6.0,1.0,1.0,51.0,6.0,4.3252268698814085,24.236162120725044,42.116527732836865,1455.3244717473715,0.0,7.0,0.00614410755528665,0
0.593684798488842,5.0,1.0,1.0,49.0,4.0,3.6139233180423176,6.594805146517755,12.596761729046765,263.6917731978562,0.0,6.0,0.0020400195860028,0
45.35057950404391,23.0,21.0,14.0,184.0,191.0,7.118339204930802,45.34102783526059,80.91671866954768,15914.85574136672,5.0,48.0,0.9303941004367923,1
0.04148890329392659,2.0,3.0,0.0,51.0,6.0,3.6220869163897373,30.768531989502247,46.33039062435294,2972.1046195105328,0.0,4.0,0.018236950193315365,0
0.3309742756453848,33.0,23.0,20.0,190.0,201.0,7.3585417580520485,85.26998402127695,69.63469627915721,15889.636438931653,12.0,65.0,0.7981038578844467,1
42.194033869250205,25.0,22.0,17.0,214.0,196.0,7.215482189945498,69.84768021207373,72.05614298611115,7436.699088554671,19.0,55.0,0.8600021300474039,1
3.7431336811264573,32.0,32.0,12.0,181.0,191.0,8.0,63.256853965273024,71.99803660615848,13751.341294626327,16.0,56.0,0.9040103777087556,1
0.059892916426547364,3.0,2.0,0.0,54.0,4.0,5.328628621136861,14.261394619152618,24.615310745423752,2145.5832907120907,0.0,3.0,0.05658327544009639,0
0.6326734306321075,1.0,1.0,0.0,50.0,4.0,5.441249634251797,21.490872933885,35.39770350822848,785.3937826696723,0.0,2.0,0.00845379465856894,0
0.2721025920863421,3.0,1.0,1.0,40.0,3.0,3.2477018658377768,2.6083980538893634,26.565345386620063,1522.737149124839,0.0,7.0,0.050614412739783066,0
0.02976150349672624,3.0,0.0,0.0,44.0,4.0,3.767016656740627,20.89943873248842,31.98301429830395,2068.8082825872875,0.0,8.0,0.03724395049795198,0
0.05254946248628821,3.0,1.0,2.0,53.0,5.0,4.773294193680029,32.253763246753635,62.69205502742966,3325.6608185081423,0.0,9.0,0.06105667069969882,0
9.985836985699223,35.0,25.0,22.0,201.0,192.0,7.091175163457528,80.07007465498748,62.69363306363579,33605.89375789947,11.0,49.0,0.8634188117096321,1
0.26440421334218717,2.0,1.0,0.0,39.0,5.0,4.623583595609178,27.201674382073683,8.42382014115993,310.84031183967613,0.0,3.0,0.04174010321779455,0
0.10577146188166527,2.0,2.0,0.0,51.0,3.0,5.613527095042447,14.779593516131872,26.550333127646194,6585.919307289098,1.0,4.0,0.04092439858330992,0
11.64783057107769,29.0,31.0,20.0,190.0,181.0,7.577613220426332,53.049802281545574,72.9856785273305,124194.64264508804,20.0,61.0,0.8710376682885933,1
24.147231416661743,38.0,17.0,17.0,214.0,177.0,6.352111388603299,78.59843600493832,52.5530359701753,159.69673370810202,14.0,59.0,0.777446465025329,1
0.38757647024666114,0.0,0.0,1.0,43.0,1.0,3.2162255437430094,9.3305064588255,14.79381404346027,322.17951130144206,0.0,2.0,0.14384936161159942,0
0.3575033849064711,3.0,1.0,0.0,51.0,7.0,4.689418865518134,12.637512841937607,48.57987213141153,1821.3136556053566,0.0,3.0,0.06706769740074724,0
3.0780162576238754,33.0,25.0,19.0,226.0,166.0,7.554154100537566,89.9210561362869,70.22102068617043,209820.9307356735,19.0,49.0,0.8241206450012354,1
0.003668683307690792,5.0,2.0,1.0,48.0,4.0,5.393496763223529,42.388328948848105,39.25600054715456,1104.159543886173,0.0,8.0,0.018369502435864344,0
1.4920868483951044,23.0,32.0,31.0,179.0,169.0,7.3747340008719915,79.00936710541329,89.41618550143058,112481.28502359953,24.0,47.0,0.6655331374390245,1
0.16910315720567773,2.0,1.0,1.0,42.0,3.0,6.485779549373067,5.569921721713156,64.69969798060794,933.5788418913505,0.0,2.0,0.038439319386779865,0
0.6128494839707878,36.0,17.0,18.0,206.0,187.0,7.459281473476086,76.3445462673164,79.9632982626128,26407.915189204763,13.0,48.0,0.9018814268246947,1
0.3008417950723057,2.0,0.0,0.0,53.0,8.0,6.265269669394947,14.686251933690507,48.29713342515126,4250.476660315801,0.0,4.0,0.02995554415324888,0
0.06713990246749084,2.0,1.0,0.0,48.0,3.0,4.481476459697697,20.15333520450951,52.26314858113055,249.42518233457253,0.0,8.0,0.06896859188524723,0
19.675117064362354,18.0,25.0,24.0,227.0,188.0,8.0,100.0,69.25755190254274,15511.916354530638,15.0,41.0,0.9349466584847393,1
0.07149422825404672,2.0,1.0,4.0,46.0,2.0,5.138974391777621,25.729091416932594,41.330498206102966,2295.7644858321323,0.0,7.0,0.0633647205495113,0
5.48979001298025,23.0,26.0,18.0,199.0,184.0,7.568241064644747,69.41892226113086,63.421605033053325,39002.95424027973,12.0,51.0,0.6516726725092239,1
0.47768176167949183,4.0,2.0,0.0,39.0,3.0,3.710911324488113,17.881643936581284,46.29370199683909,5287.849608712515,0.0,6.0,0.013273935579172056,0
0.23923882996743684,0.0,1.0,2.0,52.0,2.0,7.292059874784323,22.968084476355397,24.45753831970844,4438.749701592628,0.0,2.0,0.061299740814756615,0
0.03743374925220241,3.0,0.0,1.0,45.0,3.0,3.3485253214984136,20.314162128321918,38.028639405715225,2454.0655593830525,0.0,7.0,0.08646590621458525,0
3.8646363663410144,36.0,29.0,13.0,194.0,182.0,6.381966453836694,51.92879549553929,63.211028349651556,150506.26795380082,14.0,43.0,0.8136472716098561,1
3.9854385036529187,38.0,28.0,30.0,204.0,170.0,7.293789852070356,79.72837875914766,68.92324310795718,24810.565066615934,20.0,55.0,0.7778655214143074,1
1.419411792181633,31.0,29.0,15.0,223.0,178.0,7.259477204961576,68.76980466493163,58.96051321155957,8068.081511747421,19.0,39.0,0.5122742100331195,1
0.0369450313813349,0.0,1.0,0.0,54.0,6.0,5.033265754979249,29.12147027016459,10.459725089600209,75.28885906210911,0.0,4.0,0.07508399801499646,0
0.299749724726719,1.0,0.0,1.0,46.0,2.0,3.072641562888049,23.84797113503655,39.98848034254464,1085.4617010502518,0.0,11.0,0.06626197109682362,0
0.611827179368059,4.0,1.0,1.0,47.0,5.0,3.4875530020135512,6.214184496867308,50.65872627565377,1975.4970257119442,0.0,1.0,0.025812306821323978,0
0.5927840217599086,2.0,0.0,0.0,51.0,11.0,6.251973390464926,49.25280375148493,45.251186032331866,1064.3301334957005,0.0,3.0,0.02164470089076213,0
17.23806951380557,36.0,22.0,21.0,189.0,179.0,8.0,60.6268922481551,79.76437719483546,42641.85600185982,9.0,53.0,0.7504576475701279,1
0.8277083039997644,27.0,20.0,12.0,200.0,149.0,6.997884074316047,41.440981786281064,59.93434736123572,21526.04406515053,16.0,57.0,0.6160607318080932,1
1.0383932486181784,33.0,22.0,23.0,200.0,192.0,6.967193342379655,88.60973744769592,78.58027576996216,16503.5684668618,13.0,51.0,0.8777632477669906,1
2.9039073950135017,28.0,25.0,12.0,218.0,165.0,7.005998654037073,91.92794000467583,76.26231976745423,17997.94300412491,10.0,42.0,0.8985529322538022,1
0.12357257395872973,3.0,1.0,1.0,62.0,4.0,4.3575896398406355,23.649673802584513,24.682653393292647,3823.23965490274,0.0,2.0,0.002289865050046124,0
0.522344373883343,2.0,1.0,0.0,50.0,7.0,3.6330203681534536,10.609941132607698,11.880556200693292,70.49350119766513,0.0,10.0,0.009987432529092607,0
0.22376836409162607,1.0,2.0,1.0,52.0,3.0,6.328662128029405,22.026453170983046,15.331973010322951,207.67451662994725,1.0,5.0,0.00546393359271418,0
0.3011091995803609,1.0,2.0,0.0,50.0,2.0,4.6981885942843995,26.423631813711726,14.67529245964447,3550.303337609175,0.0,7.0,0.014304517842828856,0
0.15233342845640344,3.0,0.0,1.0,45.0,3.0,1.2729280157332479,19.782750039557634,53.43000121134069,169.40819216545674,0.0,3.0,0.028440205871518385,0
0.2827394282863537,1.0,1.0,0.0,35.0,5.0,4.523146549969224,25.761442774610128,37.42956696996237,5280.085004188075,0.0,9.0,0.03649446712006169,0
0.35493967141097216,1.0,0.0,0.0,44.0,2.0,6.094472614737505,26.235897041922357,34.86219916872923,87.55814452507543,0.0,17.0,0.02544168176436465,0
0.3462988750946447,2.0,1.0,1.0,53.0,7.0,5.50623955675838,12.574134027769327,58.5365506699093,2106.9226402628865,0.0,1.0,0.038442577758784055,0
13.231468010269001,35.0,16.0,16.0,220.0,190.0,6.929965635861074,77.06720233265844,67.46132103578427,8621.201598743699,17.0,46.0,0.9772199613293832,1
0.2986535804240614,36.0,21.0,20.0,208.0,182.0,7.348969820994706,88.1686164677703,66.51449292060873,105820.39425089247,18.0,45.0,0.9538318181167368,1
0.9412898357880972,3.0,0.0,0.0,60.0,5.0,3.395394394983904,23.79717426853014,37.482838776670526,3236.6595681199833,0.0,4.0,0.013156706313844517,0
0.2851470068465465,28.0,45.0,17.0,216.0,169.0,6.549600496756344,100.0,72.0234052344632,13794.801278401119,13.0,53.0,0.6488638715049153,1
0.5956601074481558,26.0,19.0,20.0,184.0,184.0,6.928436005042614,100.0,75.40033423963969,329490.8046151844,13.0,53.0,0.6236128214734655,1
0.3033266387339563,3.0,2.0,0.0,73.0,2.0,5.531156180161937,18.086502516436948,39.38961492891446,10945.276109815868,1.0,6.0,0.0022321010346153863,0
0.3207772153551308,1.0,1.0,1.0,45.0,5.0,2.7079417252171205,32.015626201533316,33.90845180731095,2348.9929733479903,0.0,4.0,0.026628165750795213,0
0.33086303352137847,2.0,1.0,0.0,57.0,7.0,4.42973096582333,20.22378134064317,25.278142682147713,1153.479572072254,0.0,5.0,0.09190811830826924,0
0.4012526854996697,1.0,1.0,0.0,49.0,4.0,4.57092503070282,24.93339286310903,29.958815549798448,127.30531017697876,0.0,5.0,0.00560709088503842,0
10.830540870740684,34.0,20.0,21.0,192.0,168.0,7.018234660101681,42.219409757894454,80.3939297168514,21245.538249286165,12.0,40.0,0.7272236178860034,1
9.009287288821467,23.0,29.0,16.0,199.0,170.0,7.453251639748203,87.33867943366549,93.81517671246995,50202.85136196112,12.0,52.0,0.6658855281155429,1
0.5186025526229813,2.0,0.0,1.0,53.0,6.0,2.998902829962965,30.453672883098616,31.426181390692467,658.0500903722075,0.0,6.0,0.008069199318100536,0
0.14297157842976038,25.0,20.0,20.0,191.0,181.0,7.26559718394363,63.580850456454804,71.70699384143789,42903.040671604365,16.0,54.0,0.916257343705865,1
4.392570559608861,27.0,23.0,13.0,193.0,162.0,7.1600193578758455,86.5124818744875,76.46746215032955,117621.67443332869,15.0,50.0,0.8443778489060626,1
5.331870664079602,30.0,27.0,15.0,215.0,196.0,7.216868453889296,81.74196422229234,69.84251422743746,102758.37450366442,12.0,58.0,0.7802618724524568,1
0.2651769173614121,2.0,2.0,0.0,57.0,5.0,3.4191424374439086,10.46845179776103,3.7984482579024963,714.1407600756675,0.0,3.0,0.03523871037851696,0
0.2152891753648465,4.0,1.0,0.0,50.0,4.0,3.462400304442103,33.487182033101405,31.739755452006506,439.66407201721995,0.0,7.0,0.03329045625059662,0
4.712120525981075,25.0,31.0,12.0,197.0,173.0,7.707167973334627,57.11590137780545,79.33250385570884,76502.65986417436,11.0,49.0,0.7558115656643694,1
0.3458252289295985,1.0,3.0,1.0,54.0,7.0,4.694461215883764,17.944045689546627,41.65130076030398,7.813328398083484,0.0,3.0,0.014706211220601905,0
14.247122379103335,37.0,23.0,21.0,195.0,198.0,6.6831314907728965,81.7546730394859,86.9368757772595,2205.0407681096503,22.0,49.0,0.9234978263132682,1
0.15922734405161332,0.0,2.0,0.0,50.0,7.0,2.9320801854768206,9.229198031500072,47.938315857909,885.2836192609216,0.0,5.0,0.08867261414192153,0
0.03821171808465057,3.0,1.0,0.0,43.0,4.0,3.66545987129607,20.1010455105593,41.221704332572976,3708.2141203836727,0.0,7.0,0.08676776318077169,0
2.9009375368039785,30.0,15.0,18.0,196.0,180.0,7.12116617315284,96.42056143629569,76.83349653461016,4187.407548302396,14.0,54.0,0.5661772367044543,1
0.441434676775157,1.0,2.0,0.0,36.0,7.0,5.336117153189476,11.153513798677372,31.183089870718497,1455.0089283534744,0.0,4.0,0.013774743701536273,0
5.226680352114006,24.0,30.0,29.0,166.0,175.0,6.709032205810363,89.83521881971014,71.28173402307999,2043.1769612638755,16.0,47.0,0.9203431066729095,1
12.509469675537435,23.0,30.0,25.0,193.0,155.0,7.040230852418408,82.25704830935882,60.08548288235117,64871.111248000205,23.0,50.0,0.8565787464950632,1
0.33032004574828877,29.0,28.0,20.0,192.0,175.0,7.018168172061404,82.53597580498788,64.79595655834538,57227.72122501946,14.0,58.0,0.7719705980766539,1
1.1680048375426744,27.0,19.0,19.0,200.0,175.0,7.652292018313419,85.64742633579253,65.79912330105829,2064.5513285911384,18.0,50.0,0.8825656385585972,1
1.037223458926066,2.0,0.0,3.0,57.0,4.0,4.335942791790495,34.37892981027383,3.6716862100466443,1016.8307719972931,0.0,3.0,0.006164879242455608,0
0.41916611748781923,3.0,3.0,2.0,47.0,6.0,3.9076854618835157,9.22711323734871,14.526095285479418,1313.495186727774,0.0,2.0,0.2178895114188041,0
1.117230842830228,2.0,1.0,2.0,37.0,6.0,4.702446811628122,42.51317973751833,18.70033195389737,1535.8646594439433,0.0,7.0,0.1923102906999729,0
0.11809047267542533,1.0,1.0,0.0,57.0,7.0,4.45961336021964,20.03327419583195,42.27154742914255,421.6852081278661,0.0,7.0,0.05439088658802077,0
0.2851212058774118,0.0,0.0,0.0,64.0,7.0,6.139423941704617,9.68632198752113,18.237455895370456,1446.4476829772407,0.0,8.0,0.036052902297339096,0
0.1274401278639319,2.0,1.0,0.0,45.0,4.0,3.6198509733466073,8.979733182400388,30.149051526671634,112.21084875719724,0.0,4.0,0.07241676833686829,0
1.2851596726657615,2.0,3.0,0.0,51.0,5.0,5.481823772883391,32.90065035876678,39.54442875369038,2112.6560211961023,0.0,5.0,0.02689719372605926,0
5.74429518801436,28.0,26.0,16.0,211.0,178.0,7.238534548045469,54.41073996339328,81.82704730250342,5551.60686053681,13.0,57.0,0.7977595340233287,1
0.4220004662469166,0.0,2.0,1.0,60.0,2.0,3.290515514510352,3.577098043582172,24.07663003614351,2348.1736596210603,0.0,4.0,0.030691088912661077,0
1.05018313632732,1.0,3.0,0.0,54.0,5.0,4.5316192453042685,18.829211895897235,33.56218566701442,327.93260400472366,0.0,5.0,0.14605806555223444,0
0.7853307498671156,3.0,3.0,1.0,41.0,7.0,5.418092919217725,28.110194658253494,32.84043771447151,3687.045813136112,0.0,9.0,0.2982151686800673,0
5.031432290671902,35.0,34.0,12.0,177.0,166.0,7.4169575984135765,79.12211136339046,63.08825736765168,39331.16225401632,17.0,53.0,0.9606233152899707,1
1.8971273669149589,28.0,36.0,27.0,210.0,180.0,6.894502545754742,82.171527176657,75.66392854455376,28127.59113367728,15.0,47.0,0.7700323785108543,1
4.187818387528058,28.0,25.0,15.0,215.0,197.0,7.140926378988247,53.01451731305779,52.74416244935287,69245.64134388171,19.0,51.0,0.835154224413357,1
0.37037729983190565,2.0,0.0,0.0,56.0,6.0,4.48185626964609,27.61558732117613,65.00597727211445,378.93433671434553,0.0,6.0,0.004652972738789382,0
0.3422987462211721,4.0,1.0,4.0,56.0,7.0,6.169951282978696,15.251220961721863,53.12871363564517,1091.0250796733612,0.0,10.0,0.01115643890937176,0
9.574113918571708,37.0,20.0,19.0,168.0,198.0,8.0,95.30141967571416,70.64652107237384,38058.549501410096,18.0,55.0,0.8853514115810578,1
10.161656443060634,27.0,38.0,24.0,181.0,181.0,7.192334177830754,86.98725393102374,85.78643880755253,103284.55576861712,16.0,42.0,0.881861828426442,1
22.335564752995236,44.0,35.0,21.0,175.0,195.0,7.500726137301462,75.0110502147265,59.550755707130776,15053.797221338944,18.0,59.0,0.9113060923955014,1
0.01204152492281467,6.0,0.0,0.0,56.0,6.0,3.7112740489019758,21.58622033712086,19.709100216145835,584.2329079747916,2.0,6.0,0.021862242315668867,0
2.183355247715758,29.0,18.0,20.0,205.0,189.0,7.266863358747547,66.66704698065683,93.07783887431629,108111.45821334791,14.0,53.0,0.7846105098801416,1
3.5589838292676124,33.0,23.0,12.0,175.0,186.0,6.765130976330443,100.0,72.33286706257466,165910.09309273932,16.0,55.0,0.6528494444259738,1
0.02531439876022484,2.0,3.0,0.0,50.0,6.0,3.997203207661113,23.57285580059022,44.94418957486087,1631.5601971624296,0.0,4.0,0.011121341851293026,0
1.0409506993475253,4.0,1.0,1.0,61.0,3.0,2.4691418548252098,28.090311901536907,49.356586307838015,3319.6421928812197,0.0,6.0,0.012310305564832544,0
0.251321661770444,2.0,2.0,0.0,47.0,8.0,3.4895756135763776,10.919201115806809,9.542288330718726,2759.329962007332,0.0,6.0,0.05202690323559973,0
7.4781082312383,24.0,27.0,21.0,197.0,167.0,7.221985672017284,55.06812212163754,62.98851872121202,24149.00116313867,22.0,60.0,0.9365057803447715,1
5.232198397981026,31.0,25.0,28.0,193.0,181.0,7.122012246335062,70.77381292229614,68.84728217851138,25794.61093316623,18.0,48.0,0.7989860914439806,1
0.7374628682313904,3.0,1.0,1.0,52.0,5.0,3.1696047669120357,28.40349948351823,61.696145316271355,2387.4941666957084,1.0,7.0,0.09074152475842033,0
0.5390981874670767,38.0,27.0,20.0,213.0,179.0,6.537503115959247,75.5895436783144,78.13206113407465,8814.20278974826,18.0,47.0,0.9399980323377725,1
5.67313014461542,27.0,20.0,19.0,204.0,194.0,7.0305731330367385,50.697051520882766,57.972135650607825,55686.596793853925,13.0,63.0,0.9426997968587305,1
24.673816365434863,29.0,30.0,16.0,189.0,188.0,7.949233214835298,89.5135882711726,68.75098917220882,82187.02456408789,17.0,57.0,0.8451369525797537,1
0.037294384757333925,3.0,1.0,1.0,55.0,7.0,4.6902021003247905,23.842372144756418,24.821686302505704,3368.8094235831563,0.0,6.0,0.14779902186154484,0
37.000845023152834,34.0,27.0,21.0,214.0,178.0,7.931937859710675,41.679676932250544,68.48570805681356,198423.87036567973,12.0,36.0,0.6004542574419557,1
0.06516446859757155,2.0,2.0,1.0,55.0,7.0,3.41527376270845,19.84567280315024,54.5395153331864,973.0679413982449,0.0,3.0,0.07984250602836646,0
0.32826409170479065,3.0,0.0,1.0,53.0,6.0,4.341029623875698,30.297834219780846,41.656404719323206,7107.244171746021,0.0,4.0,0.001661399452327907,0
3.903926500436723,30.0,20.0,15.0,188.0,149.0,7.601204431045763,93.95953061848657,72.54112167614173,7607.681684777573,12.0,41.0,0.6755905588955,1
16.240562451586804,21.0,25.0,16.0,183.0,167.0,6.2013441922216765,91.32523503840919,76.1736490464238,72977.77833380476,13.0,50.0,0.944548744962157,1
0.0518082526383837,1.0,0.0,0.0,48.0,3.0,4.647286284026003,14.953077846566162,40.99810381293888,1055.7322751391023,0.0,4.0,0.00934550648793446,0
0.457297017308868,25.0,31.0,27.0,212.0,180.0,6.832766314531278,75.23458716103613,57.15534289198517,37908.0136055009,13.0,51.0,0.8805115872858008,1
27.97946142304369,24.0,22.0,18.0,225.0,176.0,7.506827193368652,100.0,69.55490477060522,77278.65549087529,13.0,54.0,0.8022147202336827,1
6.518273882129334,31.0,18.0,12.0,213.0,161.0,7.664103443154546,96.81903447326987,83.48581294272694,5647.030197998147,16.0,57.0,0.7265867922915764,1
1.7554586284970937,2.0,2.0,0.0,57.0,8.0,3.691619853268243,22.865600696269514,42.77003263727265,1554.962548173382,0.0,1.0,0.012509814165980671,0
0.40134533279209966,3.0,0.0,1.0,49.0,7.0,4.604268957143066,50.06580180746723,25.694163074268296,1224.7768485569068,0.0,5.0,0.019364600050390778,0
8.931105600085365,28.0,21.0,27.0,220.0,172.0,6.811879214800975,71.64076816482567,59.93941037799138,318.6219064522101,7.0,54.0,0.7003789130568662,1
0.4386591331017675,2.0,0.0,1.0,52.0,2.0,4.157876830354036,12.569693739882382,6.455632503894719,536.609298655703,0.0,5.0,0.09205082527922587,0
1.3891500115472148,29.0,26.0,16.0,207.0,159.0,7.362475964674468,61.12164353577914,90.08992688280692,46032.344890671615,15.0,47.0,0.9322235323139532,1
0.21245859159287908,3.0,0.0,1.0,51.0,4.0,4.298491102631513,23.805715138762924,19.9350570587084,1219.4205821946107,0.0,6.0,0.00996382011853559,0
5.114113099549934,33.0,22.0,25.0,213.0,188.0,6.8502335793208715,100.0,78.6003135726043,153716.15406351318,21.0,40.0,0.8545104476070369,1
0.07734752925991464,3.0,1.0,0.0,53.0,4.0,5.181180133352952,31.899429291472817,23.972462851057607,1145.1712341808834,0.0,5.0,0.023812087567483518,0
12.683035584674535,35.0,31.0,22.0,201.0,167.0,7.018452698291572,62.78513709189314,71.77617736045109,13551.825640935152,16.0,42.0,0.940071479309062,1
9.210581111542242,30.0,22.0,18.0,178.0,196.0,7.601918686500652,65.46056342184475,58.661038791536626,53881.829531801195,12.0,49.0,0.6587334564587115,1
13.186090037012342,35.0,28.0,21.0,203.0,189.0,6.725887997245976,60.56545031171574,71.88433956323128,59269.24573405673,14.0,61.0,0.9173245924535075,1
9.684087142129599,36.0,19.0,14.0,226.0,191.0,7.065518292961214,85.96091360324792,63.88077232639085,59808.58582915527,13.0,52.0,0.9509903032581862,1
3.4918161510795227,24.0,21.0,21.0,204.0,178.0,8.0,66.56749805244766,81.79138195412041,24123.21304323854,16.0,46.0,0.9710919019740124,1
5.338247076605229,31.0,24.0,17.0,197.0,185.0,7.366992730919448,70.35069464123771,86.5612208769485,13572.76725288039,12.0,50.0,0.8320979374425518,1
0.48270552818887247,3.0,0.0,0.0,38.0,5.0,4.5426244044222726,28.70515159306968,32.608964486323,1062.7559766525624,0.0,9.0,0.03248290472480992,0
0.10737913802371403,3.0,1.0,2.0,57.0,4.0,5.037706650512417,25.266941014666916,55.04617287559827,186.33790206292124,0.0,3.0,0.13241471258441095,0
12.075920695577903,38.0,25.0,20.0,233.0,194.0,6.376477241799497,51.73081893676374,81.095964786337,15343.869417685646,11.0,60.0,0.7826288696010312,1
0.02082961524847625,1.0,0.0,0.0,55.0,6.0,2.5140385683098954,16.157547241626233,0.9959642681877625,2066.3453980400336,0.0,7.0,0.03842543101448906,0
3.2475057613147813,27.0,26.0,29.0,186.0,171.0,7.0453140063570965,74.79910624631792,79.02177105764648,6795.067640633902,21.0,48.0,0.6751836287522748,1
1.0059529168247074,1.0,4.0,0.0,48.0,6.0,4.016120799292637,25.000837085871893,59.71018706005894,379.7400376685807,0.0,1.0,0.016685165392306175,0
10.195442754473536,41.0,28.0,24.0,196.0,167.0,7.517246658112112,67.95833167568493,80.05039051731487,40692.312586361404,9.0,46.0,0.9278763820082878,1
8.354198567899823,38.0,27.0,23.0,194.0,177.0,6.6920892348793455,49.27720849506406,64.69599524460968,37455.77841815415,18.0,43.0,0.8802314333472416,1
0.6295825913702383,2.0,1.0,0.0,55.0,3.0,2.562595324305301,13.198699851102145,28.854964005153665,434.76010802211783,0.0,4.0,0.001987401034286256,0
0.3916988726363997,0.0,2.0,1.0,44.0,6.0,5.096620516381778,41.35153887995252,13.064472072938134,1186.3198102089427,0.0,2.0,0.0008175233565537345,0
4.959677028929078,27.0,19.0,26.0,228.0,193.0,6.557496260633089,77.28182575903416,71.2356302199761,36906.82790462456,14.0,47.0,0.7670988976887317,1
0.8010413773197979,2.0,3.0,1.0,55.0,4.0,4.765111500801246,15.463899274689407,38.17586908586391,22.439570885415552,0.0,4.0,0.020762160702677245,0
0.035471800824356525,32.0,26.0,25.0,214.0,206.0,7.667888577220389,82.43643053294876,72.1777029522318,10799.12149185393,13.0,37.0,0.8350561652086996,1
27.430446376083253,33.0,18.0,22.0,186.0,171.0,7.391713490291072,81.8102142552629,68.15755149240465,85336.5652977054,21.0,57.0,0.7056024974515348,1
27.647569978025988,27.0,23.0,16.0,217.0,169.0,7.494876359268089,100.0,68.76640000897582,67482.2220126738,21.0,52.0,0.735900696749606,1
16.69603784495946,22.0,29.0,27.0,200.0,204.0,6.798076967120373,68.68374728066235,65.21963608708357,14565.824026943847,14.0,50.0,0.6118639077728453,1
0.5864517471498747,1.0,2.0,0.0,49.0,3.0,4.635718404692954,28.205486334003222,54.33037203735522,448.04172751644217,0.0,5.0,0.008769973253574252,0
0.042319688910798126,3.0,2.0,0.0,60.0,3.0,2.690492774245607,10.428048779443198,28.913721848470242,5716.495283813149,0.0,4.0,0.013896119737413018,0
7.18494197212784,30.0,29.0,18.0,185.0,190.0,8.0,65.98296872493495,66.90157517654553,85158.79661367717,14.0,46.0,0.9643851075859123,1
0.01078496319346626,3.0,2.0,0.0,47.0,1.0,3.7823418444373766,5.062820004627735,43.195263921820526,1741.6364118652823,0.0,2.0,0.04336204965992665,0
0.1927143424939781,3.0,2.0,0.0,47.0,8.0,3.718992393923979,26.514911493209908,38.9273440175632,1638.095880128355,0.0,3.0,0.015118486858532754,0
12.227685616353238,36.0,27.0,19.0,212.0,183.0,7.873867077588555,100.0,49.37320291090769,50881.210108515974,16.0,41.0,0.8282621158317763,1
0.05499034054052308,1.0,2.0,0.0,49.0,3.0,4.246052751524307,23.571587739411587,30.38277693982628,4132.106790329304,1.0,8.0,0.006484177715674932,0
0.038823026717130345,1.0,1.0,0.0,58.0,5.0,4.304498524067506,27.177750263365557,40.239706961805354,182.49975004078578,0.0,4.0,0.009615705119361983,0
0.3098469795283371,3.0,1.0,1.0,46.0,4.0,3.8722242988663798,16.857289044982245,13.496826666730705,350.18400404539705,0.0,6.0,0.014652263208831862,0
3.844345035557283,46.0,28.0,22.0,188.0,187.0,6.277226939534084,92.75256140558145,60.55154291647516,8204.26175944364,16.0,47.0,0.8001653051063612,1
13.652203997495311,38.0,27.0,22.0,188.0,202.0,6.518981288537765,50.705640239462554,65.93526825398168,16970.724895845633,15.0,45.0,0.9620854605538685,1
0.7309990225480668,33.0,24.0,14.0,213.0,195.0,7.015408158923585,67.51880591812049,71.37895374660435,12292.408034607353,10.0,63.0,0.9711875415246667,1
0.013314914783959837,3.0,0.0,0.0,45.0,5.0,4.407105486082819,14.179949041147976,55.77893904180757,2431.232467668375,0.0,2.0,0.031591372299697155,0
0.10898635799062749,2.0,2.0,0.0,56.0,4.0,5.206229230508833,12.924660831175833,56.375418675041466,681.7045658062756,0.0,3.0,0.007505956522569232,0
5.930523583514886,32.0,30.0,22.0,187.0,182.0,6.817926889113035,70.98381880254733,86.82185530421964,66426.65869691983,15.0,52.0,0.7262594372852409,1
9.560695074055507,31.0,12.0,14.0,221.0,173.0,7.988406311170407,92.61720530078185,76.74745951061183,36610.52798416562,9.0,60.0,0.7951875789173654,1
1.2719422581996274,29.0,22.0,22.0,196.0,217.0,8.0,65.81813761131409,47.824361075742594,43585.67982245423,12.0,41.0,0.7722354133696565,1
14.481439038815369,26.0,26.0,14.0,205.0,170.0,7.196463448531758,82.28987241113528,62.937795020414576,92143.02314251674,24.0,49.0,0.7409081524072122,1
15.316573669060002,29.0,25.0,23.0,198.0,201.0,7.154534917118686,70.56462776093308,86.44835729308491,93223.45572827733,20.0,51.0,0.7179053515205615,1
0.015838583429932405,2.0,1.0,1.0,50.0,5.0,4.984504704403232,34.34202923752995,36.796735351443886,639.8846878214918,0.0,2.0,0.0019105119650865508,0
0.05518197447694737,4.0,3.0,1.0,59.0,4.0,5.073256371578715,12.023929538495793,24.915286012801253,5226.689663468046,0.0,2.0,0.09527152289818233,0
0.5944280353424887,4.0,0.0,0.0,48.0,6.0,3.6817883030396463,6.3205888679491125,10.271601746585755,2633.122727172327,0.0,5.0,0.024814966883786913,0
7.3938250250504725,32.0,22.0,18.0,211.0,188.0,7.792465814704756,66.7639020912488,66.94147349225217,3545.448158947336,19.0,58.0,0.7396560011385311,1
18.688866802352514,35.0,22.0,20.0,199.0,198.0,8.0,73.25221525670513,64.87056019443537,14281.412800583026,21.0,42.0,0.6592766303285683,1
17.90555178393325,22.0,21.0,19.0,234.0,172.0,6.636619588562425,67.3659937790962,56.97241864561443,52479.531347232696,20.0,47.0,0.9690442333935894,1
6.399979973730648,34.0,23.0,17.0,231.0,198.0,7.079562734362791,70.53750498289719,65.02086965481246,14522.259432328541,19.0,47.0,0.6219554563559825,1
0.48293784567052445,2.0,1.0,1.0,47.0,5.0,6.365399201692716,14.652320898251997,17.669485922112795,5293.251679847694,0.0,6.0,0.010263625432078172,0
1.211592649804776,3.0,0.0,0.0,55.0,6.0,3.7371619349745053,26.231784864309535,50.25583505876949,5731.620020900629,0.0,5.0,0.11171135948972628,0
5.885477618651601,31.0,25.0,22.0,203.0,199.0,6.520958044875053,63.12795917378707,81.38491805392486,668.9804606683166,9.0,44.0,0.595771433621558,1
8.65413259026689,34.0,26.0,19.0,210.0,174.0,7.363354121692747,87.55761577953822,76.91870203945079,35932.17226572173,13.0,48.0,0.8417244127973299,1
0.06755393192010688,1.0,3.0,0.0,43.0,2.0,3.147418804456997,13.974833968882036,40.30402599059224,358.5916226316423,0.0,4.0,0.021154699339657208,0
0.9023848620311968,2.0,0.0,1.0,53.0,5.0,6.020999649139376,16.119961773718853,45.45942392784275,1318.1908715770041,0.0,2.0,0.068769053573565,0
5.760210548398782,26.0,21.0,20.0,182.0,174.0,6.526528480712571,91.59286463408192,59.20270661234617,38070.25953089777,13.0,54.0,0.6531739805034189,1
0.3127898779223255,2.0,0.0,0.0,40.0,3.0,3.0812080047113835,23.46573067792319,17.9460150354208,635.5395377069883,0.0,5.0,0.010610458576563205,0
0.3700665207280827,2.0,2.0,0.0,47.0,4.0,4.648052137585399,16.90337227446654,49.904550618142125,49.259311329810025,0.0,5.0,0.17240038466440416,0
0.7571776428459125,3.0,2.0,0.0,54.0,4.0,3.4475125448830495,12.754783188454478,8.371673941855725,2451.9117636444767,0.0,13.0,0.00045628175800404116,0
1.893755615058008,33.0,24.0,17.0,203.0,177.0,7.012064600492295,46.73775853410473,41.1891403940636,33600.31148945418,8.0,47.0,0.8894872150926464,1
0.01890684826804902,1.0,2.0,0.0,47.0,4.0,4.953565079017127,15.609229384703031,34.10537895407207,5160.312438768586,0.0,3.0,0.01504290544855341,0
0.3010482571561593,1.0,0.0,1.0,40.0,9.0,5.529103052433046,13.793911578679825,15.061739710836697,318.47448841737497,0.0,1.0,0.03582550739912068,0
0.11954590036511692,1.0,0.0,1.0,55.0,8.0,4.41117935057413,27.223061954104107,48.22522188504467,4007.3516645443137,0.0,2.0,0.18407608147596816,0
5.058924339161105,33.0,21.0,23.0,184.0,188.0,7.529783944464386,70.7404008808243,70.84325283423337,56459.16517242983,12.0,51.0,0.8294584839166016,1
0.3513596275404774,2.0,1.0,0.0,65.0,8.0,3.816268803953291,8.962743661089414,4.4204518389943495,2565.344642241204,0.0,6.0,0.1396836089918159,0
0.4265687939959391,29.0,20.0,15.0,181.0,178.0,6.653048406659899,56.809621666565995,62.957272206427014,40729.11476212189,23.0,47.0,0.8201617067268874,1
2.297303782915511,32.0,22.0,19.0,201.0,194.0,6.562932767398806,76.55628001616545,59.884374071553594,30774.29995465009,14.0,34.0,0.7619501277020605,1
11.092602498841972,41.0,22.0,22.0,207.0,166.0,7.828458106214555,82.98164276408515,42.49664853892821,68931.74827802875,17.0,56.0,0.7531670086612379,1
0.19171984001289294,1.0,1.0,1.0,50.0,5.0,4.224354413073955,22.920379770000775,24.775987237018,1017.1931081149137,0.0,8.0,0.0843529266258345,0
20.198752840721337,37.0,26.0,16.0,215.0,183.0,7.325452892568621,78.42052022152676,66.59710482630386,70078.24361560422,11.0,58.0,0.8203536951228657,1
2.6595455747095778,27.0,34.0,24.0,187.0,139.0,6.8845716324689805,52.94775417711585,52.547757292851585,138552.1727772407,15.0,47.0,0.8435773193290148,1
18.60051182120553,38.0,28.0,14.0,189.0,183.0,8.0,100.0,67.92163621969726,8362.830163317469,10.0,39.0,0.8433650735264813,1
0.12234789466539281,3.0,1.0,0.0,46.0,6.0,6.464282122370966,15.064351955587151,43.26069774681439,592.9438998023586,1.0,6.0,0.04269708061211011,0
25.450123935694187,21.0,25.0,18.0,191.0,158.0,6.973859728124761,72.3207136159987,77.63496753429615,97052.58244042791,16.0,49.0,0.8567520248460898,1
12.64230372334454,31.0,22.0,19.0,216.0,159.0,6.949187456103703,79.32644005914952,81.41603383307469,39009.67215432626,15.0,55.0,0.7163814217702353,1
0.423376997562737,1.0,2.0,0.0,41.0,5.0,4.015749779561739,36.245849793808546,25.92760171205631,1378.7765895534517,0.0,4.0,0.033168133880285305,0
1.0510672425474936,1.0,0.0,0.0,56.0,6.0,5.230804829938171,15.996138900198105,27.60620057915762,903.1766054100866,0.0,2.0,0.07682121252626983,0
16.317785596011586,30.0,30.0,20.0,218.0,183.0,7.640465940965825,74.90680255905922,54.62068825940372,21188.420908066517,11.0,53.0,0.9101322411611631,1
0.2590242079828304,4.0,3.0,0.0,40.0,10.0,4.99070538016012,13.230856398485297,29.219709888748366,130.00729464251265,0.0,7.0,0.07313148763870993,0
0.08184873601787829,0.0,0.0,1.0,63.0,6.0,3.3056131146322,17.807036734795556,37.65792105218927,3417.16392678255,0.0,6.0,0.05694006151595975,0
0.26180451872848914,3.0,0.0,0.0,48.0,4.0,4.647374369279868,23.354386730587684,57.928395407629225,3760.5298361573577,0.0,7.0,0.024565104602351572,0
1.0510891170687628,3.0,2.0,1.0,53.0,4.0,5.554594064287819,15.110755900203891,29.089628866373367,1173.4837219531375,0.0,6.0,0.017104023268981892,0
8.739136732803894,31.0,28.0,10.0,207.0,205.0,6.766580566159288,84.03369562454967,60.357665926455766,154052.4601369081,21.0,39.0,0.5790244223198454,1
2.894121508629601,32.0,12.0,27.0,221.0,186.0,8.0,60.32279380646047,56.88762984919666,1109.0999405499454,16.0,42.0,0.7932762422645373,1
8.86564478967934,30.0,23.0,19.0,212.0,183.0,6.771408911447247,43.2647489551136,63.06426962224172,6606.278949646534,21.0,55.0,0.6789179194005106,1
0.03905795051195039,36.0,21.0,23.0,222.0,177.0,7.74214236379281,69.14504704585256,56.591578148575486,72227.97740205457,13.0,55.0,0.6591160828709138,1
0.2933376207196122,4.0,0.0,1.0,51.0,4.0,2.5525888883447867,35.49554397030649,57.07191323368552,702.2821816785956,0.0,10.0,0.08848504364086716,0
4.1405539893594385,38.0,17.0,20.0,203.0,180.0,6.57196282149941,100.0,71.93960819073246,12597.351498647016,11.0,55.0,0.9792123277719031,1
2.3680124138135454,35.0,30.0,19.0,194.0,170.0,7.649101834165527,56.23107411770367,61.463888536711565,189308.21438202032,17.0,52.0,0.8965716507204026,1
8.766993384209075,27.0,14.0,19.0,172.0,181.0,6.861444758419834,60.549783787787035,81.33575583015964,84014.90656815532,15.0,53.0,0.742536460870786,1
0.2002800421644748,0.0,1.0,0.0,61.0,3.0,4.361629659798426,17.334309886286544,38.258507055057414,145.25523766076813,0.0,2.0,0.01648436601658315,0
0.4158408765647997,2.0,1.0,0.0,58.0,4.0,4.2378534602794184,25.20813612245872,49.2525730790269,3290.0052955098445,0.0,2.0,0.00046566257418012515,0
3.034328827862927,26.0,26.0,21.0,176.0,151.0,7.594149563605749,48.51318544823252,66.04672398590995,71619.58542360888,17.0,55.0,0.6258087519864884,1
0.06881802309869423,2.0,0.0,1.0,51.0,5.0,3.9440228737836094,24.12799877494723,67.20939205981952,1295.8873193530226,0.0,3.0,0.007732981233345482,0
0.2628731118019929,0.0,0.0,0.0,45.0,5.0,3.4338625978691564,30.778164403875685,40.82028834820036,2927.4243593607816,0.0,4.0,0.007719884655888153,0
38.85629519745786,21.0,31.0,17.0,185.0,175.0,7.600097510821287,76.36231740582849,57.256896380486864,25927.928232435443,21.0,51.0,0.8016539969618082,1
0.18567778045178387,2.0,2.0,1.0,47.0,2.0,4.160031495140895,17.17848014964705,44.51587968665139,2196.723116209687,0.0,7.0,0.003003219172985485,0
0.012474435575187728,1.0,1.0,2.0,46.0,7.0,6.009551674305391,17.353211693016657,32.23481893811794,6768.09802052305,0.0,5.0,0.01753033236275053,0
2.8226008418238475,20.0,23.0,23.0,192.0,198.0,6.9319307135097485,61.25617839979762,86.78175675803067,67430.06626059812,11.0,48.0,0.7742108280661214,1
11.722142481486056,35.0,27.0,21.0,225.0,181.0,7.762377980987834,73.08679503759147,67.9986103906404,211609.80588616067,9.0,53.0,0.39745630830137507,1
0.008016245059953409,4.0,1.0,1.0,60.0,7.0,6.042345182867849,25.285755070751296,37.19480605433867,2136.6073772941595,0.0,7.0,0.1228904408177528,0
1.3182191674549513,5.0,2.0,0.0,55.0,6.0,3.674367060747705,29.10742353647718,10.409963030818044,10687.15395051397,0.0,2.0,0.0234386283898209,0
0.7780750672425766,4.0,1.0,0.0,51.0,3.0,4.078467385975031,17.651797055424165,27.96227202190578,7017.483444038608,0.0,7.0,0.00947937367367326,0
0.7566394761456489,27.0,26.0,18.0,211.0,176.0,7.56259292103865,65.78243842910693,69.57575111768104,10126.139665556053,14.0,55.0,0.9364407676903974,1
2.5020689397261244,33.0,18.0,26.0,200.0,187.0,7.182376436195107,78.6443828316482,70.94179680791984,12092.395099455496,23.0,66.0,0.9555705372971145,1
0.8075990734432693,24.0,21.0,26.0,211.0,179.0,8.0,72.63788251680559,70.57507301337621,67378.80141353207,22.0,43.0,0.759340255029116,1
2.315427672851461,29.0,25.0,23.0,198.0,160.0,7.224352331964706,61.10063129712445,58.361806342942515,56530.92125588389,15.0,40.0,0.9916634050636034,1
0.7567236933689971,30.0,29.0,17.0,202.0,178.0,6.490422747298527,73.61282900824118,65.58745337355387,53828.29514065801,11.0,40.0,0.795790936388349,1
0.45598611397076494,35.0,23.0,26.0,208.0,184.0,7.548881319038916,65.02729044098919,66.9461276106521,84043.78691253303,18.0,37.0,0.8436358118213833,1
1.9645198374234472,45.0,24.0,17.0,196.0,184.0,7.3516623138655754,80.86689438297071,83.32742112124022,42646.27680920976,20.0,56.0,0.7651030580517202,1
26.188974589293256,34.0,29.0,19.0,183.0,185.0,7.200121087246578,93.19242763646886,68.07635740803981,7798.660027856315,18.0,41.0,0.754376195667544,1
0.6961086279121116,1.0,2.0,0.0,42.0,4.0,2.546675269144813,20.684196807881065,38.21423195066867,1593.3640259355896,0.0,7.0,0.04911553640881514,0
19.744608807549017,22.0,24.0,25.0,202.0,168.0,7.267169431237053,84.07070051361018,74.43964491714084,101607.75812138325,9.0,58.0,0.8266167188110004,1
0.6764750694177062,0.0,1.0,0.0,50.0,5.0,5.273872504912729,37.17990078162542,32.889579449267266,1428.510485088677,0.0,2.0,0.06385040277010012,0
5.474741611992793,37.0,19.0,24.0,198.0,174.0,6.82831490780703,67.45176624313535,70.49729210176947,206667.47160160705,14.0,59.0,0.9947290326601049,1
0.008060721800218329,3.0,1.0,2.0,53.0,3.0,3.520344197281086,10.877900981957819,47.45828557221391,1704.9493106489042,1.0,5.0,0.013165329344014704,0
7.188333102022358,29.0,22.0,15.0,220.0,202.0,6.744717829683678,80.98266194733932,76.24681229776223,14005.146549457322,21.0,49.0,0.6026469004654973,1
4.74304143345077,31.0,42.0,15.0,183.0,175.0,7.376482378996266,78.52686386760075,66.04850619934135,91300.47592639478,14.0,56.0,0.6317563943160949,1
0.23795150486367883,0.0,1.0,1.0,48.0,3.0,3.8115817237105336,19.525168353815474,26.969153255133165,3058.5472364368716,0.0,3.0,0.00997829778160643,0
0.08022350631466668,1.0,3.0,0.0,55.0,6.0,5.482650247112383,29.041679146146247,60.15927749281928,163.12591672711497,0.0,4.0,0.0021109274265044735,0
0.22029295812705452,0.0,1.0,1.0,59.0,4.0,4.757505011909487,22.5963616531836,27.296970419271336,2973.986353750924,0.0,5.0,0.014896276892660503,0
5.449986035137207,38.0,15.0,17.0,207.0,196.0,6.3802681192345485,80.49274641391722,66.73250930498784,10682.224209200407,10.0,49.0,0.6036741874135906,1
3.6853100263694345,18.0,26.0,22.0,197.0,190.0,6.802810649739778,69.07586680201507,64.04246034738395,2652.822183224637,18.0,49.0,0.9112732041139958,1
14.569197428678446,40.0,23.0,29.0,195.0,175.0,7.154154361147057,46.612799712109364,68.93840891120236,11602.941254524663,16.0,42.0,0.8532197718508124,1
5.142616201301812,36.0,25.0,16.0,209.0,191.0,7.678757533847431,68.51009955711032,59.48719558961337,43005.57045998303,11.0,42.0,0.7179152051491234,1
4.222285693039334,34.0,30.0,15.0,182.0,198.0,6.969011283437315,78.67026960525065,86.11916236090619,155319.3985672612,17.0,54.0,0.8000972774839864,1
0.09615051902006437,3.0,1.0,0.0,57.0,2.0,5.230804827825947,7.166394773302239,51.79420274200706,794.2017862902442,0.0,1.0,0.022094771275882413,0
3.233982432822446,29.0,20.0,20.0,214.0,171.0,6.731692468621544,56.48066533013766,70.95242449982905,58425.83808650286,19.0,61.0,0.8822978384322835,1
4.108361563368489,27.0,31.0,16.0,207.0,188.0,7.089943310311573,74.00796637490161,73.66079499336647,32492.742849018257,11.0,54.0,0.6287370884621893,1
0.014431399287593166,2.0,2.0,1.0,50.0,7.0,4.327122477280712,17.863597531737632,44.532434925105136,2274.2571533372425,0.0,7.0,0.011541621151138253,0
0.9325674189066899,1.0,1.0,1.0,48.0,5.0,4.7347693676926665,12.812335868084434,31.66850673188442,543.824392604049,0.0,7.0,0.19834224234580128,0
2.786359159184801,33.0,24.0,24.0,202.0,163.0,7.684248472997057,81.71486523564329,66.71359242116351,55197.43784011057,14.0,44.0,0.7611752093517143,1
0.08617185466203603,1.0,1.0,1.0,49.0,8.0,2.3154730624118978,22.96751801701933,40.50834687258412,2351.178211109755,0.0,5.0,0.0036025966554254466,0
4.130816772673092,29.0,22.0,13.0,195.0,198.0,7.681502495843089,70.54249630193245,45.92105002134651,183982.99498085145,19.0,48.0,0.9105431357865396,1
0.28074666686165817,1.0,1.0,1.0,48.0,4.0,3.7574047584103862,0.0,40.888843700112325,60.21903945959165,0.0,5.0,0.09895089793665883,0
6.986543204978298,31.0,27.0,21.0,218.0,175.0,7.707263991728677,94.07971786405001,75.78647931540532,142523.96833321374,11.0,44.0,0.7113614450256075,1
8.2505811892402,28.0,40.0,18.0,235.0,193.0,7.034647190893365,59.70804325166945,76.33889961816675,91219.06931342468,13.0,48.0,0.7714135412733611,1
17.91321699683407,25.0,21.0,10.0,197.0,168.0,7.634732002102949,74.18875722130326,67.9664709338119,8280.878131057309,14.0,49.0,0.8395691468617356,1
19.512966824402742,21.0,18.0,20.0,207.0,181.0,7.967922794216294,72.95184993246437,72.67198723871428,11717.894731514063,9.0,48.0,0.8027839339016032,1
0.7478099530612924,0.0,3.0,0.0,50.0,4.0,5.126003551718772,22.149727426679824,28.39853424256144,2667.8186050642967,0.0,3.0,0.035259417906237656,0
0.3561849452932422,2.0,0.0,0.0,53.0,8.0,4.002242936982399,33.60457694787337,54.834259120032,363.0281704749437,0.0,2.0,0.14096413566423907,0
0.20168163284209087,5.0,0.0,0.0,62.0,5.0,4.706245637627437,24.806605034151005,56.11244946811071,6642.510615755608,0.0,8.0,0.04918171593065441,0
1.0560561675971383,24.0,24.0,27.0,195.0,170.0,7.851800944847309,70.97191998749469,56.02659984594126,152937.99475650192,18.0,51.0,0.7467451614030544,1
1.4590702903092876,28.0,18.0,15.0,201.0,190.0,6.6987606583086965,88.82484108293308,57.91640099596943,244551.13685905238,15.0,47.0,0.6834509564207925,1
5.979653662027979,30.0,24.0,18.0,217.0,198.0,7.030113535167101,88.38986428946538,69.83514533275635,7815.288113979053,6.0,49.0,0.9562988949039443,1
14.605505960816277,27.0,22.0,15.0,195.0,174.0,7.137033725757025,86.3956789546217,72.429959765827,36324.927817017146,17.0,58.0,0.7145380676708439,1
0.18437609021120924,2.0,0.0,1.0,46.0,4.0,4.310045676043164,14.822677912111237,44.18081657243187,3440.2852115714345,0.0,5.0,0.05010462695366498,0
0.2511165317779657,2.0,2.0,0.0,44.0,3.0,2.5458674257069243,6.819277303878476,41.485585613041714,3763.9205289520746,0.0,5.0,0.037147647877218304,0
0.04330479804957948,0.0,1.0,0.0,48.0,3.0,4.337959540937701,22.380999264024695,32.78557372927455,1829.1792073078047,0.0,7.0,0.007578076537647359,0
0.05360303773636671,2.0,1.0,1.0,44.0,6.0,3.1625596681741985,32.70642512988917,22.390763272827893,26.102113291528006,0.0,1.0,0.05002571146726727,0
0.5895379399758816,25.0,23.0,21.0,198.0,168.0,7.545856901354064,70.99129376231942,79.94786715574634,1903.4045914873407,16.0,47.0,0.8699842484210738,1
0.10408007658375505,3.0,2.0,0.0,55.0,5.0,4.9253755812565085,24.88248179948217,0.0,2087.815688536041,1.0,6.0,0.0628763205355401,0
5.42091499521512,23.0,22.0,23.0,216.0,172.0,7.422992871807498,97.16468646873575,77.07558871850553,10229.99415448948,10.0,43.0,0.7289653086029372,1
0.09895281776962754,4.0,1.0,0.0,58.0,10.0,5.626158039644482,28.984874386942963,47.66134767258578,2632.987101592428,0.0,6.0,0.03716479544952832,0
0.2905196901182039,1.0,2.0,0.0,46.0,9.0,6.905754273662147,17.54996994841916,2.9330171755595416,3800.818485787696,0.0,3.0,0.06997715500845904,0
0.12822544018356455,0.0,1.0,1.0,55.0,5.0,4.074444928191644,19.17321529196296,36.19135024144421,622.2678668440963,0.0,6.0,0.08153522047809275,0
0.04161139829082009,3.0,2.0,1.0,33.0,5.0,5.8007880526291,23.947119758039662,48.473197654909086,5260.721135467631,0.0,2.0,0.006641592323922962,0
1.1920849629489074,30.0,30.0,18.0,191.0,187.0,7.820929799198696,97.13571025117287,51.414475762388165,155104.13140209415,15.0,57.0,0.7807176885453554,1
0.8097055084641355,0.0,0.0,0.0,58.0,3.0,4.262786622633987,9.82784825876059,37.2133128990744,48.70187773920797,1.0,4.0,0.054243732907486936,0
0.22785885070592066,1.0,0.0,0.0,49.0,3.0,5.8380689892965485,16.126131252502454,40.15951802759827,1198.3077472346017,0.0,10.0,0.11513294895925251,0
7.312972963545764,36.0,32.0,23.0,189.0,163.0,7.7516561514922175,83.07711359730405,77.37160290885095,120750.41125789123,20.0,54.0,0.889288184499296,1
1.4544789796080706,1.0,1.0,0.0,48.0,4.0,5.911962005949661,11.047481405311636,39.76482332788432,4611.562824837512,0.0,6.0,0.02153155688364407,0
0.8650391361961244,0.0,0.0,1.0,45.0,4.0,6.765148536261676,37.23463882110773,18.8497055351014,866.4973985644948,0.0,5.0,0.015230550058444271,0
0.24730809618086416,1.0,0.0,0.0,46.0,7.0,5.32100585993255,27.57516547962807,22.830909016985963,1703.5628992966883,0.0,6.0,0.013299937111284027,0
0.3696735962727933,1.0,0.0,1.0,61.0,4.0,3.680624919374813,5.478132414614068,30.778296220649292,7249.126880202842,0.0,4.0,0.10284346366860384,0
18.065193707469636,27.0,29.0,18.0,212.0,146.0,6.545760941917625,67.67637111144812,81.85769396355414,35553.577025670005,10.0,39.0,0.47291452253244975,1
13.91397614423471,40.0,23.0,18.0,204.0,169.0,7.581313969256397,100.0,64.43742920066138,29341.00874237137,15.0,56.0,0.723805984111278,1
0.4883906822221669,1.0,0.0,0.0,48.0,3.0,6.1252227452879815,8.4462345050703,57.13662598258344,1362.5232123098335,0.0,10.0,0.1388809895784131,0
0.18634831796988077,1.0,2.0,0.0,51.0,9.0,3.4865927407263073,29.943869012795084,31.582148154183113,2851.957833976672,1.0,2.0,0.07766252198178557,0
4.162859323126102,25.0,32.0,30.0,193.0,181.0,7.575444134766498,73.43655096735817,73.63956727939772,5551.410844720855,13.0,59.0,0.6409376263948157,1
0.10645679702396792,0.0,1.0,1.0,53.0,4.0,3.6848617180300405,18.79986663371486,42.6691361237114,3013.139444449469,0.0,7.0,0.008666950080385583,0
0.028099091592302086,2.0,1.0,0.0,43.0,6.0,3.65720239219143,14.919547461876277,27.99192505595573,1423.2733799011244,0.0,5.0,0.007505948521410319,0
0.32391012301005384,3.0,2.0,1.0,55.0,6.0,3.3638429907533034,31.574771270866616,48.771872554599554,3199.164400492113,0.0,3.0,0.13767797682968877,0
0.07631474211081761,0.0,2.0,0.0,61.0,3.0,3.5896023163808035,18.669809460683844,24.924569633286794,296.093428783604,0.0,4.0,0.024893992879355648,0
0.2325299705898516,1.0,1.0,0.0,44.0,7.0,3.472281643949901,14.896765373006923,29.526779498364444,914.4529460592593,0.0,3.0,0.020156547961639484,0
0.10012865407851117,2.0,2.0,0.0,47.0,7.0,5.654352520854859,38.58552411625337,42.67659818930609,119.83607749269484,0.0,3.0,0.24154922258728567,0
4.084938967456461,34.0,27.0,30.0,206.0,196.0,7.789438807618756,100.0,55.91348071134677,44643.055926213325,15.0,63.0,0.8652646753751895,1
8.749570514952454,35.0,25.0,16.0,187.0,184.0,7.486065710453232,66.97251819676033,67.90546336156923,50979.171768523745,13.0,54.0,0.8642570712454678,1
8.931603361690707,27.0,26.0,33.0,196.0,167.0,7.438705979989425,78.71266840994912,75.6106814417888,17396.53082398449,13.0,43.0,0.8888584683216346,1
0.17794297382506524,2.0,1.0,1.0,57.0,6.0,5.442268438674511,19.929745804372143,28.40879285342718,183.77147638782847,0.0,3.0,0.09900742474275984,0
0.021565246590947103,4.0,0.0,0.0,44.0,4.0,5.864992368350201,14.484225554441672,57.61466011687588,3764.5174129212196,0.0,10.0,0.018873471147338623,0
0.13364770269448473,2.0,2.0,0.0,47.0,5.0,2.8195872883683624,26.57761203944672,14.70416103426578,5445.218311558749,0.0,5.0,0.03791643847890591,0
15.799182756632714,39.0,26.0,29.0,220.0,184.0,8.0,100.0,70.8003035721627,15191.380226576832,16.0,51.0,0.7179441239601096,1
8.207992390730604,35.0,20.0,24.0,220.0,185.0,7.895546934517502,61.63001964231328,62.563595268019334,183389.7450317552,21.0,43.0,0.7645810704566918,1
6.452555531407084,28.0,17.0,20.0,203.0,173.0,7.665661476972603,61.74835698566861,77.50037056420285,9445.674211141215,12.0,56.0,0.9544592574098031,1
3.1534284953727747,38.0,22.0,16.0,195.0,189.0,6.917622638183837,49.9062115911788,66.48898077209567,226022.94147840634,11.0,48.0,0.824359005694525,1
0.1120639744972871,3.0,0.0,0.0,43.0,5.0,3.304355569015176,4.3119836491535235,10.57289213708819,1191.0803513683213,0.0,2.0,0.01210277434166165,0
15.265738292752534,39.0,27.0,17.0,217.0,141.0,7.2305271666215445,88.53540459994409,65.42669563050977,22375.208952038523,21.0,39.0,0.9064395627277864,1
11.863906852838566,40.0,22.0,19.0,209.0,171.0,7.2104336197679215,58.70086841634455,73.063630241303,22647.918214410427,10.0,44.0,0.9495119166462095,1
0.35593464591273644,6.0,0.0,0.0,58.0,6.0,3.701552774498351,27.69425639166344,54.404394448817825,1897.7217962207737,1.0,6.0,0.20895898148758038,0
0.37760497795591363,2.0,0.0,0.0,56.0,5.0,4.788426435197316,25.390357454589974,26.885254470841723,2282.5898050136307,0.0,2.0,0.030521555072316717,0
0.1518943893629593,3.0,1.0,0.0,57.0,5.0,4.1877562022038886,46.34025233221694,38.70370097101031,160.88715947119587,1.0,3.0,0.08250942361875097,0
0.09575575460212189,5.0,0.0,0.0,70.0,1.0,4.975105578419808,30.35437479682824,17.350281285243927,1544.4448923547816,0.0,6.0,0.013384317506054145,0
0.027301469025705242,3.0,0.0,2.0,53.0,7.0,3.1994526713429856,10.147864626042638,39.94684560791876,47.55977088055603,0.0,2.0,0.0729378410970416,0
0.050887461138703884,0.0,1.0,0.0,55.0,2.0,4.523853702663337,13.137496229364032,71.85640062721573,1852.020642969659,0.0,3.0,0.0032548002102662523,0
0.8932949303970881,33.0,23.0,24.0,216.0,177.0,6.536331219707569,77.24323866690807,74.39309951357069,10448.850123564074,22.0,55.0,0.885221725265338,1
0.25910017514039413,3.0,1.0,0.0,49.0,8.0,4.792418547435114,19.49664364938543,12.17514286686065,7048.7378682895605,0.0,7.0,0.05884219545235105,0
13.819422616999443,30.0,22.0,19.0,181.0,190.0,6.1512651490036685,73.70489432353386,70.68981100063024,14814.70671470369,12.0,38.0,0.5815747529797336,1
13.191318979175799,38.0,28.0,23.0,232.0,170.0,7.246928016793246,70.8236188886087,85.22399486445205,187443.38227039544,13.0,63.0,0.7962043829282203,1
5.633279945592441,26.0,36.0,20.0,192.0,182.0,7.5297707159376515,87.29907614699636,79.37186719934721,19203.846511737156,19.0,55.0,0.8953707812464092,1
11.877849074513017,30.0,25.0,19.0,198.0,182.0,6.815457855714997,62.90829661842486,72.21160714619639,79932.97140846726,12.0,39.0,0.8361543304757042,1
7.437275521863898,23.0,23.0,28.0,186.0,181.0,7.06568225710915,75.70769827705448,47.14588134328092,137306.06793918053,16.0,53.0,0.8918436164048029,1
10.886138189570389,25.0,34.0,15.0,210.0,164.0,7.023978774471005,86.1938299215906,71.7251669359918,47934.421663524954,15.0,51.0,0.8716792577692538,1
0.3414997945879341,2.0,0.0,0.0,55.0,2.0,4.160779708654574,20.837729989333955,45.96071462149468,2753.793580961549,0.0,0.0,0.08787330009244565,0
0.13501037491191847,5.0,1.0,0.0,42.0,3.0,3.7843129585714568,32.54035449315141,36.04926566221252,11107.6314841998,0.0,9.0,0.04059275891182788,0
0.08948252506005139,3.0,1.0,0.0,53.0,4.0,5.623866495691926,24.340274938306063,47.608670631327136,193.05833092056605,0.0,5.0,0.0329831205410024,0
1.5815795930209995,1.0,1.0,0.0,53.0,3.0,3.717875921011581,28.79279809064043,63.07536870860355,1156.4651997593337,0.0,7.0,0.015589502095828248,0
11.995874468840814,30.0,28.0,23.0,210.0,177.0,7.179471551218104,77.07712678930447,78.83878706115138,31050.201723385824,19.0,51.0,0.75928617574351,1
16.333160082988034,46.0,34.0,25.0,192.0,183.0,7.358298963942957,100.0,71.78086266183006,48475.56449471607,14.0,43.0,0.948210400771718,1
2.59088992898314,39.0,18.0,17.0,196.0,170.0,7.502601804816464,82.33934572128788,83.58158476149235,108438.12433934414,18.0,50.0,0.8812337822864882,1
0.534737713010887,31.0,10.0,18.0,198.0,182.0,7.813809146241929,66.93000515813678,74.60333475067898,128458.25032879159,14.0,59.0,0.9633886655741013,1
1.5926206268936682,32.0,17.0,24.0,219.0,171.0,7.006410737443743,88.27960426577195,52.40696476697221,43049.112196000846,12.0,50.0,0.9520490077630679,1
0.5703017155624819,4.0,1.0,0.0,54.0,4.0,3.411751896463893,16.056820191857177,44.059999828193114,191.9868088832823,0.0,6.0,0.02626197346186305,0
4.298838357320508,28.0,24.0,21.0,209.0,181.0,8.0,93.35162816733762,70.94287687463033,191995.87071124432,13.0,40.0,0.9617211188851965,1
0.594942193105292,3.0,0.0,0.0,43.0,7.0,3.6287906366893816,32.6001773942137,59.3454994235944,142.84820873868068,0.0,6.0,0.0015016364444138436,0
1.047842139820868,1.0,1.0,2.0,50.0,6.0,3.6222711511581887,23.893470228067905,37.70120812068828,296.55150495205834,0.0,5.0,0.046157797585536876,0
0.684994457043489,3.0,0.0,0.0,55.0,4.0,3.1494670033577354,19.802907116020865,36.59392341005246,1912.1584902544887,0.0,4.0,0.060868953797150696,0
0.18385024394473648,1.0,2.0,2.0,48.0,4.0,4.197131805428213,14.458970662901905,12.562484193365073,84.09632056242748,0.0,6.0,0.03180912132445654,0
17.52547121810874,25.0,25.0,11.0,217.0,174.0,6.2302950915431445,66.06657693003595,59.38245771918507,133798.7804918867,17.0,48.0,0.9325425894958773,1
0.4470085675022753,1.0,1.0,0.0,43.0,2.0,5.1020393299459315,11.108715001892087,27.496428623003943,2868.0580358616526,0.0,3.0,0.03823112253954802,0
0.058216350962429025,2.0,1.0,0.0,49.0,3.0,4.829618234398142,9.67649249432748,37.42120554131656,936.7983340963798,0.0,2.0,0.07957974761670296,0
9.215079625980529,33.0,28.0,18.0,197.0,172.0,6.783191065129895,88.27032276924962,66.19636100059597,30714.821468824754,6.0,44.0,0.6620487903105968,1
0.2603117536588402,4.0,1.0,0.0,46.0,6.0,5.128449179628199,16.399699837131774,32.68410838967275,944.8718932244399,0.0,2.0,0.00032234138069527264,0
0.5353770891036671,3.0,3.0,0.0,42.0,3.0,4.848985033294006,12.839089294033135,22.72567034642247,3836.1319012258236,0.0,2.0,0.0494809605608655,0
6.525969407533965,24.0,24.0,19.0,208.0,162.0,7.296966237289047,49.221396269576786,71.74562504407308,20424.125774550812,18.0,47.0,0.9312603494986095,1
0.9515510158679357,0.0,1.0,0.0,45.0,4.0,7.493905067934666,18.589556302733634,40.025405117899396,2373.3114946075098,0.0,3.0,0.00821675280725908,0
0.8285764942538907,2.0,0.0,0.0,61.0,4.0,5.570190461641747,19.12577686130105,37.24153797624631,1612.5733089745665,0.0,6.0,0.12056441548534812,0
7.968156419471235,24.0,29.0,23.0,201.0,185.0,7.565934189662839,66.76047238453869,62.30077529924326,70468.30168794432,13.0,52.0,0.9577030027070952,1
0.4213898960565051,0.0,1.0,0.0,64.0,6.0,5.817654850827035,24.633803043897817,47.93970562934737,1723.0896337566837,0.0,3.0,0.0020767611605791757,0
3.5349935983900886,33.0,25.0,20.0,210.0,194.0,7.148366770913959,100.0,65.99903150259561,115723.10566081361,20.0,59.0,0.7737527922743713,1
13.445975835269948,22.0,25.0,21.0,197.0,163.0,7.402148996324841,51.19132059177364,63.16149755813951,24384.32202574782,15.0,53.0,0.8196300181700549,1
0.10326689776618245,2.0,0.0,0.0,52.0,2.0,3.2072435801563515,17.99318868787115,40.26866227505546,570.2820898683188,0.0,6.0,0.013064955193661049,0
0.7951155284879866,4.0,0.0,0.0,65.0,4.0,2.5942627943081504,15.857381452896261,34.21595749955003,1159.278128358161,0.0,6.0,0.11337215179502909,0
0.495699471843863,5.0,0.0,1.0,44.0,9.0,4.728477025091868,7.75037243469721,22.93226172062774,1146.4163007874179,0.0,9.0,0.009703947300269076,0
0.0932363180456606,33.0,28.0,14.0,209.0,161.0,7.987379985608799,65.67523387691163,69.54510142122331,41387.882005665386,16.0,52.0,0.96907589332563,1
9.020478476934219,26.0,22.0,18.0,210.0,165.0,7.161693034655856,68.25641483637065,76.32116880974486,38225.39451089288,18.0,52.0,0.8398360806369157,1
2.556907574906948,24.0,25.0,22.0,200.0,188.0,7.34886777355167,86.95113928320518,64.99315031745502,58805.59640369046,14.0,53.0,0.9065435085203073,1
0.5466570139409571,1.0,2.0,1.0,47.0,6.0,3.348420822202535,24.530772267523943,10.668337917381542,1935.5918759159663,0.0,4.0,0.07982526776051088,0
0.1537052223736062,30.0,21.0,25.0,195.0,167.0,7.323706919631854,98.51997210043929,70.38294395696364,101621.18592340777,13.0,60.0,0.9290571556943712,1
0.6085514783157971,1.0,0.0,0.0,56.0,4.0,1.9031937956163012,10.89607287088508,32.389730665177964,1158.2698504508871,0.0,8.0,0.012909721320205483,0
0.1697307680156193,1.0,0.0,0.0,60.0,2.0,4.251260634552247,17.604812786334975,49.68208755922946,398.7208337557468,0.0,4.0,0.01113662998447145,0
0.031334312913327826,4.0,3.0,0.0,42.0,8.0,3.580465815512204,33.013899158248634,41.45460577953829,1437.7960578208579,1.0,6.0,0.005324235472804877,0
0.08524573337434395,1.0,1.0,3.0,46.0,6.0,2.8470231060487476,18.27573438162054,69.90757746641069,3513.155575461354,0.0,9.0,0.06948074672709409,0
2.831613558914139,19.0,25.0,24.0,212.0,200.0,6.261687648093888,64.47263445949415,62.23993214230838,36941.26107763128,11.0,49.0,0.8955203184419568,1
0.033502350179517575,1.0,2.0,2.0,46.0,7.0,6.507186216985941,16.423741063186743,16.117837389754087,746.5744149130815,0.0,3.0,0.01477725945494055,0
4.3918335001928,28.0,27.0,27.0,179.0,159.0,7.8248141594112885,60.945972974722466,74.29142520645865,134970.38729845235,14.0,52.0,0.7531651760241365,1
5.260830026081164,21.0,22.0,22.0,192.0,165.0,7.732625473926492,76.92098704761102,69.86066849219173,6145.618289619151,10.0,39.0,0.8207215498762713,1
1.292131685227786,34.0,24.0,12.0,195.0,181.0,7.407196318515392,70.39241601171312,83.57639101607188,37084.46835308795,16.0,43.0,0.8553795458922139,1
0.7906570371995669,3.0,0.0,0.0,47.0,3.0,3.6284936409199595,21.626706066442846,34.92087505426525,691.5684278371311,0.0,8.0,0.005488310270280262,0
13.339323099233651,35.0,35.0,24.0,175.0,204.0,6.913572732110022,57.41163513352604,74.25334802773934,9809.630331908249,18.0,47.0,0.8181494999718231,1
25.92906337496076,22.0,25.0,17.0,193.0,186.0,8.0,68.10729247468059,70.90939613990845,62913.031791999565,8.0,54.0,0.9107365378367852,1
0.06012038235495955,1.0,1.0,0.0,52.0,4.0,4.727855960512026,15.79640374537258,26.50085108271275,1769.1782329253654,0.0,7.0,0.04238589383410658,0
0.6081031879587008,1.0,0.0,1.0,48.0,5.0,4.198955504557144,20.572896806566362,0.0,3172.7204864757764,0.0,2.0,0.03238543794804933,0
2.041065327897601,23.0,28.0,22.0,228.0,182.0,7.449480486036913,74.84569376781229,72.28398741264341,82650.60894732783,19.0,50.0,0.8065526333703458,1
1.2732110947845778,1.0,1.0,0.0,51.0,9.0,4.044655964755147,24.542900533101033,31.36955200546404,2058.8428328324494,0.0,3.0,0.00361424728866546,0
0.6039402375079443,32.0,20.0,17.0,197.0,179.0,6.019751454283741,61.54244201536444,63.3259958276923,84381.13599250547,16.0,70.0,0.9686668458745417,1
0.7682404345848398,4.0,1.0,0.0,48.0,3.0,3.255989984663887,19.56633900451664,12.146176453704129,156.58730405985006,1.0,2.0,0.0008413439531285738,0
0.2555333626843871,34.0,19.0,24.0,208.0,152.0,7.830620049229295,83.77115276340881,78.85856678081736,38763.26507787303,11.0,43.0,0.8066197878231955,1
9.256467766144892,27.0,23.0,20.0,206.0,211.0,6.781219858322325,70.39159080527914,59.887260628923734,15903.766186593764,14.0,47.0,0.6945864957655342,1
0.13809376890010536,2.0,3.0,0.0,46.0,2.0,3.9404365339303147,33.782808137465814,47.68770449270148,2965.2448463997084,0.0,9.0,0.005579085740340314,0
0.438839388901815,24.0,24.0,20.0,168.0,155.0,7.038613087081506,75.82030224718352,76.36275617017412,46754.060839288,15.0,58.0,0.6080665225590757,1
22.783745059390615,33.0,23.0,23.0,208.0,184.0,7.386236235881763,74.66927004226362,54.02953456613279,1143.2062963863266,8.0,54.0,0.6574247555214972,1
0.12736455980684477,1.0,0.0,0.0,49.0,6.0,5.788395493219448,22.499602343816,40.991096477889776,619.1340410133217,0.0,2.0,0.005064263378975073,0
0.12843078432753352,0.0,1.0,1.0,67.0,2.0,4.533181041210397,16.318923349392986,41.28673808985388,3787.2979713547793,1.0,4.0,0.007344137076721304,0
5.0748046324665355,29.0,25.0,18.0,206.0,165.0,7.612089869753582,82.42714522635686,70.4114715218495,87095.70923672373,16.0,52.0,0.6409326416878133,1
0.03487123625855775,1.0,1.0,0.0,51.0,9.0,4.377011542462249,20.063077995170296,31.939643898767347,1604.9184050768577,0.0,0.0,0.01415914457144243,0
0.1050565695910876,2.0,1.0,1.0,48.0,4.0,4.209064938651186,31.046165654402152,18.766176056025508,339.7367617832865,0.0,5.0,0.14945722474767845,0
6.825749846075483,32.0,21.0,24.0,218.0,201.0,6.601199416521669,93.50494574605555,85.01686193965354,8419.403479763501,9.0,50.0,0.9175445438911288,1
0.59140349156395,3.0,2.0,0.0,59.0,8.0,5.173322275530789,13.336762184554757,47.41685666293486,6155.45788938082,0.0,7.0,0.04957211541985554,0
2.0320233452818504,29.0,26.0,19.0,201.0,166.0,6.1293037772849015,81.98460136776819,89.8651435725575,776.7611612751388,18.0,56.0,0.854137930648794,1
13.498558312584924,33.0,23.0,16.0,189.0,166.0,6.911365804826045,77.56811058560503,62.725255719378474,28505.81024905122,14.0,46.0,0.7410977338302648,1
0.7727641146455476,37.0,25.0,20.0,189.0,185.0,7.349871018027305,89.3355996438465,69.05607020432748,123944.75980208606,16.0,41.0,0.810442571098822,1
7.578588509996351,23.0,15.0,20.0,188.0,207.0,7.6970650467708035,79.66311791271275,67.03594372556006,701.8974060153441,14.0,46.0,0.7567397126188495,1
9.406179577763064,26.0,26.0,22.0,207.0,165.0,7.062500104791508,67.7561775023831,69.56922858605084,5891.060288643614,23.0,43.0,0.7743433957296587,1
0.12204956338143011,2.0,0.0,0.0,48.0,3.0,5.559828356683805,27.649971939279183,56.75543042733588,2548.277736965144,0.0,5.0,0.0532404957242042,0
2.815571437054392,34.0,18.0,16.0,211.0,186.0,7.679760389890441,78.28422612341167,70.8987808026252,244133.51745402973,13.0,45.0,0.7481732896683936,1
0.029317842142482217,2.0,0.0,1.0,58.0,3.0,6.516612423460978,12.443590969231561,25.15853334152623,2511.2563885741215,1.0,14.0,0.12761044700296464,0
0.26924642297642243,1.0,1.0,0.0,50.0,3.0,5.132220438703603,14.712809989356472,37.40780279920251,90.71300698243081,1.0,8.0,0.04446565564500526,0
0.09529608449640962,1.0,1.0,1.0,42.0,3.0,7.402170634803641,18.235563682758382,19.626695637510306,671.8506459673818,0.0,4.0,0.13623537662815285,0
0.19683641340855826,3.0,0.0,1.0,53.0,3.0,3.954384908850845,7.729092461254659,15.668135049343146,952.6552045392262,1.0,7.0,0.038066489261633134,0
2.3656037226900803,26.0,34.0,20.0,206.0,171.0,6.108373250110553,77.50907062450813,66.94864555824694,4243.414407490296,18.0,55.0,0.8278419599489276,1
0.06932766190352897,0.0,1.0,0.0,53.0,4.0,4.709473897843027,3.6883601092113807,38.825346874167835,398.53944567441357,1.0,8.0,0.10250626847047567,0
0.1251397301985515,3.0,2.0,0.0,47.0,7.0,6.129887868592979,7.559884158265106,20.418085565090678,5782.591778046129,0.0,1.0,0.05015040351815465,0
0.22737268218765627,1.0,3.0,1.0,49.0,5.0,3.8467547763033485,12.949836242473232,36.37932929944474,3082.2116568566676,0.0,5.0,0.03136992830448303,0
2.6297640607324673,28.0,25.0,18.0,195.0,180.0,7.999832078467019,95.47446847090261,80.99803554468589,15228.040785665316,25.0,59.0,0.8640967991962878,1
1.0234814203332174,32.0,24.0,21.0,180.0,184.0,7.434102632454776,71.08083260519889,73.74780054424042,205004.42461398983,13.0,49.0,0.7876382989321324,1
0.1274047272969589,21.0,24.0,19.0,202.0,184.0,6.567307820464916,87.04032342600048,77.93418412020776,29285.234102454215,11.0,53.0,0.9139757187832063,1
0.620674219209717,1.0,1.0,0.0,47.0,7.0,3.186545980944466,13.713771834370448,41.377364013581065,142.01396445116563,1.0,9.0,0.04611956613530573,0
20.81730505015235,24.0,23.0,19.0,216.0,190.0,7.106803581712401,81.24766807218346,53.077093049537105,22763.076787526563,12.0,44.0,0.7694226769876028,1
2.119721692388132,24.0,29.0,24.0,194.0,167.0,7.553882448901291,78.028284429979,78.45913586239665,52066.41556280046,21.0,33.0,0.8426992464419658,1
2.143435936832754,25.0,30.0,20.0,198.0,160.0,8.0,81.2997904895337,81.788767639747,30305.35311693814,6.0,40.0,0.5807140656330275,1
5.606235022128339,22.0,19.0,19.0,198.0,185.0,7.521069528395961,68.42947024998372,75.14784007741319,182435.17429190542,14.0,50.0,0.7838507979814852,1
0.1015827319253478,2.0,3.0,2.0,50.0,4.0,5.379713179801932,27.926228932994547,14.970540576366549,1121.532339106733,0.0,1.0,0.017066264290264994,0
7.706717464411624,19.0,22.0,23.0,199.0,192.0,6.309115367547468,84.50852968516763,76.52766294803986,10230.87983019783,14.0,49.0,0.8224560984639498,1
5.0525640861935095,34.0,25.0,23.0,205.0,188.0,7.83377380132192,95.78852210549277,55.305327602765814,71232.02515588689,19.0,55.0,0.9095625764452602,1
0.5588797832443767,2.0,2.0,2.0,35.0,6.0,3.5801464511083987,14.4109439924522,30.156507886500563,203.89957126914263,0.0,6.0,0.08694057752407391,0
5.6335437447260635,36.0,28.0,25.0,220.0,156.0,7.714143620395874,100.0,84.67315753466814,11868.553834289574,18.0,52.0,0.7331895021723586,1
0.10882611883814314,1.0,2.0,0.0,49.0,3.0,3.589981340948885,12.652541225460848,47.70588806920274,700.170198787672,0.0,4.0,0.0032794166036412002,0
26.34500159818919,28.0,29.0,25.0,204.0,193.0,6.696958355425811,53.6271302176021,51.39537909071838,53546.64373317505,15.0,47.0,0.7066862435293774,1
2.4023364788001236,23.0,27.0,13.0,204.0,186.0,7.50546098297842,61.53636876075644,76.64376081970465,42264.1197061096,13.0,61.0,0.7780509144441105,1
0.03616173641954078,0.0,1.0,2.0,71.0,9.0,4.784113295350185,22.19083315363225,24.23755183491837,2201.983944763282,0.0,5.0,0.038939020878298196,0
0.3114673834865585,2.0,0.0,0.0,39.0,7.0,4.143753621616442,24.77144338391369,21.897004085040976,1539.2757903331762,0.0,5.0,0.005218975495711875,0
6.346796594500681,32.0,21.0,20.0,186.0,165.0,7.17976376734072,66.042136546745,75.11697827321355,12069.770841038011,11.0,62.0,0.6517592222840404,1
10.308222489743653,31.0,30.0,21.0,201.0,176.0,7.806593113591419,61.720847913158515,64.8392483348348,25362.70144988256,15.0,43.0,0.8211894339168582,1
4.605904326637054,27.0,27.0,22.0,204.0,177.0,7.893455357645898,72.06702685299072,80.94039908699077,165508.06044791476,23.0,43.0,0.8123615951022546,1
0.14350540946964155,3.0,1.0,0.0,33.0,6.0,4.859681694079362,9.865236866324578,63.14890200183198,1756.406721837656,0.0,4.0,0.033074695609930226,0
0.401861727127189,3.0,0.0,1.0,55.0,6.0,3.0828145822052235,10.558133141133174,22.960201669041325,5717.371778477417,0.0,5.0,0.05700057569276761,0
4.9673619817442,30.0,19.0,24.0,179.0,162.0,7.973287671580535,71.79295363591048,57.4062321749244,82307.38517613414,21.0,59.0,0.9590914999029523,1
0.7335824074303788,38.0,23.0,16.0,166.0,178.0,7.706154156105294,62.65460759329986,76.62461776990146,11177.787989610411,13.0,48.0,0.9364692752713901,1
0.2498146391830193,1.0,1.0,0.0,50.0,5.0,4.24679015179344,23.405324802119722,39.93743248410958,10987.646202590342,1.0,7.0,0.09593935849660712,0
2.8268777250810135,23.0,24.0,16.0,189.0,162.0,7.022071265707456,60.764902706112565,74.72160442786723,1151.4513962989495,15.0,66.0,0.9166088526466973,1
0.08391006109872638,0.0,0.0,2.0,59.0,6.0,5.759487925425993,18.05103607491514,41.44667482871637,616.403548666647,0.0,4.0,0.2170965645929421,0
11.464078321628454,31.0,30.0,23.0,210.0,180.0,7.351957052499632,79.7163022362092,72.63789252012522,5091.861107200779,14.0,53.0,0.5649491107783363,1
1.8037907748165274,28.0,27.0,16.0,168.0,198.0,6.759477088269801,88.90419738345153,62.57323752192204,30847.011511044304,14.0,46.0,0.9461535965030992,1
0.003654714002938791,2.0,2.0,1.0,62.0,1.0,4.870877903455671,2.056489467737702,53.37322873796356,1132.8413775381364,0.0,6.0,0.029347944650400838,0
1.8083127761769426,35.0,17.0,21.0,183.0,173.0,7.085089684213593,79.82340807871476,76.75254778262864,17127.25792225508,13.0,45.0,0.9502229281489387,1
9.358473148299447,31.0,27.0,22.0,183.0,194.0,7.632918410407078,67.86018670643868,71.77359726669273,15668.666857143864,14.0,53.0,0.7571346517618458,1
43.184620121934735,33.0,29.0,16.0,186.0,175.0,6.695675738029074,64.73323710696494,91.74805915610355,53197.128106696415,10.0,55.0,0.9178002297311227,1
18.99840034488835,44.0,22.0,21.0,180.0,183.0,7.079790459134915,84.18105589825625,70.53733835577695,33716.430150695385,7.0,53.0,0.9708290026368412,1
0.6923798529215692,20.0,25.0,23.0,182.0,155.0,7.349635450843694,67.46670054768656,61.80005264119907,5817.146384823298,13.0,52.0,0.8049718788821503,1
0.04747863331357831,2.0,1.0,0.0,56.0,4.0,4.0538271598794795,19.239777954433983,38.29082951960813,1582.3542819245815,2.0,5.0,0.05093942792337078,0
6.340959116485937,31.0,23.0,9.0,182.0,179.0,7.099449953935296,100.0,72.10047074394888,43844.036664742256,9.0,44.0,0.6962888973041674,1
0.28702695272162587,2.0,1.0,0.0,61.0,5.0,5.360339332940642,32.44837649313243,45.42015261666302,3744.4771620041884,0.0,2.0,0.0572842051450018,0
6.759818954520529,21.0,30.0,16.0,191.0,199.0,7.210194735383794,80.31053769378826,75.87931414549989,43897.928698483665,26.0,60.0,0.706529762842597,1
0.9908610318755732,5.0,0.0,0.0,33.0,6.0,4.9413133697044564,11.934143225282254,30.108747614300523,3268.8314738468234,0.0,9.0,0.00437349084069584,0
0.1627828903038954,1.0,2.0,2.0,62.0,7.0,3.789975753295759,15.730913128829542,29.91280046103669,721.9869588402411,0.0,1.0,0.1036857125412009,0
5.244888523917813,34.0,19.0,24.0,233.0,171.0,7.278529471901409,62.86132758975313,73.26435188689398,22138.48428367177,17.0,52.0,0.8199064676042245,1
9.206647158272675,29.0,21.0,22.0,196.0,177.0,7.0763801974627345,63.92538304079471,50.09586996932816,74591.91366381482,11.0,53.0,0.9660067645981936,1
10.331056666050708,26.0,15.0,20.0,200.0,199.0,7.962867219080637,79.41498441890104,60.59918432625358,22094.67819108165,17.0,55.0,0.7779781116441151,1
0.1420994954407416,2.0,3.0,0.0,48.0,9.0,5.687484312460766,15.850374097670958,29.891618330035183,3541.26416226655,0.0,5.0,0.0750144123463736,0
2.4435056083365896,27.0,28.0,23.0,211.0,174.0,8.0,92.25400746932252,77.55773898755399,29008.676531789995,14.0,51.0,0.6957994544473269,1
0.31883852832694287,0.0,0.0,0.0,59.0,1.0,4.556181516780741,1.497303049027419,31.441801084953536,799.3136379604819,0.0,5.0,0.024899056301415215,0
0.6163509966428806,3.0,0.0,1.0,60.0,5.0,5.07654171637958,34.52033229230519,36.864031066719924,528.4399546232977,1.0,3.0,0.10901993349867337,0
0.8275143616205899,1.0,3.0,0.0,44.0,6.0,2.9874085334679794,31.07514180828087,33.26307052887819,779.7944877223028,0.0,6.0,0.057204483245045366,0
19.935406772451014,28.0,26.0,21.0,192.0,185.0,7.00472687675197,76.14665752197459,75.46700814446965,24115.15856143144,13.0,34.0,0.5104316675889451,1
0.11014313614838357,4.0,0.0,1.0,55.0,6.0,3.26957220675279,6.610455428457527,47.611378840057306,1019.130186226101,0.0,0.0,0.07068756330290671,0
19.549703511385324,35.0,27.0,13.0,207.0,172.0,6.694900481429864,98.58972813792107,49.48572713602868,39387.534461390875,16.0,50.0,0.7687328959936363,1
0.009628724020809633,3.0,0.0,0.0,50.0,3.0,3.9067948740806067,25.427296712235865,38.98787664817986,4739.749602151901,0.0,7.0,0.019660121646521034,0
2.0550989219604623,37.0,20.0,10.0,171.0,189.0,7.44782163925594,71.7834088839116,78.26455594555625,39809.789944950564,12.0,41.0,0.9786198438031918,1
4.389780197316533,25.0,31.0,22.0,205.0,174.0,7.353821724596178,64.15947459184497,80.79169824382505,35482.582990716706,12.0,56.0,0.6209172742273174,1
0.1315497704431262,1.0,1.0,1.0,49.0,7.0,5.732453907977819,14.05413747652305,55.413405156764725,5154.27869637866,0.0,5.0,0.04000554838349442,0
0.1375568397792912,1.0,1.0,0.0,53.0,3.0,5.996456059372569,4.439520311503685,38.6106253806291,967.1524182969307,1.0,7.0,0.027126158673929757,0
0.1736840671879645,2.0,0.0,0.0,63.0,4.0,4.548299193935382,17.71283992636039,61.450054849705424,3664.406907131335,0.0,1.0,0.02221152394748888,0
0.2195150797868043,3.0,0.0,0.0,51.0,8.0,5.59097905301487,31.51022378201074,34.31278635634105,2655.5786232633864,0.0,10.0,0.06200878139515911,0
1.9442490349266202,31.0,31.0,11.0,208.0,175.0,6.500857638654057,59.88394769631683,69.31748309659622,6310.505487670247,17.0,61.0,0.895831583016106,1
5.5027204424346605,28.0,23.0,18.0,184.0,174.0,7.543697156666108,75.87963417517416,75.96367422110748,151212.17705039855,17.0,51.0,0.9468222472807338,1
24.0099892439417,32.0,29.0,27.0,202.0,177.0,6.707901570572017,85.13084734361452,65.85807561681177,43604.0551917534,19.0,42.0,0.9370487085855299,1
0.3226949346952607,3.0,0.0,0.0,53.0,8.0,3.19099861126288,15.152676218070244,36.54404151163485,2267.192720602109,0.0,8.0,0.04097318704020458,0
0.15962593294510116,3.0,0.0,2.0,47.0,5.0,4.157994408435341,10.740561327482736,29.94067270675299,6943.72870860637,0.0,8.0,0.15273313637356284,0
24.162367701066128,22.0,25.0,16.0,220.0,173.0,7.581622044227851,56.08262946824941,76.25479449100278,155971.73534609022,13.0,51.0,0.5421948272722712,1
0.052331601146737135,1.0,1.0,0.0,44.0,8.0,5.30412697345391,22.77652792510225,34.400017003544605,133.06695018462975,1.0,5.0,0.042849771500798856,0
11.87883598002992,31.0,22.0,16.0,198.0,165.0,7.151242495921471,63.78415998733942,64.72935214276322,17139.107332831434,14.0,58.0,0.9894129583491025,1
0.007724332197034119,0.0,0.0,0.0,64.0,8.0,4.603148178221426,27.17656290329648,62.05062973084658,565.9069123371715,0.0,4.0,0.01487875164671963,0
3.0009914576325256,27.0,25.0,29.0,201.0,173.0,6.915093796280471,91.04072093549526,61.44188749090898,49495.88527612112,12.0,62.0,0.836624398773374,1
14.663807179237935,32.0,25.0,26.0,207.0,188.0,6.604665871960021,78.58788402239706,65.8090855511883,41102.15690325809,17.0,47.0,0.6464048639498885,1
9.736726732460403,25.0,35.0,13.0,201.0,188.0,7.303640797413737,93.80573472363643,77.51633459202208,12608.16240627077,14.0,51.0,0.8352072956370762,1
10.133642639212505,34.0,22.0,18.0,221.0,166.0,7.223130048635536,99.27040793769426,64.98844477128505,12430.250859604384,16.0,44.0,0.7347280269046425,1
0.11434386942921512,2.0,1.0,0.0,49.0,6.0,5.084128321459197,25.509796543035122,18.21771291208729,5435.330528695052,0.0,7.0,0.015853109193107482,0
0.21313115314025702,3.0,1.0,0.0,45.0,7.0,4.455012416475812,22.55399108054928,50.38797360852774,37.17942210816462,0.0,0.0,0.08572919292659464,0
0.058494329717593135,3.0,1.0,1.0,55.0,5.0,5.944628446630491,29.55126523899075,0.5254072976921833,3416.776179876052,0.0,3.0,0.022573725364808617,0
0.17596135192715207,1.0,0.0,0.0,47.0,7.0,5.612145685436545,20.805704675003295,55.86937679594741,1785.9083224905594,0.0,2.0,0.07341046304712266,0
0.4570167201055995,3.0,1.0,1.0,40.0,6.0,4.877149838625288,32.218332060949656,38.93528478846006,3067.0981955817765,0.0,4.0,0.024883531555722916,0
0.02366859149287051,6.0,0.0,1.0,45.0,7.0,1.3930739808008132,19.259523258141368,52.729311463273035,15.847068922914092,0.0,7.0,0.02532127073783123,0
0.4128686821169527,3.0,0.0,0.0,51.0,6.0,3.2654158806368763,15.702445875475465,53.657678386366115,335.9059644903719,0.0,4.0,0.012391833933570958,0
0.007845263990643794,3.0,1.0,0.0,56.0,3.0,4.390002891157328,30.137278992804585,59.69493237593762,1134.0170868178711,0.0,6.0,0.007916793193225215,0
8.051112699152705,28.0,21.0,20.0,207.0,162.0,7.343038397658339,64.34039759603695,79.6913484135641,209254.2831974657,14.0,48.0,0.9096834756685551,1
0.10927475568196024,18.0,25.0,18.0,193.0,192.0,7.477023640502836,72.69612879985239,63.82178606580508,9038.062427334798,17.0,44.0,0.8457494845814915,1
6.00285598620433,32.0,31.0,12.0,194.0,189.0,6.787092477463721,56.05932707881099,75.43550708555173,14764.09671161687,12.0,55.0,0.7785202032592734,1
0.525399767256999,2.0,0.0,1.0,41.0,8.0,3.401886877789175,21.878920228742786,37.2662792177872,2335.9840351590024,0.0,5.0,0.07904901339450861,0
0.28918092570665643,1.0,1.0,0.0,56.0,6.0,4.3697380236911,39.44667121752501,16.41697576139241,1369.1208895135935,0.0,8.0,0.023249683243209706,0
17.172943771792973,31.0,24.0,25.0,216.0,189.0,6.723969553842351,79.01233395827109,83.46488692142684,14169.191047607947,13.0,59.0,0.9449744778251402,1
5.403509635106137,29.0,18.0,15.0,200.0,215.0,7.154111362623445,75.20612172301479,69.59188242510912,42872.250992623296,13.0,58.0,0.9429968907363289,1
0.30730653436083727,3.0,0.0,2.0,40.0,5.0,5.638694107820337,21.51274313823095,22.241857877412343,4631.1631166107,0.0,4.0,0.18886628981309195,0
3.3009549531306392,23.0,22.0,18.0,213.0,198.0,8.0,74.07065900597762,72.45208073646485,41613.195572270364,13.0,39.0,0.7449596218343473,1
9.205694449736349,27.0,22.0,24.0,200.0,187.0,6.354503386538008,79.09656611144483,73.07390270342466,76701.8264255012,14.0,53.0,0.8172759186812295,1
15.696009336844952,27.0,21.0,21.0,188.0,177.0,7.318736406323029,70.6915546262681,67.58876187675017,84900.99809702398,19.0,56.0,0.8900013120646585,1
9.25293234162381,44.0,20.0,22.0,204.0,166.0,7.480160787681649,53.76397150067328,39.21373736021367,2245.253077427944,16.0,59.0,0.8173248710100139,1
8.64641304877959,19.0,24.0,25.0,214.0,192.0,7.8721259687711,59.60922234488123,75.74864473636167,1072.9091921775655,13.0,43.0,0.7113510945991699,1
2.3802296442293986,36.0,28.0,23.0,207.0,187.0,7.258361343796535,75.77839530160574,76.97156996546053,16875.98229204152,14.0,50.0,0.8448742214636721,1
0.16560993759149212,2.0,2.0,0.0,51.0,6.0,4.543703192694806,26.461648718881698,22.984293758874934,539.1706275933336,0.0,5.0,0.058577602648649356,0
0.31538019384187954,29.0,24.0,23.0,201.0,167.0,6.9747313854465,83.11017625212394,59.80371131125361,58325.467372880514,10.0,54.0,0.7261111725343018,1
0.46776392927830424,4.0,2.0,1.0,40.0,4.0,3.514395416472197,25.320436975973458,28.689021885610686,7341.313187339721,0.0,5.0,0.03148281778897187,0
0.32200728265813644,26.0,22.0,24.0,204.0,171.0,7.898349932049255,63.17039955130447,81.67985196493558,99532.98880509564,17.0,43.0,0.7689960187268107,1
25.34084878866983,27.0,33.0,17.0,209.0,182.0,8.0,83.70911384826947,64.06856704175075,32668.197843289232,8.0,36.0,0.9528022018907977,1
0.0788284736852793,5.0,1.0,0.0,50.0,11.0,6.224295447433459,28.931291412783857,42.734096037732165,950.533125164133,0.0,6.0,0.001724533858827256,0
4.439054181348009,37.0,25.0,23.0,220.0,186.0,7.789533916666895,83.90633577190616,64.61352714415216,95399.75809797214,13.0,39.0,0.8833500427737497,1
0.6752051241094355,40.0,24.0,18.0,198.0,175.0,7.001963346118403,85.98896926880755,67.29402086195073,37855.6638179155,18.0,48.0,0.7366170351675182,1
0.1987987694005843,5.0,3.0,0.0,44.0,7.0,5.352918342123626,18.239321881925335,59.8179246099846,236.57479914924843,0.0,5.0,0.03478999912677142,0
4.511898569108907,25.0,22.0,19.0,215.0,173.0,7.031112888870885,85.95264115889162,61.576790184811315,38232.63806911347,9.0,65.0,0.8538637530082152,1
13.233855172590811,29.0,24.0,24.0,196.0,181.0,7.296375909131647,71.47564237614152,82.60424965661343,127535.72527567197,18.0,50.0,0.9622421183819901,1
0.2855237592332616,3.0,2.0,0.0,51.0,6.0,4.018797754442797,11.399194463865406,68.26961213944024,87.66979895396504,0.0,1.0,0.05016156799294959,0
0.045276175992679246,2.0,0.0,0.0,51.0,5.0,3.916274341666085,18.832136601338767,18.123985154460136,167.6963052166919,0.0,2.0,0.04498499704444836,0
0.7859204078112626,1.0,5.0,0.0,35.0,7.0,4.996623311969447,18.21427663210019,34.16647665912444,898.6173123941696,0.0,8.0,0.08723921450548966,0
0.07519056047605724,27.0,18.0,27.0,196.0,197.0,7.988006114759282,61.99795830622061,77.32235781212967,37388.40174287866,15.0,56.0,0.7847769723205001,1
0.06763891633098311,1.0,0.0,0.0,53.0,4.0,4.268536167481047,22.601790756231082,48.11819928802312,3459.1153245853598,0.0,2.0,0.023271633730972335,0
8.865253979267191,21.0,31.0,27.0,201.0,157.0,7.213951334971728,60.381233799416755,63.33738246154046,18855.623546154387,8.0,44.0,0.6475012514972774,1
0.007963786564400882,1.0,1.0,0.0,49.0,6.0,4.52398752617553,26.611130006408505,16.57033866043917,1085.937980725168,0.0,6.0,0.01453659311808529,0
18.102946697647575,35.0,28.0,19.0,192.0,176.0,7.242370171488452,84.81888609058075,74.9704755850384,14911.566671319359,17.0,62.0,0.7643435548013581,1
0.13073929072010976,3.0,0.0,1.0,52.0,5.0,4.97207908057633,22.207226890834193,41.57547705993335,583.6520252509866,0.0,10.0,0.021585940901251276,0
0.006082608225094354,1.0,3.0,0.0,42.0,5.0,4.927702735258577,18.892555415854147,12.915102875932128,5725.554240596219,0.0,3.0,0.029712970405982402,0
4.648615355007783,35.0,17.0,26.0,200.0,182.0,8.0,69.45165877351342,78.40346768624757,90800.7027124228,11.0,43.0,0.91885134195553,1
5.480310293899936,20.0,35.0,28.0,204.0,187.0,7.358796026522251,97.7743613099202,66.57732272478677,175966.6573616581,21.0,46.0,0.7359246712049354,1
15.185673313261653,29.0,32.0,20.0,201.0,165.0,7.811783011844904,80.79532143347227,67.2254118267972,53636.907611018745,11.0,53.0,0.8304087466669442,1
1.6338726727782868,31.0,24.0,21.0,213.0,169.0,8.0,82.02802693937332,58.492343302155135,36818.917167933556,10.0,51.0,0.7863723803273861,1
0.4620457904229278,3.0,2.0,0.0,52.0,4.0,3.8821262235778837,29.87057182020705,38.83972365247998,945.3668176200543,0.0,2.0,0.015429158389138059,0
0.97002306405073,22.0,22.0,28.0,212.0,168.0,7.585084867218627,63.8996244195137,66.85610573015232,67365.18672647781,15.0,76.0,0.8211781410195352,1
0.9011988017582793,3.0,0.0,0.0,49.0,2.0,4.901537327909273,17.07519664881589,49.080395028050695,849.2139795486337,0.0,4.0,0.014783898179884432,0
0.2847523441656695,0.0,0.0,1.0,56.0,2.0,4.63817726481206,25.40136945607047,15.134222714059494,3768.14766789306,1.0,0.0,0.022300411801561445,0
0.042023677758103534,2.0,1.0,0.0,52.0,5.0,5.3066701574598945,15.39494353364798,33.928505168845234,935.822663919068,0.0,5.0,0.049473711479683186,0
5.411160406020193,32.0,23.0,24.0,181.0,197.0,7.5393018813098225,66.26157284999977,73.06832732891624,86036.0406254051,19.0,52.0,0.8036966948620782,1
3.1871536160213605,36.0,30.0,24.0,198.0,197.0,7.038958042958988,78.1369585705919,53.418626234554715,33295.77359901055,12.0,47.0,0.9389200453809271,1
0.28214762129477794,4.0,0.0,0.0,53.0,3.0,5.940467739401276,24.770673437093947,24.621453453686637,751.6929643208928,0.0,4.0,0.02172548072201077,0
0.16009990018773063,2.0,2.0,1.0,39.0,6.0,4.65165527190158,10.312080657946428,38.03791993510467,875.8919308006572,0.0,5.0,0.028493727244074254,0
0.39051903043543174,2.0,1.0,0.0,45.0,6.0,4.042563121801529,18.534637914788554,41.32355188885269,84.60182527267031,0.0,5.0,0.05350423553851933,0
0.08136287750614858,3.0,2.0,1.0,45.0,4.0,3.0351761392288426,22.241707661679115,6.237632978143822,1909.303722232501,0.0,7.0,0.037854575657466236,0
4.28454761088722,34.0,29.0,25.0,174.0,176.0,7.3368444772814305,87.12062298114252,67.48571324839887,22119.253147116102,17.0,47.0,0.9221621753887088,1
5.24165479637875,38.0,20.0,16.0,192.0,174.0,7.024553773076236,67.55466389700247,85.75087447647067,22145.88119627958,15.0,45.0,0.886478016236161,1
0.5281566513120275,33.0,23.0,26.0,210.0,211.0,7.211579371874453,75.88188494152652,78.76362191333041,114530.16684976201,15.0,57.0,0.9773749548915442,1
18.961423107535637,37.0,26.0,14.0,208.0,200.0,7.50880313465363,86.96073765338315,79.74577442509174,40883.275003724804,15.0,37.0,0.683133507400756,1
0.2537345163604259,2.0,0.0,0.0,46.0,3.0,4.960143885766699,34.23167530177915,38.067816327730114,3125.8891360964208,0.0,3.0,0.007111802058930778,0
0.012769835824906305,2.0,3.0,2.0,41.0,12.0,4.1831435868579305,31.22542795506654,13.387295687895001,364.42380591954753,0.0,7.0,0.06887518473919992,0
11.736900624723482,29.0,21.0,24.0,219.0,189.0,7.646767120016013,51.72425347728439,81.42335704419693,36735.08997258844,14.0,61.0,0.958818972677388,1
0.4325294015381023,30.0,22.0,19.0,197.0,192.0,8.0,74.6766353154793,66.46444178599008,19581.818257423856,14.0,36.0,0.6893399924845217,1
12.15888386400005,31.0,24.0,22.0,210.0,175.0,7.233134285875731,48.657056098765075,81.22735363421894,551.6911382053613,13.0,42.0,0.6997161207306024,1
0.5098452217917664,4.0,1.0,1.0,59.0,8.0,4.068561021016444,23.690347090314866,44.29137145402848,123.22107227134835,0.0,5.0,0.00887219609819483,0
0.32227997081546284,2.0,1.0,0.0,42.0,5.0,3.512443402907751,20.152570040773153,40.40083023892085,1406.180874582237,0.0,2.0,0.004265538563946978,0
18.11285599285886,32.0,18.0,21.0,202.0,192.0,8.0,57.22230111604989,70.73389055799711,18870.036187950434,16.0,48.0,0.6510332464585885,1
0.2100015554142991,2.0,2.0,0.0,52.0,4.0,6.359114804641165,26.985311210775336,41.97908143815727,554.834695478263,0.0,8.0,0.05380050407063935,0
19.845066576030508,24.0,25.0,24.0,196.0,169.0,7.488248957536842,86.23884255208593,72.52941048599035,48928.286091866394,15.0,55.0,0.9223904404639175,1
37.54382230943914,31.0,26.0,21.0,237.0,177.0,6.856249056916704,76.26170430178607,63.456357373148634,19596.022471691173,16.0,56.0,0.6585086700647395,1
21.5314783895311,36.0,19.0,19.0,201.0,187.0,6.9340944528974715,92.88658634368888,65.31728504837409,87969.95610503678,12.0,59.0,0.8393603602398735,1
0.2602385901264433,3.0,0.0,0.0,42.0,3.0,3.505490384826322,12.785279813958688,10.04201964931741,218.17634844824636,0.0,7.0,0.024405912189686733,0
4.416709397671689,23.0,22.0,19.0,200.0,200.0,7.907567110427301,100.0,78.1314628172486,7620.307219492008,14.0,60.0,0.7671875562261998,1
0.6822292047321756,2.0,0.0,0.0,47.0,4.0,4.8742479186332694,22.867047128859802,55.031778226932865,7673.90811822732,0.0,6.0,0.06155785122680393,0
1.3039011073394764,22.0,31.0,27.0,188.0,162.0,6.489870966227037,66.2114688014258,75.96821683922744,44295.56885570571,16.0,54.0,0.9493583760606359,1
0.6233615789306295,38.0,32.0,8.0,210.0,173.0,8.0,71.38490536665964,67.21463269660379,10043.589765129842,15.0,48.0,0.7646560544338021,1
13.963579279513946,28.0,31.0,17.0,198.0,182.0,6.699879608178898,83.14252917518371,73.44207274042746,17057.54201835779,11.0,55.0,0.6931013135225826,1
0.1339755072623234,3.0,0.0,1.0,56.0,6.0,3.603619548997762,25.142081526487402,26.620201958787106,843.9388141281364,0.0,1.0,0.00169382457856945,0
0.43122411475793365,0.0,1.0,1.0,57.0,6.0,4.605050782265786,27.491943800936944,44.830446819122855,649.6200943862007,1.0,3.0,0.0370160478368221,0
0.0326512556420154,2.0,0.0,0.0,52.0,5.0,3.537370372026687,30.34116730906006,53.44443618684582,2491.8470790899505,0.0,5.0,0.009715710784905211,0
0.11481921492549553,3.0,0.0,0.0,49.0,4.0,4.1776251510416245,19.469007003946274,33.639564205657834,5095.160190245259,0.0,5.0,0.02209920524387498,0
0.9424726012839548,28.0,31.0,18.0,185.0,178.0,7.160502271356213,89.90242108483042,48.57055273990099,14089.207214244208,14.0,46.0,0.6142764719347275,1
0.05288826440502345,4.0,3.0,1.0,55.0,4.0,5.661995267581498,16.61056382940308,42.84677730728376,4482.140277623688,0.0,3.0,0.0029898150945215345,0
16.938781385268644,43.0,33.0,28.0,189.0,143.0,6.904410649655861,72.75311733890784,85.5913768166819,78451.86735976547,16.0,42.0,0.9836941463520291,1
0.1628628648768021,3.0,0.0,0.0,55.0,2.0,4.002659092397563,27.88897060464273,25.755932502131635,6.744226520214124,0.0,5.0,0.16116186442995428,0
1.9790154999754475,49.0,15.0,22.0,243.0,196.0,7.294459955083937,85.44818738981374,67.34868407990072,208497.18248053768,19.0,32.0,0.9684710867719629,1
0.3357355227995937,4.0,0.0,3.0,58.0,3.0,3.3547089797900638,14.119960285226563,36.76154854413773,1093.4972447363052,0.0,5.0,0.04030526748434388,0
0.1665813483950087,3.0,2.0,0.0,62.0,2.0,3.598264966949341,0.0,59.99737652587462,8884.081741849699,0.0,4.0,0.054506688510773955,0
0.02118220881123306,4.0,1.0,0.0,41.0,5.0,4.620588260168229,16.097008561919537,51.55220508641062,664.8012071353238,0.0,4.0,0.02601257388338883,0
3.706338493546196,26.0,24.0,21.0,207.0,185.0,7.504017794560297,89.43119298401751,53.869178391294376,51782.75587068222,16.0,41.0,0.7399312509827347,1
0.07301848859949919,2.0,0.0,0.0,63.0,3.0,5.580466160071235,11.802782384624665,31.611403628366674,952.7664682136326,0.0,0.0,0.08881527786835608,0
2.4464737116100137,33.0,19.0,20.0,198.0,175.0,7.1380454255549655,90.84685014103795,70.95349029440443,37551.85744700062,16.0,49.0,0.9054398415548153,1
0.3419622875186595,1.0,0.0,0.0,53.0,2.0,2.3615820765934874,8.642974203620925,28.732149197552992,366.010289881997,0.0,7.0,0.007639426974853504,0
0.21750247561363187,3.0,2.0,0.0,50.0,8.0,6.533800049569428,3.9049487234201337,25.72770286006284,4964.33624490474,0.0,10.0,0.2407189297257325,0
0.22939770572743942,36.0,27.0,17.0,202.0,188.0,7.29383021522842,75.57376608756222,68.0595440759212,30706.82724656383,17.0,48.0,0.8650451695162734,1
0.6401455792401418,35.0,28.0,24.0,195.0,183.0,7.137757621490838,74.16364701796354,65.33803452652886,77784.88503267601,14.0,49.0,0.551041968895376,1
1.430320412535631,29.0,22.0,27.0,184.0,191.0,7.559460875601436,100.0,71.91455624795167,30395.131612210065,17.0,50.0,0.9057521587348853,1
0.23819504310050832,1.0,1.0,1.0,57.0,4.0,4.8237101518004515,35.915235491840704,16.450919010081208,1488.7357057158224,0.0,5.0,0.04528620666714651,0
0.06887664844825,3.0,3.0,0.0,45.0,6.0,3.985419540159442,13.538531731138482,56.07320121017199,526.6581750757938,0.0,6.0,0.042971994045178326,0
0.37932685842571584,1.0,0.0,0.0,42.0,9.0,5.119834038878094,31.491286525943508,40.93135643898957,1040.3811103657538,1.0,5.0,0.00914231315116915,0
7.3952271327028605,40.0,18.0,28.0,203.0,192.0,6.939885488208484,52.47561648006639,43.90994832374399,26448.686351432156,17.0,38.0,0.6343424955692801,1
0.11661742837684072,0.0,3.0,1.0,39.0,2.0,3.5871935287623344,8.902005881430583,28.861503891414777,1252.233016999656,0.0,4.0,0.01346041942127697,0
0.9030364292752563,2.0,1.0,0.0,55.0,6.0,3.9555301267400775,37.86790485439672,39.28741510385504,2460.5875656214203,0.0,2.0,0.0041373008032287014,0
0.5132260129232593,42.0,31.0,26.0,222.0,175.0,6.656713345918429,67.07833676340417,56.10248522260452,5049.825807354619,14.0,40.0,0.8803302977483229,1
0.05029942583120394,0.0,1.0,3.0,47.0,2.0,4.143241760815738,13.95997022867032,33.36067423246061,2444.158515880103,0.0,9.0,0.01751325815269657,0
4.964910684306679,31.0,24.0,25.0,212.0,162.0,7.204485727699953,86.62149048362464,74.90544348885079,124.96441152561087,17.0,50.0,0.6372408462256646,1
18.911460840666578,26.0,27.0,23.0,220.0,180.0,6.798000584535021,100.0,58.69463919672329,40275.1603332406,15.0,60.0,0.8663203556194325,1
3.0483403120791097,31.0,34.0,18.0,210.0,166.0,7.462061825802124,87.92487636175343,62.87095211701844,109534.04421866257,14.0,48.0,0.8388970961002622,1
0.15290583987436043,0.0,3.0,0.0,44.0,8.0,5.389413560413984,10.987051075797092,22.92248748847412,5467.710336469469,0.0,6.0,0.032655757744662464,0
8.213075640131194,31.0,35.0,22.0,206.0,200.0,6.264515408903303,83.30392094153635,70.40124312009412,110759.73057695126,13.0,58.0,0.8720136211303625,1
0.3785739523201468,34.0,28.0,21.0,210.0,169.0,7.117363615973039,83.56071273625861,76.95681621925752,9445.24062697496,22.0,59.0,0.8028433169166836,1
4.7640131540269515,30.0,41.0,23.0,207.0,159.0,7.837851244176177,80.82683580322747,74.9393461923835,59970.51867257251,19.0,55.0,0.9321370227857889,1
9.863532076892136,26.0,28.0,18.0,219.0,191.0,7.315161189144659,56.946807895250956,69.86707218894605,27799.42043373779,8.0,54.0,0.7549970754732511,1
0.04271655177739841,3.0,1.0,1.0,47.0,4.0,4.689976441274826,27.408997966762477,15.847214278438596,107.87579862386379,0.0,4.0,0.12319503838795272,0
3.0834589466233573,28.0,30.0,20.0,179.0,189.0,6.731899484605151,82.78601088514587,79.35532397422531,4528.683925133735,19.0,61.0,0.8838023865908549,1
18.423270224988684,26.0,31.0,27.0,205.0,180.0,7.751263023679762,86.009368578264,59.757027280374885,46073.47852824046,20.0,53.0,0.8491108128671002,1
0.018647970581616193,1.0,0.0,0.0,41.0,3.0,4.074106757885096,21.004523093132377,28.028883081721517,406.0431369509497,0.0,8.0,0.10012484121834699,0
0.5622444383943226,3.0,0.0,2.0,45.0,5.0,4.4106106380605175,16.832489250147034,16.299702591946865,443.95948403676266,0.0,4.0,0.02389919456561105,0
0.5715595869132615,3.0,3.0,0.0,43.0,4.0,4.995290555387395,29.01179865511422,55.754967758154585,905.3124488176422,0.0,4.0,0.02556940620639648,0
20.109704691327156,31.0,28.0,22.0,173.0,172.0,7.934252671914371,78.64743708711008,72.53166142885274,17650.540036174643,15.0,48.0,0.8902353627043108,1
15.437633895154992,29.0,28.0,22.0,178.0,224.0,6.611337875948237,57.88436064255714,63.759543195585906,49525.30117142182,21.0,60.0,0.8404432017765876,1
0.12811612844563625,1.0,1.0,0.0,48.0,4.0,5.0071855883761724,12.999297483887489,22.36193949541686,9359.51665802031,0.0,4.0,0.040303502123782836,0
20.168114435690843,27.0,17.0,24.0,207.0,160.0,7.625365133383348,63.14792540196872,83.45874651156679,54907.72894344137,17.0,43.0,0.8175904381686465,1
2.498607340380874,37.0,25.0,16.0,202.0,172.0,7.156354523975103,83.2868541059348,59.76152653018046,38162.502202434014,12.0,43.0,0.8919600112949639,1
0.017624108047451237,2.0,3.0,0.0,69.0,7.0,4.653438304369137,0.020185987909652425,20.674571930428915,1486.163888632778,0.0,6.0,0.010181313306430427,0
0.08123835862703997,2.0,2.0,2.0,44.0,5.0,5.771150616486803,35.08369699909448,46.72004935552399,747.9640326115115,0.0,2.0,0.10793612550259464,0
0.33136787960453506,0.0,0.0,0.0,42.0,6.0,4.336614981949675,21.37403829309199,41.216950282419,811.7696886623686,0.0,4.0,0.009408368465228526,0
0.20294280402279927,2.0,0.0,1.0,56.0,6.0,4.64153171225209,14.179311385913401,40.5299055239277,989.4963114350822,0.0,8.0,0.03624672074737034,0
1.5092904915334084,32.0,19.0,13.0,177.0,150.0,7.105785046386776,62.05700716921844,65.00146159943452,75151.69678658279,13.0,64.0,0.5507401672667246,1
21.627855372224538,27.0,24.0,24.0,213.0,179.0,7.614888952353515,78.34430954127582,63.25312800839344,126835.02972200685,13.0,63.0,0.7496998539148867,1
0.05709196084263262,1.0,0.0,0.0,50.0,5.0,3.381743855350398,18.946909006658544,38.292892062542485,1988.9042065967174,0.0,7.0,0.021069038554326396,0
0.46701270971333736,2.0,3.0,2.0,50.0,6.0,3.1902167343214636,21.35251450382868,35.56438316599739,5961.85008014341,0.0,7.0,0.08986546176228222,0
0.045125236262837154,3.0,1.0,0.0,47.0,5.0,5.735760881939056,18.54137445934639,54.71330877896216,713.9229918320377,0.0,1.0,0.00630644637467513,0
0.17158874902256593,0.0,3.0,1.0,61.0,3.0,3.9857006921557403,22.380196448286224,35.13416214070148,337.7143888477511,0.0,9.0,0.02341028664554284,0
0.34324240530610545,3.0,0.0,2.0,43.0,3.0,4.488856072394249,13.102726593166908,49.90690832666137,910.2704860360457,1.0,4.0,0.06409930103119219,0
2.511861123642539,26.0,21.0,18.0,203.0,170.0,8.0,84.10390707991843,72.26566758218539,77591.62783714052,11.0,64.0,0.8282293846069315,1
0.24605472721143318,2.0,1.0,0.0,49.0,4.0,4.104782124266615,30.657776961518614,46.91701251182492,181.47850581725774,0.0,3.0,0.015359886419930356,0
0.14142776892647776,1.0,1.0,1.0,43.0,2.0,4.511525576101856,34.899263536002785,44.228831901042085,204.23835761629596,0.0,2.0,0.04790174067851708,0
0.39567158137651287,4.0,1.0,0.0,45.0,5.0,3.3030761346138267,14.559555604035374,62.451560607794036,7.029347816097241,1.0,9.0,0.02796136031809401,0
0.9722194558637496,35.0,21.0,21.0,217.0,213.0,7.5277255750838235,73.57975601005296,76.6052499820873,54990.62563902689,29.0,65.0,0.8114124925672033,1
17.22241305193887,32.0,25.0,18.0,196.0,165.0,7.348396533600447,45.983848304265784,60.19489893811587,27756.20911798266,19.0,50.0,0.9019786366823351,1
0.37562024186160786,3.0,0.0,1.0,58.0,4.0,3.8844451663022657,8.328389881723757,37.52193298835901,5219.590939143558,0.0,2.0,0.02056132478589108,0
0.05483158430575404,1.0,1.0,1.0,66.0,5.0,4.6217966404188715,19.79628542097083,28.458085890199097,2837.3909774169215,0.0,5.0,0.021669188077690256,0
0.2640993040907765,2.0,0.0,1.0,53.0,4.0,6.680908819368474,20.23553677511291,53.362550634234964,4540.695525799973,0.0,8.0,0.23839415427527677,0
7.247556770863599,25.0,22.0,22.0,190.0,184.0,6.76128168219716,61.365949118180275,83.71763317008244,30685.188925498536,12.0,55.0,0.8281698650163514,1
4.821508377579025,31.0,20.0,15.0,193.0,179.0,7.10936379740701,62.253850471109246,53.87392333354389,32251.201318815387,22.0,50.0,0.9021712115975429,1
9.31596801253285,22.0,34.0,20.0,227.0,166.0,7.150186612545,77.37157868209616,56.94679599417149,36282.881319529406,13.0,48.0,0.5954753833393224,1
0.28987311904452545,2.0,1.0,0.0,57.0,6.0,5.69251998003992,23.798311440874944,29.648418459681345,651.0020110094375,0.0,5.0,0.005379184311783096,0
9.167752672915736,30.0,19.0,28.0,181.0,162.0,7.709914141809656,66.93202420872255,84.43361802901526,10546.334805998205,14.0,44.0,0.828181758778546,1
5.20180399233395,43.0,24.0,25.0,225.0,179.0,7.4641040744839255,97.25534664257998,97.12769841254317,94418.29115619071,26.0,53.0,0.6025378651430577,1
0.23241214144147812,0.0,1.0,0.0,42.0,5.0,2.953267512113041,23.097623524048434,41.2357068024936,1621.2674107595062,0.0,5.0,0.02902832307895607,0
0.20612775387623686,4.0,1.0,1.0,54.0,6.0,4.725187897568404,39.45174424077782,17.578166682181244,27.111746620138877,0.0,4.0,0.022552197778292676,0
0.20005029107976421,2.0,2.0,1.0,42.0,7.0,4.9218232861742495,21.747107327585475,21.378320521386797,1402.5176146910392,0.0,7.0,0.02572473217658829,0
5.510380535074522,25.0,32.0,25.0,193.0,170.0,7.280774125213781,76.65041760235452,58.04317333881617,5589.212695850839,15.0,50.0,0.9628535470858647,1
1.5282193161003323,29.0,31.0,21.0,190.0,184.0,7.310851121065437,59.75628594924579,54.960651111925486,39303.78599355676,6.0,58.0,0.6906544211233656,1
0.03272910637903398,41.0,19.0,19.0,190.0,185.0,7.614945850829239,70.34991710862053,56.92974656341321,30440.415393378502,20.0,56.0,0.7995483421592958,1
0.2931194545865192,1.0,1.0,2.0,64.0,6.0,4.995005745754151,30.467742612787205,39.47024420875868,1697.0607787687102,0.0,6.0,0.015012116318747167,0
0.22582911614086632,2.0,2.0,1.0,65.0,8.0,5.346471633927418,23.69834441307989,21.075314189338606,5830.02326127337,0.0,9.0,0.0060845982642121176,0
0.6170080567622089,1.0,0.0,1.0,43.0,2.0,5.749630314170145,22.01756269260492,13.15852113856861,2864.6364102284415,0.0,3.0,0.04393434204033768,0
7.285932708784226,27.0,21.0,14.0,229.0,180.0,8.0,93.71362585549394,89.04734161168109,15095.026526964792,18.0,43.0,0.6051898050766656,1
1.7750869744158804,32.0,25.0,25.0,215.0,186.0,6.418266403838112,80.31554754058308,66.32799209519072,62865.46975800586,19.0,41.0,0.9728454563328188,1
0.024825206204339242,5.0,2.0,1.0,53.0,4.0,4.6569265012539445,24.178681561387464,53.73067578210542,9217.123615773418,0.0,5.0,0.06915379496777622,0
7.959319163280625,29.0,21.0,19.0,192.0,186.0,6.773956596863645,69.13240623971835,79.49096066661004,88123.62249087522,15.0,44.0,0.8569431616150285,1
11.87261853171995,32.0,17.0,14.0,203.0,168.0,7.098327278101477,60.17154259535136,61.03984107795806,27062.010154247335,15.0,52.0,0.6333996864023643,1
2.625973467390392,29.0,27.0,14.0,211.0,145.0,6.958812335986941,95.18510430307936,93.25719396112416,99295.59992095867,20.0,50.0,0.8062433617050544,1
0.14435074674879772,3.0,0.0,1.0,50.0,2.0,3.4659766906758707,20.28757891052305,42.442696486120816,4.485973377305127,0.0,8.0,0.05479815681310292,0
21.217243050157034,29.0,20.0,17.0,191.0,179.0,7.991159798519039,68.72173018357475,80.79223795965413,115165.69569814854,18.0,55.0,0.9272942092185437,1
6.931544582618166,25.0,21.0,21.0,203.0,175.0,8.0,59.42228753608726,67.97244205677069,51868.530397733346,15.0,42.0,0.8907365367066257,1
0.10840941178233295,4.0,0.0,1.0,48.0,3.0,5.036218925183183,34.80230324704056,22.256647273837725,3784.3934118537372,0.0,5.0,0.008631372274234595,0
0.8065982926705654,2.0,1.0,0.0,47.0,5.0,4.120863304885419,24.844988581727023,33.32519785226055,1713.675697826574,0.0,7.0,0.01612537870539535,0
17.02906548596476,36.0,23.0,20.0,208.0,184.0,7.5576199676652775,47.4934792663462,74.29526951296745,58496.03746096348,10.0,54.0,0.6255844096741732,1
0.2962598722884346,2.0,2.0,1.0,47.0,5.0,4.87130691856773,5.4930944689814964,39.06428278338223,2891.883296422968,0.0,4.0,0.024089917105689185,0
0.9240671359325126,2.0,0.0,0.0,63.0,1.0,5.967545127679205,7.676179965173098,17.18310693729377,327.7623748734296,0.0,5.0,0.10498639135865866,0
2.205788575052576,36.0,18.0,18.0,190.0,164.0,7.187001296174183,69.04510615110988,90.77377421213404,48927.33081988585,22.0,56.0,0.862690592898162,1
0.05717550700999727,4.0,0.0,0.0,47.0,7.0,2.9196485520644218,7.684521396310709,24.769443091944808,937.4776403331061,0.0,7.0,0.002490565267117448,0
2.0120958398721736,35.0,21.0,17.0,204.0,186.0,7.262195272603201,86.17407918557822,73.51831228642985,49384.58727849992,13.0,43.0,0.9654710617316957,1
8.722408892060697,34.0,29.0,18.0,204.0,184.0,7.780668457950917,80.22475011901733,85.38014552482129,59194.18761440448,18.0,39.0,0.6418842639953688,1
34.45664201030067,22.0,30.0,22.0,177.0,178.0,6.647647783122751,61.39811159394096,66.79837805778561,50069.59865831102,12.0,45.0,0.31439094778611454,1
15.164591992773278,34.0,30.0,20.0,188.0,190.0,7.349181035227435,70.83183690892584,63.7769959535473,44941.17795661817,20.0,32.0,0.8607468767263419,1
0.20074368723335037,0.0,0.0,0.0,53.0,2.0,5.150696090891231,0.0,56.957256210517414,1394.0655210727869,0.0,3.0,0.027926663059536276,0
0.13178088351892486,1.0,3.0,0.0,51.0,9.0,5.20970103633595,29.980615154763644,45.04610938493422,2242.5087690542528,0.0,10.0,0.10562423608835611,0
0.2042444194530834,0.0,3.0,0.0,45.0,6.0,4.731353636549854,26.58051425805278,44.234616118094436,1213.5341012498732,0.0,1.0,0.09973522427571328,0
0.3586231370678656,2.0,0.0,1.0,47.0,2.0,3.87618422639774,3.1253093878696134,53.39452018406514,558.3705815310612,0.0,3.0,0.07613563164999726,0
0.004395442879700635,1.0,1.0,1.0,47.0,3.0,4.357657435853385,8.805477814067302,50.270850110886464,182.88234705241283,0.0,8.0,0.007963173104867587,0
6.728902268449231,29.0,29.0,16.0,213.0,168.0,7.793107742800459,77.14433440631917,66.44433394061006,113944.46141415698,22.0,68.0,0.8048731637220022,1
6.5525743346967085,30.0,22.0,23.0,193.0,183.0,7.437562222771456,92.85735780859419,66.69998528729025,42116.044666302325,8.0,51.0,0.7344040138278864,1
0.17435444153627408,3.0,1.0,0.0,51.0,6.0,6.585628588735579,0.0,27.836647975160655,1908.0628354260891,0.0,3.0,0.06774489561029597,0
23.11105325294808,32.0,30.0,15.0,201.0,172.0,8.0,60.719232287696904,85.40816671542282,62925.39675406647,17.0,42.0,0.8138132686063633,1
10.718336537245436,34.0,22.0,23.0,211.0,164.0,6.951083377780396,88.05728529043623,69.16173657896744,35588.88093371634,12.0,52.0,0.7989508911120956,1
0.11772875728295634,2.0,0.0,0.0,43.0,2.0,4.469312380615899,29.379393724822737,35.479171284039445,2388.2224288544535,0.0,7.0,0.023705216932750413,0
10.635495899168701,32.0,27.0,23.0,214.0,181.0,6.953780055805451,97.9250626427518,66.78455338158821,83284.41496721626,17.0,43.0,0.38811799286695775,1
8.63641930463921,23.0,31.0,15.0,184.0,175.0,7.1475856659764005,74.84637817312392,60.802061647479846,17668.53405092618,15.0,59.0,0.8846444350096972,1
0.6198342225322357,3.0,0.0,1.0,42.0,10.0,4.812360872625053,15.61201769590846,42.118986912317574,4026.800509877857,0.0,4.0,0.002023582571118098,0
0.0202769806468423,4.0,1.0,0.0,47.0,2.0,3.6024827905501944,23.60973820941028,25.388825321128557,2814.1022786778685,1.0,1.0,0.026971265114887163,0
0.0320990704307848,1.0,0.0,0.0,54.0,5.0,5.654796327933535,22.96919806910134,33.311564257240484,288.9967139577264,0.0,5.0,0.04734077770923029,0
0.1395731735885198,2.0,0.0,1.0,38.0,4.0,5.88843868115509,22.465995819092637,45.27722888439955,1972.3477949961803,0.0,5.0,0.008815754876885845,0
6.493779955191398,21.0,28.0,29.0,193.0,202.0,6.47300597288914,94.46333232599258,71.36907629037144,27759.574213186355,16.0,40.0,0.6130305335449096,1
0.14019065624254157,3.0,0.0,0.0,63.0,7.0,4.0043930926669375,4.938236470473649,29.158915148841935,3734.448541376728,0.0,6.0,0.11289221922239502,0
0.1681066828326479,3.0,1.0,0.0,57.0,3.0,5.586592709372847,22.82942886858699,41.44577565006742,1040.774141059345,0.0,4.0,0.15353827758480898,0
6.968637260699715,29.0,29.0,25.0,201.0,193.0,6.938037628923098,99.17880324062976,66.88665466277708,42045.95065929651,13.0,54.0,0.7779509705600933,1
9.702240684121696,30.0,26.0,23.0,208.0,186.0,7.72187708420617,63.35792790651412,81.6986987465296,4011.235360342699,19.0,56.0,0.9300076778045727,1
3.420697531324296,28.0,23.0,23.0,201.0,185.0,7.371113322094046,59.719095491177455,48.864434689505,37872.05574122924,15.0,48.0,0.7790305593041893,1
0.1153021564558603,0.0,0.0,1.0,54.0,7.0,4.585432346580796,11.035899279267433,41.45349444482716,226.60937799246443,1.0,8.0,0.006211799912249231,0
6.464308319355473,32.0,27.0,15.0,217.0,166.0,6.12479919529574,80.46572898805852,70.59369452188281,24683.628878247328,14.0,52.0,0.6392213160384159,1
0.13693036878875584,1.0,1.0,1.0,56.0,6.0,2.572804562741541,25.856775467607466,41.465504161572596,775.4527231749106,0.0,3.0,0.021828235583765662,0
8.142399056573929,31.0,33.0,21.0,205.0,187.0,7.390907583014038,46.933834072053244,77.55023981470143,53426.048551641215,19.0,57.0,0.725951003421066,1
4.557867671507732,29.0,26.0,24.0,190.0,166.0,7.76452670665978,65.53836564869613,78.21320564136343,45112.29773365108,7.0,55.0,0.6543519763960837,1
0.02592848270155308,2.0,1.0,0.0,56.0,3.0,3.8108165086237364,29.300485752951438,28.120129909602234,2276.6096304143916,0.0,8.0,0.022579091680107022,0
0.26500803121998145,1.0,1.0,0.0,49.0,4.0,6.602649869051849,16.971927621767797,20.757621641179494,1594.5790745384168,0.0,5.0,0.030485863766523177,0
10.151951556892302,31.0,30.0,22.0,196.0,205.0,7.857233501577127,95.29531487872188,55.85102273487359,97197.99120151965,11.0,49.0,0.9700312843820992,1
0.39623210477044063,1.0,3.0,0.0,58.0,12.0,5.886793640826509,13.795504865945858,23.57495777716408,772.4371654154945,0.0,6.0,0.0329449368618125,0
5.412477111618756,28.0,26.0,28.0,194.0,192.0,6.649999830529966,81.32140366157344,80.43445368444269,47712.21969445219,20.0,51.0,0.7003368567690239,1
6.206912657466788,38.0,25.0,18.0,185.0,167.0,7.761637132360908,73.57654168604388,45.729670313886565,82582.30140621302,17.0,46.0,0.7559651203478345,1
0.16556235117684634,0.0,0.0,0.0,61.0,5.0,2.444027611307247,33.660535989380755,17.837647112850124,1496.045505880181,0.0,3.0,0.01857520950720281,0
0.07269862682306813,2.0,0.0,0.0,45.0,6.0,4.484365700544162,15.098343497959927,16.40679316342564,1925.1506501655163,0.0,3.0,0.04752856156673822,0
0.8491453967743604,31.0,37.0,21.0,195.0,174.0,7.758105623732668,72.68477461575539,83.04502839886986,61263.11654269187,15.0,59.0,0.8332361779584296,1
9.418093220912478,22.0,14.0,14.0,210.0,175.0,8.0,87.9224199874863,63.670065677867356,31002.53552653136,19.0,46.0,0.9585089798526778,1
0.111113790466308,1.0,1.0,0.0,50.0,7.0,3.8412223075977616,36.35585998976279,0.0,5671.721295926103,0.0,6.0,0.001831789860655057,0
24.765203432949242,23.0,30.0,20.0,214.0,177.0,7.492701958962282,65.16988509584371,68.88935794154627,20823.055693761293,14.0,43.0,0.5339520899923609,1
16.214781022245262,33.0,33.0,25.0,176.0,182.0,6.914611523392811,86.66624411160642,64.72916786419376,48521.73489595266,16.0,47.0,0.8454548056579606,1
11.030329517170536,21.0,22.0,16.0,202.0,194.0,7.759980239704105,66.45919613284737,58.36794165599641,78160.69224063051,18.0,55.0,0.574827581758779,1
0.30745326262121725,0.0,1.0,1.0,48.0,2.0,5.01301593078462,12.302214678637274,38.12671800536481,375.72403428488025,0.0,5.0,0.10722964263461476,0
0.23625510725766136,3.0,0.0,0.0,54.0,2.0,4.59100439554275,33.452914123621866,16.566962302071094,2200.949167710706,0.0,3.0,0.04846248388238491,0
0.3081932080703115,0.0,1.0,0.0,58.0,3.0,1.9887873315147346,11.496776351818816,31.348859809332776,3743.0610904257774,0.0,3.0,0.06625470386805372,0
10.335377997215911,29.0,26.0,16.0,190.0,171.0,6.497646630317396,92.18817602483902,69.5511903080779,65895.5324831087,15.0,50.0,0.8542511706196478,1
16.707178320241606,20.0,22.0,19.0,201.0,186.0,7.6496790624686914,66.3188355840979,72.64085586863585,97654.5305912608,23.0,56.0,0.8553102448999675,1
10.951163435632962,37.0,18.0,20.0,187.0,195.0,7.491298264025569,100.0,90.34423294198085,1119.2915488803671,15.0,54.0,0.8517684470180841,1
10.034149566370475,30.0,22.0,27.0,190.0,192.0,7.019469972572078,69.30001834460353,85.49871869487738,143705.28768919807,8.0,55.0,0.8118815419311881,1
9.194541086739983,31.0,27.0,20.0,204.0,178.0,7.720118723132027,71.12819200401968,82.39411001177858,453.2893860600168,22.0,49.0,0.8085167909521853,1
9.593347749879793,29.0,26.0,24.0,197.0,179.0,6.783975640543917,64.50325695586484,68.60294588060172,64596.913721168115,13.0,50.0,0.5609953632645165,1
0.37797611399487796,1.0,0.0,1.0,53.0,4.0,5.840899601968892,17.814310016683272,3.7199758909196703,12466.010566286788,0.0,3.0,0.007202791020200243,0
0.5053591518557875,0.0,1.0,0.0,42.0,6.0,4.455220776445116,8.940228212849515,41.09890869408227,103.37447325877582,0.0,6.0,0.03145644839083647,0
0.0021612707707432837,32.0,26.0,17.0,223.0,191.0,7.284821836029603,94.20037002669687,50.84822937619862,2710.1195515027257,10.0,50.0,0.7769655287553128,1
0.3348970739785519,5.0,0.0,0.0,54.0,7.0,3.6531625212022614,12.306458383355292,9.97532968721989,4166.18924263749,1.0,2.0,0.03983060833600991,0
0.9899860019931322,2.0,0.0,1.0,48.0,10.0,6.468981710799165,5.6216192184094425,20.692378832401662,5116.410452623907,0.0,7.0,0.02294917543282882,0
0.15962380624578149,2.0,2.0,0.0,57.0,4.0,3.389428784826199,12.659947332611008,30.514647517695522,180.516667402778,0.0,1.0,0.143176227464853,0
4.766191272451456,26.0,18.0,15.0,213.0,174.0,8.0,54.22095501118736,84.2544211834169,68227.85513630498,10.0,56.0,0.8713008044927724,1
0.1299847437919615,3.0,0.0,0.0,54.0,4.0,4.4133806418651,13.708251906316912,52.189106339037956,1494.2616622472171,0.0,3.0,0.01899766006930012,0
0.12244409475279257,1.0,1.0,0.0,47.0,6.0,4.499376823100128,6.318935320701154,23.36018941368771,296.4183764425251,0.0,4.0,0.024664880052143047,0
6.364199656717422,22.0,18.0,17.0,219.0,177.0,7.653394565079104,89.31102445297641,66.16542640576964,278510.4510929407,13.0,57.0,0.6545651343099592,1
0.3309784425213207,2.0,0.0,0.0,51.0,7.0,4.548973273198023,7.894413536944885,46.82323947622552,630.4368856135222,0.0,3.0,0.03813159492916483,0
10.090465642871935,25.0,26.0,19.0,193.0,188.0,7.817653612006671,79.98443707200299,59.11283267175724,18999.1604519764,14.0,53.0,0.8802181092953,1
1.2390572115060532,29.0,32.0,24.0,203.0,180.0,6.670980425399426,72.4987220378492,86.64554464455837,33842.174777632215,11.0,47.0,0.7253059470683632,1
0.35867389931159516,2.0,1.0,0.0,40.0,5.0,3.783255590190316,30.4414000690954,42.664799826815965,587.8608001056541,0.0,6.0,0.042177388806238676,0
0.7191759618867735,1.0,1.0,2.0,51.0,5.0,2.4409567242521018,20.9256105401408,47.523057520465215,854.9381548830553,0.0,5.0,0.08423659437210515,0
8.978887899395488,37.0,20.0,20.0,196.0,168.0,6.3979136009437845,73.564866033788,47.40207596702077,42901.110820952556,11.0,56.0,0.7259543228277123,1
0.09894085204027477,1.0,1.0,1.0,39.0,8.0,3.4207345228941595,9.857818229604833,41.463955240262045,560.6546321509408,0.0,9.0,0.018912602017395048,0
24.51879117845125,26.0,22.0,21.0,196.0,198.0,7.386754052801084,73.00840629335516,87.73651699624516,54186.39295644412,6.0,47.0,0.8906677104516103,1
0.9889863833302996,1.0,0.0,0.0,55.0,9.0,5.748124489772319,3.6879447280833197,21.60450465614484,5979.776613971113,0.0,6.0,0.017429656650891065,0
0.5094021974971719,26.0,15.0,15.0,205.0,195.0,7.475704578015115,78.02379430186024,81.81018736889634,102102.83811448066,14.0,41.0,0.8136827530846336,1
0.09746202596853903,4.0,0.0,1.0,37.0,5.0,4.942268522359608,15.873914256520838,28.938079987754335,244.96359552229177,0.0,2.0,0.010259833161750723,0
0.09932504005188884,2.0,1.0,0.0,47.0,8.0,4.687891799741123,34.958385998840626,45.04087729591221,332.8373882436939,0.0,2.0,0.06452644537774849,0
6.457689982723434,32.0,23.0,19.0,197.0,164.0,7.162779452612397,40.05620242689742,57.80731916504729,67047.40734123635,20.0,48.0,0.6445857803960234,1
0.4087104185605234,4.0,0.0,0.0,50.0,6.0,3.1338777899861543,34.32695533622052,32.0889427327072,1167.773133040035,0.0,5.0,0.026490938065204257,0
29.43484710973839,36.0,32.0,26.0,194.0,187.0,7.58839645468624,100.0,80.91471137957228,50313.55712076676,16.0,60.0,0.9069829174317126,1
0.2647333827325662,0.0,0.0,0.0,61.0,3.0,3.37155474409513,16.813868288611907,37.55615435507734,435.54099105667797,0.0,5.0,0.030990727877115373,0
0.14551161823659534,0.0,2.0,0.0,37.0,6.0,4.01100761644237,11.894004304797562,63.78824594175539,317.5177463830183,0.0,5.0,0.3078674213850776,0
0.008240957365332029,2.0,0.0,3.0,50.0,5.0,4.610203649346303,35.593918070884484,34.52725659545792,1903.770572076245,0.0,6.0,0.06699153432918792,0
0.3648721835102065,2.0,1.0,0.0,43.0,3.0,5.265972908154561,0.0,29.16396684891062,1827.6236772490074,0.0,7.0,0.05634308021183518,0
18.566047519793216,37.0,18.0,23.0,197.0,193.0,6.878466199821349,85.19408860821343,63.92264951010133,1893.8520119679263,10.0,49.0,0.8408202669603941,1
3.159755322894625,29.0,21.0,25.0,205.0,176.0,7.3494269324402675,63.944817765417085,60.88993823496453,3133.2315670785,8.0,52.0,0.8824327064769584,1
2.279706537384131,28.0,27.0,30.0,176.0,189.0,7.539265480933185,74.76665897681843,68.7709969182681,142594.95683375248,17.0,58.0,0.8656977834814332,1
0.6226273032794507,26.0,22.0,33.0,185.0,203.0,6.953909233710498,61.177720605612095,52.70667713207567,56524.93561144971,14.0,42.0,0.9585313161345212,1
9.721619227622758,40.0,36.0,11.0,162.0,180.0,7.309829552781784,56.03644485318444,57.536454294004784,24303.29944496937,21.0,49.0,0.816744030486942,1
0.059745847616355,0.0,3.0,0.0,62.0,1.0,4.312881609361333,8.947658033475376,38.41315731247542,4607.966796849145,0.0,3.0,0.07501554231861371,0
0.03325606524286384,3.0,0.0,0.0,36.0,7.0,4.555863134893524,8.461091654801825,48.14830830677374,5881.975573985555,1.0,8.0,0.2969978565970537,0
2.186369920877755,26.0,22.0,13.0,190.0,173.0,7.000967132659473,84.61488291658056,71.9115730693266,4624.851089990034,15.0,44.0,0.6046602222801982,1
2.477959588934008,28.0,13.0,24.0,200.0,193.0,6.896952385694701,60.13867760531511,65.59738457523626,50963.49710116409,18.0,42.0,0.7916790137994107,1
0.2035515328118863,1.0,0.0,1.0,63.0,4.0,6.3202663310293925,29.99001330462625,47.47769530374409,3884.3714606658045,0.0,4.0,0.045444979017796115,0
4.78426148650669,22.0,20.0,27.0,189.0,165.0,6.904776887251785,82.73836781292663,60.50185938242379,8331.66402667406,7.0,44.0,0.9669388068257776,1
0.21946541579059475,1.0,1.0,1.0,57.0,5.0,5.68681602342205,22.009265199206634,33.02588964018147,6391.259915238903,0.0,4.0,0.04909116688061928,0
7.442977681099279,41.0,29.0,21.0,173.0,167.0,7.518385494080072,100.0,78.15941733019069,51909.30969021006,12.0,48.0,0.8908529753038442,1
0.028815220381995965,3.0,1.0,0.0,50.0,3.0,3.689613759826667,25.040272471616078,43.46837148315011,553.3453597856841,0.0,3.0,0.03648287584608423,0
0.4868227731746381,1.0,4.0,0.0,49.0,2.0,4.448161436020624,11.109073744799288,60.401282295181716,9104.114703706748,1.0,7.0,0.03576436081779672,0
0.026367517858825216,1.0,2.0,0.0,63.0,7.0,4.187003417853045,13.626684814507168,43.285900625492125,1744.849455767645,0.0,6.0,0.07935521247598527,0
0.3001511243195314,2.0,5.0,0.0,44.0,8.0,5.328532777123516,31.320130234217544,37.457687119622214,6824.527290532332,0.0,3.0,0.03421843939146557,0
0.23735862401506969,3.0,3.0,0.0,51.0,1.0,3.995305226777764,37.5691091640938,14.192400620888588,3340.29313526188,0.0,4.0,0.008332605848591223,0
0.8738799567424154,38.0,22.0,9.0,193.0,191.0,7.344377087477424,48.25425326726262,62.36452424720654,11104.927370864976,12.0,42.0,0.766393498129768,1
6.00817456440571,27.0,22.0,21.0,220.0,182.0,6.871713710402377,67.40000764243221,69.2725835120023,6829.07745248634,20.0,28.0,0.7962672180483457,1
0.12311508041412697,5.0,1.0,0.0,53.0,3.0,3.737364393623489,8.955573978811698,56.050473249576655,1337.7751309351777,0.0,3.0,0.0676546661200763,0
0.21961741644047808,1.0,0.0,2.0,49.0,7.0,4.631162201209187,19.89507650131013,27.144303887876447,6958.161784967135,0.0,2.0,0.021893946505858342,0
7.756396644061687,33.0,29.0,24.0,203.0,182.0,7.484901320046217,93.99583235922546,69.19723981036977,15441.106494336354,11.0,49.0,0.8802023044179182,1
10.122435476340925,30.0,24.0,16.0,196.0,190.0,6.92862913956388,100.0,82.50483603124295,49014.29726667628,16.0,52.0,0.922360625413374,1
0.09023172704288533,2.0,1.0,0.0,49.0,4.0,3.486127685538034,25.197831464991395,36.97772475840612,2028.118210008556,0.0,5.0,0.08835034694790636,0
4.202246518128521,31.0,24.0,25.0,203.0,158.0,6.614585231296015,73.60555014080336,76.84939922193058,52827.056690167876,14.0,47.0,0.7823679294183444,1
14.80292882548453,28.0,31.0,21.0,203.0,202.0,7.478218191091512,59.05981772213794,54.99150860577981,2446.6328939073796,17.0,55.0,0.7392420576794869,1
0.10586848942356385,0.0,0.0,2.0,70.0,6.0,4.043865073389133,32.085155272473365,42.686800200324434,1732.5353081522885,0.0,5.0,0.09500074395026466,0
18.073800113302095,31.0,20.0,22.0,194.0,189.0,7.083694433546733,90.72951151057069,70.42979093135763,2936.9186950453804,15.0,54.0,0.65014544069991,1
2.21998011939519,42.0,31.0,20.0,191.0,183.0,7.858349478600408,48.41391944027062,76.86831362262258,840.9582875174257,18.0,58.0,0.8355056242839817,1
0.04400748378459819,2.0,0.0,1.0,50.0,6.0,2.954141030214022,13.05715049834528,9.64476614352495,873.2852192805789,0.0,1.0,0.026325839392394572,0
0.8114266813212946,1.0,1.0,1.0,51.0,7.0,3.841956076246576,16.015366538660892,39.06236523432026,472.02327850472017,0.0,4.0,0.039515989318054785,0
0.26289556838325673,36.0,36.0,22.0,213.0,180.0,6.453381243918082,93.43284161177507,73.32124706838385,7549.244742853255,10.0,43.0,0.7864044863542252,1
0.1424960942104824,22.0,30.0,19.0,208.0,182.0,6.345998774256159,65.56886871343342,60.36583001839633,30779.73187599707,8.0,52.0,0.7578585708619378,1
1.0111891027383517,2.0,2.0,0.0,64.0,4.0,3.9812494397047984,10.225523333649807,32.290920242114886,27.118165436109717,1.0,8.0,0.009027088913209797,0
0.04872653697612485,4.0,0.0,1.0,56.0,4.0,4.293369011197487,12.578102189760353,17.343783474364216,202.9297980912759,1.0,4.0,0.11541493911070498,0
10.465371683645753,33.0,28.0,21.0,184.0,193.0,7.200048703344926,75.85686615236223,73.82797924131123,11406.631256549454,11.0,36.0,0.8843561979136523,1
1.142819066974034,26.0,24.0,23.0,210.0,190.0,7.6937947961784054,55.15874826001013,83.06058730345077,21549.888784806873,17.0,46.0,0.8776961778993805,1
0.47956964293433263,0.0,2.0,1.0,49.0,4.0,4.497764849888533,28.507048835988336,47.44050894037366,1073.8098922908023,0.0,9.0,0.002059355014108585,0
6.7678238686778975,41.0,27.0,19.0,209.0,201.0,6.529530787265021,74.87495489402679,65.54266984135333,88787.8697760754,14.0,42.0,0.8161219957076573,1
0.08077606304931607,1.0,2.0,0.0,41.0,1.0,2.997726837934395,27.82840029811655,33.280169119038256,57.75230726641519,0.0,6.0,0.03914922684320879,0
15.692349648840207,22.0,14.0,18.0,202.0,190.0,7.062365775489099,77.70550954221052,77.17324935597921,83716.94311588553,24.0,58.0,0.9794568282796412,1
0.299543400067663,1.0,0.0,1.0,56.0,6.0,3.6994219531471675,39.656922965542876,47.593071361408875,1790.3281166184174,0.0,6.0,0.07368789122123057,0
5.697661108384417,30.0,33.0,15.0,177.0,177.0,6.909414755383464,69.44434269776423,93.49174828372558,35407.64781727982,17.0,60.0,0.7778486426646304,1
27.446687080497483,26.0,22.0,27.0,191.0,168.0,7.170976696115189,78.53245184611835,56.15932167531284,13992.934589639353,13.0,54.0,0.8377149993981056,1
1.2916635217644934,24.0,20.0,28.0,203.0,187.0,7.475521031794372,81.20695238963413,67.57287789350484,56325.24459961649,8.0,44.0,0.8076110058510031,1
13.710273352613832,34.0,38.0,20.0,176.0,171.0,7.8352503975330245,65.22900639851791,74.79621142893744,14253.52836389578,13.0,51.0,0.6974268473596511,1
19.130508680152687,30.0,30.0,23.0,177.0,200.0,7.770954823512159,54.29624544324284,71.31879665466703,4480.765339311425,21.0,55.0,0.8411512604482202,1
0.9232687238364069,3.0,0.0,0.0,50.0,5.0,4.126123333956743,25.46057737563824,30.799172135951288,1131.541750732642,0.0,4.0,0.10087364796198683,0
15.03665428548924,29.0,24.0,17.0,183.0,200.0,6.689332102279005,91.13684236367236,51.34581798970518,41179.55227949847,17.0,51.0,0.5777950625045034,1
12.277895139511955,26.0,22.0,22.0,189.0,182.0,7.2146907251573555,80.23480258790708,81.32398686810521,56702.982927568315,16.0,57.0,0.8108105683533351,1
0.05551420321967426,1.0,0.0,2.0,51.0,6.0,3.797737742192358,22.396455748896596,36.10852801398564,628.2421984416018,0.0,5.0,0.003300864533705956,0
1.6034907375065732,27.0,32.0,25.0,223.0,187.0,6.8660185512954355,75.56034676081616,66.01858085764877,15077.620365127417,11.0,49.0,0.6135121118050156,1
0.0331346451855227,4.0,0.0,0.0,54.0,4.0,3.468002295070354,12.913006357717272,25.305153551094243,387.8941601132066,0.0,3.0,0.06449577957705922,0
1.8230245402383518,39.0,24.0,16.0,195.0,181.0,6.5132449311304335,81.12024378461095,80.04876546480084,83307.04289120586,16.0,47.0,0.9134192332536941,1
3.078228412678285,27.0,22.0,26.0,204.0,177.0,6.481284402796591,73.56350553598655,61.499179680802094,7813.260155901648,15.0,58.0,0.657786536658863,1
0.5945777270825975,26.0,20.0,22.0,201.0,185.0,6.8909672551508026,66.41609045397875,66.99705787564595,38866.543561250975,12.0,42.0,0.9540466811430928,1
0.2701196441638679,0.0,1.0,0.0,42.0,5.0,4.111957382150407,18.801681968165344,9.344850998611648,504.2050611787806,0.0,6.0,0.011437335803834686,0
5.79610801837952,31.0,27.0,20.0,195.0,190.0,6.745423146618141,83.43874603188442,57.96277098801789,54258.528801825676,13.0,61.0,0.887645903021489,1
25.45442183043359,26.0,30.0,22.0,209.0,191.0,7.165988064252434,77.60500543864457,68.24057273499136,116199.05609130474,9.0,61.0,0.7185250818559213,1
24.655346316143095,21.0,20.0,19.0,215.0,174.0,7.193253954659391,86.41708709837653,54.38108425321623,53130.03578179452,10.0,47.0,0.8430001898113945,1
0.487404905989627,2.0,0.0,0.0,55.0,2.0,5.286082724690752,28.238537065610423,42.622258425146995,3072.26331475207,0.0,5.0,0.042653870255260615,0
2.5047897915353188,28.0,22.0,20.0,206.0,186.0,7.0229413729847785,86.06922566607125,69.46323510491686,24643.386398291877,13.0,43.0,0.8182985511836497,1
0.1961426546340038,3.0,2.0,0.0,37.0,4.0,4.969075991872984,26.18424412477087,39.65231481531915,971.765656246927,0.0,5.0,0.03549563006081071,0
2.1067104085404886,30.0,32.0,19.0,225.0,214.0,7.0030310591688085,95.56496978761534,76.40617966726546,78006.11500310483,12.0,48.0,0.7772017564123314,1
0.4594540124681962,5.0,1.0,0.0,55.0,5.0,4.319590144811278,22.988837770796586,31.89948384766494,2305.741540043394,1.0,7.0,0.0600228180844606,0
0.04398376536848359,1.0,2.0,0.0,54.0,4.0,4.39628708100776,21.974419762338602,51.08319551649734,2784.897812715815,0.0,6.0,0.06257922405045357,0
1.5093612261837095,29.0,15.0,16.0,209.0,193.0,7.835887682611284,58.72606340067553,51.12914768362687,27790.82925361449,17.0,55.0,0.8362032256801842,1
2.760478058676506,28.0,31.0,16.0,221.0,194.0,7.8384618383297395,42.902467056047925,81.17317692224874,42475.58573619646,16.0,55.0,0.9099262204245918,1
3.081876647045353,30.0,20.0,28.0,218.0,183.0,8.0,81.03958861638525,76.26605208618874,75348.15746394469,16.0,46.0,0.9310178641164994,1
0.08306311363137094,1.0,0.0,0.0,58.0,4.0,4.753219090553156,26.79593987031822,56.536955452876995,1472.3430662835808,0.0,5.0,0.19866937106551372,0
0.324854705288551,2.0,1.0,0.0,66.0,4.0,5.172745194286869,6.772346680005558,52.808847348996466,110.96545563259588,0.0,8.0,0.030639903754082282,0
0.09125079060167636,3.0,1.0,1.0,50.0,5.0,4.056751870989752,14.676692123194117,32.12591805391247,617.806943866989,0.0,2.0,0.12421293076692773,0
21.120065737777615,33.0,33.0,28.0,211.0,153.0,6.610889895473263,78.0493213852223,56.44109948544693,18210.95388996614,13.0,53.0,0.9631455065521142,1
28.89412865257537,30.0,21.0,20.0,186.0,189.0,7.287815188716655,49.63097288001573,73.12308363550727,5985.361356807161,12.0,50.0,0.8004374167874092,1
8.387863022058335,30.0,20.0,7.0,171.0,191.0,6.8023965098974575,93.6085515476322,63.96032963755551,33019.07055944586,7.0,47.0,0.8019231657017981,1
5.8477714627202975,29.0,19.0,21.0,219.0,193.0,7.07506912165861,65.33634768367097,75.04450326658817,30772.2313368313,17.0,53.0,0.799652443648573,1
3.4076161026559144,30.0,19.0,16.0,214.0,202.0,7.0348388263370705,81.23138717968274,74.97950847878944,179272.88345051225,18.0,44.0,0.7738488359604995,1
0.16216943221001692,0.0,2.0,1.0,60.0,4.0,3.7781214651424175,13.45367953891751,10.802454387810773,2128.959159143728,2.0,6.0,0.0030371926526872187,0
0.22504297510481708,3.0,0.0,0.0,57.0,2.0,3.970802340928552,28.288368852020383,45.83170809203443,292.3503232709219,0.0,3.0,0.014162620402983458,0
2.5738957143689487,42.0,27.0,17.0,193.0,175.0,7.136640100210681,65.68662237456185,71.93092414340546,58880.539124295974,10.0,60.0,0.7261803351980909,1
4.7301095491434335,31.0,28.0,22.0,214.0,201.0,8.0,80.86720388459678,70.29017037783504,30041.882997555524,14.0,50.0,0.7247992545003799,1
0.23528471465332904,2.0,1.0,0.0,41.0,12.0,5.507442521239345,20.41245685592709,25.599453814287248,349.9487921374581,0.0,7.0,0.01967772238868737,0
12.29197099964544,23.0,30.0,19.0,208.0,188.0,7.286755107753025,71.34872190119772,73.40019033917109,15210.726678467101,11.0,56.0,0.6467724041321371,1
0.0450703586182016,2.0,1.0,3.0,52.0,7.0,6.659414371309312,25.40282164025887,18.401543061104498,53.83293581669557,0.0,3.0,0.04837639519661906,0
9.257586158447815,32.0,30.0,12.0,220.0,199.0,6.8423126104811445,73.75568983124009,90.68953469640513,38710.910474297656,13.0,43.0,0.6958812201649496,1
0.037947298779351366,5.0,1.0,0.0,53.0,4.0,3.469732042818139,14.206918589018361,47.656399443027176,790.0181221618609,0.0,3.0,0.052689867726440846,0
0.03244589929958238,2.0,0.0,0.0,42.0,4.0,3.4305648246484326,22.303041697563664,49.22143211527843,1197.1867142923697,0.0,6.0,0.008775453469803692,0
6.976776241330972,26.0,25.0,17.0,214.0,180.0,7.577471512125472,91.12054322562709,70.08177257918098,14861.135728288702,16.0,52.0,0.676038311979183,1
0.14493323979836054,2.0,2.0,0.0,72.0,2.0,3.098826994161094,33.394341665909494,10.792336518361218,500.3379729996281,0.0,2.0,0.012434253563207275,0
0.07483455883595279,0.0,1.0,1.0,48.0,5.0,5.505413300231488,17.44698965973773,32.05859283637111,1129.8556615058171,0.0,5.0,0.08815250942608083,0
9.99986131162688,31.0,33.0,12.0,205.0,178.0,6.796828205625165,67.79039827527409,80.36682446600503,110215.27299111027,9.0,46.0,0.7875886799542201,1
0.3022707413402182,27.0,22.0,18.0,201.0,186.0,7.5974252016392105,84.81854472577247,68.4075390904067,158205.16631956564,15.0,50.0,0.8902179083460701,1
13.814952758800935,29.0,24.0,15.0,194.0,171.0,7.049726198533271,84.64117691886247,75.22876014840757,10122.8800867964,20.0,46.0,0.854963607660166,1
0.0022774855594247067,2.0,2.0,0.0,56.0,10.0,4.472460802072687,14.635965089769812,42.890070056461525,1178.803863927315,0.0,0.0,0.024357577055273937,0
25.420610769525556,24.0,29.0,22.0,187.0,186.0,6.885218702558432,87.36629320152372,73.97619342705526,128808.63501188143,20.0,49.0,0.753891288649392,1
0.5165423890623009,1.0,1.0,0.0,54.0,11.0,4.311345430491846,1.5787818452427267,34.48435598730576,2089.222416621928,0.0,3.0,0.0039807363827815655,0
10.320059712176883,18.0,23.0,17.0,198.0,193.0,7.75240744761595,59.86412196272328,51.289691665988826,46240.749115793435,16.0,47.0,0.7529387988960455,1
0.5941819630009353,1.0,0.0,0.0,48.0,10.0,3.694220545041696,35.05748882446692,25.56872601139505,1953.832236211139,0.0,1.0,0.015481748937734413,0
0.16208199627560138,0.0,0.0,0.0,44.0,4.0,6.218325590146571,27.57363531208882,53.501373096428324,1622.6930183356203,0.0,4.0,0.009261154808366376,0
7.50609862073144,44.0,22.0,28.0,196.0,179.0,7.404832176453487,98.56526539272522,63.910483221172576,51203.30687610779,10.0,47.0,0.8974682314188249,1
14.19103691565486,22.0,21.0,25.0,200.0,167.0,7.246487083668975,77.91882070179902,51.28335936091573,153295.3719297175,8.0,36.0,0.9463940047828994,1
4.4799813928990435,27.0,25.0,27.0,204.0,194.0,7.185202928210411,44.78277461630457,75.88482639413935,40982.704651313354,15.0,59.0,0.7884656955596204,1
27.401654333377344,31.0,30.0,25.0,212.0,196.0,8.0,98.46823585813426,55.006575430282,107089.2231453467,18.0,62.0,0.8637037214215749,1
3.9232702735891514,24.0,27.0,15.0,195.0,165.0,8.0,72.42394697250707,81.75784933418527,125861.25066039636,17.0,39.0,0.9338016718612104,1
0.23590068850328488,4.0,1.0,0.0,60.0,7.0,3.7193623775627405,33.78766446540206,43.74319594216561,97.06732205929131,0.0,3.0,0.021310094199786137,0
0.1320042387969337,2.0,1.0,0.0,42.0,8.0,5.126545268680147,43.97103598867367,26.03026602530101,480.9722779637994,0.0,2.0,0.10269240658635376,0
1.0344247023602402,1.0,0.0,1.0,56.0,6.0,5.838065926979027,22.56451733836418,39.090408483234185,794.1345958575099,0.0,8.0,0.0024064384739937274,0
0.10094074722616761,3.0,2.0,2.0,49.0,5.0,4.733020161835592,18.435033034118824,18.460787363181662,397.95345748866157,0.0,4.0,0.017309271335951417,0
16.532230545308533,37.0,21.0,19.0,189.0,182.0,6.8503833565722365,75.32388378854698,56.54918498091251,85685.14301484714,12.0,33.0,0.840992989341464,1
1.4671964886144164,3.0,1.0,3.0,54.0,6.0,5.3711815285904905,22.033598359530103,47.773914440730785,2800.932682532763,0.0,6.0,0.12330604149397287,0
11.550903724616541,23.0,24.0,13.0,190.0,178.0,7.337498259240102,44.44126683017856,85.06574539765046,3338.7929637501097,13.0,42.0,0.8769858302090447,1
0.14533770018159775,39.0,17.0,18.0,196.0,168.0,7.464554208816316,80.4893859894743,65.18601236791751,22417.819773674863,20.0,50.0,0.9089543757370477,1
0.05826773100701018,1.0,0.0,0.0,47.0,4.0,5.845605684250839,26.59629587313767,36.220574708812826,278.0202149364067,0.0,7.0,0.012675600687058069,0
0.3855766739991205,1.0,1.0,0.0,50.0,8.0,5.8289883850815425,16.483755499364314,53.07514190468546,813.6642920330207,0.0,5.0,0.15520101599008593,0
0.48371271573322777,4.0,0.0,0.0,50.0,4.0,3.9801931718482355,27.847563316218803,37.79811603329672,40.06875854690951,0.0,1.0,0.008783506621410305,0
0.4482007780795117,2.0,1.0,2.0,37.0,5.0,6.017303978255719,19.080445336625083,65.33912331659056,2281.809866737397,0.0,0.0,0.01690694891982522,0
10.912924962110578,31.0,30.0,21.0,192.0,158.0,6.888509882498474,100.0,71.90090069659676,5751.62655651238,13.0,48.0,0.649249905779923,1
0.8745258702317281,25.0,18.0,17.0,225.0,179.0,7.599992287130464,79.1626768156459,62.4662090809477,6442.22690697879,21.0,46.0,0.7512034060245113,1
